outlet_name,postal_code,outlet_type,planning_area,region,neighborhood_type,pa_population,n_outlets_at_postal,shared_postal,latitude,longitude,res_area_500m,com_area_500m,mixed_area_500m,inst_area_500m,open_area_500m,hdb_blocks_500m,rc_ratio_500m,res_area_1000m,com_area_1000m,mixed_area_1000m,inst_area_1000m,open_area_1000m,hdb_blocks_1000m,rc_ratio_1000m,res_area_1500m,com_area_1500m,mixed_area_1500m,inst_area_1500m,open_area_1500m,hdb_blocks_1500m,rc_ratio_1500m,open_hours_daily,g1_wins_hist,g2_wins_hist,combined_wins_hist,first_draw,last_draw,draws_i,hdb_proxy,com_area_proxy,volume_proxy,is_closed,exposure,p_share,expected_wins,win_rate_per_draw,win_share,std_residual,exposure_hdb,expected_wins_hdb,std_residual_hdb
7-Eleven Balestier Rd,329722,,NOVENA,CENTRAL REGION,residential,49330,1,0,1.32242229055037,103.852590390225,399478,38363,52647,59828,8390,30,0.8681,1396775,72655,74812,497830,222896,166,0.9287,3240378,544987,165642,645755,359883,374,0.8411,0.0,1,1,2,3709,3739,474,166.0,72655.0,204.8816911327306,1,97113.9215969143,0.0003766614742097419,6.94714423032448,0.004219409282700422,0.00010843634786380394,-1.8769444281352865,78684.0,11.14752737579745,-2.7397721334493896
7-Eleven Big Mac Centre,569922,Authorised Retailer,ANG MO KIO,NORTH-EAST REGION,residential,162280,2,1,1.36929729654979,103.84715944541,366103,19300,108154,8873,17265,91,0.8513,1592959,19300,228174,155461,559198,270,0.9275,3299366,204060,380365,979822,924221,527,0.8985,0.0,4,22,26,2142,3210,2041,270.0,19300.0,280.32849272399284,1,572150.4536496694,0.002219115753928164,40.92937096545106,0.012738853503184714,0.0014096725222294514,-2.333586880345797,551070.0,78.07264387906947,-5.893322196682145
7-Eleven Erskine Rd,069320,,OUTRAM,CENTRAL REGION,commercial,18340,1,0,1.2812137246811,103.845162755022,41713,362753,53639,22335,30953,16,0.1496,308434,820351,123894,240728,253382,64,0.2957,776962,1119416,187907,563696,704316,115,0.4178,0.0,2,27,29,1942,3638,2241,64.0,820351.0,503.0149914311014,1,1127256.5957970982,0.004372124245460202,80.63945958326798,0.012940651494868362,0.0015723270440251573,-5.750530143861048,143424.0,20.319543571073837,1.925686506785721
7-Eleven Jalan Leban,577549,,ANG MO KIO,NORTH-EAST REGION,residential,162280,1,0,1.37137207632985,103.829054256663,296089,2525,0,0,14201,1,0.9915,1115162,2525,0,125282,114051,43,0.9977,3025814,122454,71739,274175,1944379,155,0.9508,11.14,12,32,44,1292,3633,2891,43.0,2525.0,44.35126653513378,1,128219.51155307176,0.0004973061477682885,9.172314589438313,0.015219647180906262,0.0023855996530036867,11.499663759266015,124313.0,17.611999525538973,6.287849679214873
7-Eleven Kim Tian,169247,,SINGAPORE RIVER,CENTRAL REGION,residential,3260,1,0,1.28508532787771,103.829289490938,528434,24632,5392,43796,9688,152,0.9511,1402044,270426,83502,334768,82652,270,0.8222,3178854,469163,184788,710541,340797,399,0.8535,0.0,4,11,15,1950,3307,2233,270.0,270426.0,414.7198431802326,1,926069.4098214594,0.0035918091184877023,66.24732738138718,0.006717420510523959,0.0008132726089785296,-6.29632359481161,602910.0,85.4170572180118,-7.619133252240754
7-Eleven Store Bedok North Street 2,460123,Authorised Retailer (7-Eleven),BEDOK,EAST REGION,residential,276990,1,0,1.32919868667839,103.937343347878,405134,0,37141,17592,48254,74,0.958,1727898,32867,215160,234775,153490,281,0.9289,3634751,551337,326969,384182,373698,415,0.8416,11.0,8,40,48,2127,4109,2056,281.0,32867.0,298.58894146940276,1,613898.863661092,0.0023810391671961837,43.915886399766414,0.023346303501945526,0.002602472348731295,0.6162926482318737,577736.0,81.85053982999995,-3.741578186294964
7-Eleven Store Bedok Road,469539,,TAMPINES,EAST REGION,residential,259900,1,0,1.33144709315919,103.947134707266,384438,71984,16892,15969,29596,0,0.8301,1191653,391989,54033,218126,64385,59,0.7441,3209128,1023551,88875,492935,206688,238,0.7529,0.0,0,3,3,3935,4046,248,59.0,391989.0,268.77489815467527,1,66656.17474235946,0.00025852949433809115,4.7683179935717535,0.012096774193548387,0.00016265452179570593,-0.8097999786481215,14632.0,2.0729833328588825,0.6438573197682275
7-Eleven Store Bukit Batok West Avenue 6,650132,Authorised Retailer (7-Eleven),BUKIT BATOK,WEST REGION,residential,158030,1,0,1.3506524380389,103.745625196086,506401,13499,34996,93952,43617,103,0.9441,1485675,127004,49693,277734,363838,283,0.9087,3295109,364661,226468,552185,1001826,641,0.877,11.0,5,31,36,1941,4119,2242,283.0,127004.0,350.96683367450714,1,786867.641098245,0.0030519077062317332,56.28938573373809,0.016057091882247992,0.001951854261548471,-2.704304832124387,634486.0,89.89057565146945,-5.6840218912054805
7-Eleven Store Changi Road,419701,Authorised Retailer (7-Eleven),GEYLANG,CENTRAL REGION,residential,110110,1,0,1.31621766760551,103.898830016087,311569,110063,64768,18313,18044,41,0.7071,1452940,297562,71252,189416,59128,80,0.8171,3330850,823074,103764,443744,127038,190,0.7945,11.0,10,35,45,1651,4144,2532,80.0,297562.0,239.24181098117927,0,605760.2654043459,0.002349473183998526,43.333683405668815,0.017772511848341232,0.002439817826935589,0.25313063949803655,202560.0,28.69761508364511,3.0431841968154276
7-Eleven Store Choa Chu Kang Drive,682689,Authorised Retailer (7-Eleven),CHOA CHU KANG,WEST REGION,mixed,192070,1,0,1.40313482841143,103.749793059631,409705,158589,0,13601,83444,83,0.7209,753180,905366,8500,61724,148579,159,0.4544,1058913,2294312,8500,138173,272693,227,0.3163,11.0,12,45,57,2144,4160,2039,159.0,905366.0,643.5111991476947,0,1312119.3350621494,0.005089124143652325,93.86380570552348,0.027954879843060325,0.0030904359141184124,-3.804968704346071,324201.0,45.9310599710349,1.6332505025571167
7-Eleven Store Circular Road,049413,Authorised Retailer (7-Eleven),DOWNTOWN CORE,CENTRAL REGION,commercial,3190,1,0,1.28606946719614,103.84924456163,0,273881,20798,44671,73360,8,0.0353,60260,799065,104097,229846,548933,23,0.1166,475828,1486299,230506,473724,851510,65,0.2696,11.0,7,21,28,2197,4152,1986,23.0,799065.0,450.6236807511578,0,894938.6299717993,0.0034710667445967433,64.02035503734233,0.014098690835850957,0.0015181088700932553,-4.5018285390184305,45678.0,6.47141420710279,8.462835575843462
7-Eleven Store Clementi Street 11,120109,Authorised Retailer (7-Eleven),CLEMENTI,WEST REGION,residential,91990,1,0,1.32189101845703,103.770595266094,328299,0,23693,6506,11294,36,0.9663,2232353,60598,59278,32210,125073,120,0.9616,3773620,141122,116816,612783,256981,197,0.9505,11.0,2,18,20,2004,3932,2179,120.0,60598.0,152.42932653308387,1,332143.50251558976,0.0012882361174330775,23.76022694993568,0.009178522257916476,0.0010843634786380394,-0.7714162186293435,261480.0,37.045084873970794,-2.800488999181933
7-Eleven Store Esplanade MRT Station,189562,Authorised Retailer (7-Eleven),DOWNTOWN CORE,CENTRAL REGION,commercial,3190,1,0,1.2936577245386,103.855081226245,9875,402233,20832,62970,149784,3,0.0469,27497,835947,92578,332822,447194,13,0.0772,421281,1435152,237575,464160,846259,54,0.2579,0.0,0,11,11,3821,4160,362,13.0,835947.0,460.36126980018906,0,166650.77966766845,0.0006463638509869564,11.921534867603425,0.03038674033149171,0.0005963999132509217,-0.2668982248956549,4706.0,0.6667208559618576,12.65511631789426
7-Eleven Store Eunos Crescent,401001,Authorised Retailer (7-Eleven),GEYLANG,CENTRAL REGION,residential,110110,1,0,1.32129030482793,103.902727807563,424557,10132,0,68275,16519,51,0.9767,1557122,298903,65336,152382,53556,139,0.8274,3344984,1159884,77753,301653,136096,231,0.7384,11.0,26,72,98,1194,4167,2989,139.0,298903.0,298.95945392122456,0,893589.8077705402,0.0034658352664479995,63.92386565436691,0.03278688524590164,0.0053133810453263935,4.262052614666253,415471.0,58.861704366198246,5.101354365357957
7-Eleven Store Foch Road,209264,Authorised Retailer (7-Eleven),KALLANG,CENTRAL REGION,mixed,101290,1,0,1.31270184017357,103.859968759019,243150,209984,9383,50104,38968,24,0.5359,952862,749544,70464,169631,153040,143,0.5573,2448542,1170599,183381,440660,383497,323,0.668,11.0,6,24,30,2143,4169,2040,143.0,749544.0,544.1222668555697,0,1110009.4243853623,0.004305230180190584,79.40566544343513,0.014705882352941176,0.0016265452179570592,-5.544354724065783,291720.0,41.32932598835383,-1.7622799978296102
7-Eleven Store McCallum Street,069044,Authorised Retailer (7-Eleven),OUTRAM,CENTRAL REGION,commercial,18340,1,0,1.27968475871905,103.847576349309,39471,334232,6062,29232,24673,1,0.1119,166466,786697,100288,133838,294998,42,0.2056,471553,999072,135644,556880,549922,80,0.3358,10.86,12,51,63,2465,4160,1718,42.0,786697.0,463.0048829267876,0,795442.3888682211,0.003085165318352697,56.90278913169714,0.03667054714784633,0.0034157449577098243,0.8082848486572349,72156.0,10.222675325708416,16.506883562372014
7-Eleven Store Owen Road,210045,Authorised Retailer (7-Eleven),ROCHOR,CENTRAL REGION,residential,13120,1,0,1.31559567579803,103.850825476141,395740,5264,0,58042,12316,30,0.9869,1334648,258096,34814,368795,112256,79,0.8307,2844715,676804,162642,737136,270785,250,0.7942,11.0,12,36,48,2127,4162,2056,79.0,258096.0,217.12138124827243,0,446401.55984644813,0.0017313920275940544,31.93379455694474,0.023346303501945526,0.002602472348731295,2.843073272666315,162424.0,23.011361731565827,5.209204782301411
7-Eleven Store Plaza Singapura,238839,Authorised Retailer (7-Eleven),MUSEUM,CENTRAL REGION,mixed,510,1,0,1.30082071769235,103.845067272666,138909,111896,39662,451630,20454,0,0.5465,675406,413598,157306,668735,333755,19,0.605,1731049,1180904,275701,959910,543155,53,0.5863,11.0,10,38,48,2164,4167,2019,19.0,413598.0,240.3390639201033,0,485244.5700546886,0.0018820466942700298,34.71246922911643,0.0237741456166419,0.002602472348731295,2.2552855087309154,38361.0,5.434780866033324,18.258447820148884
7-Eleven Store Sin Ming,574369,Authorised Retailer (7-Eleven),BISHAN,CENTRAL REGION,residential,87320,1,0,1.35327556197146,103.834836368264,366654,70503,11473,32956,13718,11,0.8301,1096694,415418,11473,234993,47978,49,0.7236,2992336,424655,48726,612731,354671,133,0.8704,11.0,12,25,37,1416,4095,2767,49.0,415418.0,271.31304613552646,1,750723.1986570017,0.002911719577171147,53.703755881344634,0.013371882905674015,0.002006072435480373,-2.2793541304407103,135583.0,19.208672718630798,4.059379650954144
7-Eleven Store Sixth Avenue,276472,Authorised Retailer (7-Eleven),BUKIT TIMAH,CENTRAL REGION,mixed,77860,1,0,1.33109923987903,103.795114609687,364700,4602,2102,0,11293,0,0.9848,1975723,4602,5519,84832,46296,0,0.9963,4012551,17689,5519,534916,322622,0,0.9949,11.0,19,29,48,1283,4148,2900,0.0,4602.0,2.462783601855704,0,7142.072445381541,2.770090520446725e-05,0.510915495591194,0.016551724137931035,0.002602472348731295,66.43841453054344,0.0,0.0,
7-Eleven Store Tai Thong Crescent,347857,,TOA PAYOH,CENTRAL REGION,residential,121850,1,0,1.32908239719806,103.869753021979,250108,102215,39249,115523,4219,4,0.6888,1217231,467552,45071,340279,86627,139,0.7167,2907445,927013,75999,859638,274862,343,0.7532,0.0,0,6,6,3422,4046,761,139.0,467552.0,389.21282021182924,1,296190.956181202,0.0011487922675583668,21.188324582846516,0.00788436268068331,0.00032530904359141186,-3.299602021894343,105779.0,14.986201747299052,-2.3212952204419612
7-Eleven Store Upper Thomson Road,787113,Authorised Retailer (7-Eleven),YISHUN,NORTH REGION,mixed,221610,1,0,1.3989655869656,103.818134405398,286548,0,26092,0,164900,0,0.9583,1206048,0,26092,7532,469240,0,0.9894,2268566,0,26092,7532,473826,0,0.9943,11.0,10,36,46,1364,3837,2819,0.0,0.0,0.0,1,0.0,0.0,0.0,0.016317843206810925,0.002494036000867491,,0.0,0.0,
7-Eleven Store Yishun Ring Road,760103,Authorised Retailer (7-Eleven),YISHUN,NORTH REGION,residential,221610,1,0,1.43136934951878,103.828892847163,523226,2044,50385,61710,20701,83,0.9527,1281057,39548,91239,238871,132145,185,0.9397,2185151,320033,201084,404206,240643,376,0.8446,12.0,41,117,158,1245,4156,2938,185.0,39548.0,206.1643124481072,0,605710.749972539,0.002349281135780991,43.3301412683446,0.053778080326752895,0.008566471481240512,17.420243649173475,543530.0,77.00441709327421,9.230038582652591
A.P. Mini Mart - Bedok Reservoir Road,470121,Authorised Retailer,GEYLANG,CENTRAL REGION,residential,110110,1,0,1.33130517787872,103.909992224709,460413,6875,2497,51839,30887,89,0.9827,1440535,612754,38230,232941,94216,180,0.6979,2753415,1263769,74552,372185,155787,297,0.682,11.0,2,19,21,3349,4179,834,180.0,612754.0,507.9184057304411,0,423603.9503791879,0.0016429702951668774,30.302944124057888,0.025179856115107913,0.0011385816525699415,-1.6899661273353714,150120.0,21.268196960687224,-0.058155194847694804
A.P. Mini Mart - Lorong 8 Toa Payoh,310234,Authorised Retailer,TOA PAYOH,CENTRAL REGION,residential,121850,1,0,1.33860148626926,103.857914069837,291744,120546,0,71913,17775,59,0.7076,1265562,224068,19938,273962,110718,230,0.845,3315183,372856,101922,659689,321170,509,0.8882,11.0,10,19,29,1494,4120,2689,230.0,224068.0,349.9111247502399,1,940911.014453395,0.0036493730659462984,67.30903682831352,0.010784678319077723,0.0015723270440251573,-4.669437266116972,618470.0,87.62151461681472,-6.262556501813047
ACE Signature Geylang Road,389409,Authorised Retailer,GEYLANG,CENTRAL REGION,residential,110110,1,0,1.31318416956181,103.883694389395,378660,131081,3412,54095,14008,22,0.7412,1420605,402161,9329,223349,170529,125,0.7779,2893819,1019589,29514,422499,659619,247,0.7377,11.0,0,2,2,4058,4088,125,125.0,402161.0,340.2184954597766,1,42527.311932472076,0.00016494442550831403,3.042234984075344,0.016,0.00010843634786380394,-0.5975431451914243,15625.0,2.2136662504045956,-0.1436084043681264
Afro Asia Co Pte Ltd,760604,Authorised Retailer,YISHUN,NORTH REGION,residential,221610,1,0,1.42171348124463,103.83554529409,414860,0,0,89191,91218,99,1.0,1173284,14894,135753,295527,417799,300,0.9375,3539852,21855,246267,483660,541827,572,0.9619,11.0,8,31,39,2144,4162,2039,300.0,14894.0,307.9705995145673,0,627952.0524102028,0.0024355452020112375,44.921195705895265,0.019127023050514957,0.002114508783344177,-0.8834536342803845,611700.0,86.66237730383943,-5.119887297861467
B.H. Mini Mart,350137,Authorised Retailer,TOA PAYOH,CENTRAL REGION,residential,121850,1,0,1.33385759374197,103.865845367722,314782,0,36968,145049,6555,44,0.9475,1402449,155428,64874,280586,53913,152,0.8842,3107841,522994,70513,633136,294830,402,0.8492,11.0,6,18,24,1610,4062,2573,152.0,155428.0,235.17808119713783,1,605113.2029202356,0.0023469635179778044,43.28739512558263,0.009327633113097552,0.0013012361743656475,-2.9315199323064802,391096.0,55.408385015567085,-4.219469578258031
Balestier Khalsa Football Club,310070,Authorised Retailer,TOA PAYOH,CENTRAL REGION,residential,121850,2,1,1.33444874946936,103.852333287558,415070,82015,45015,52340,86166,88,0.8072,1587824,282645,50722,200471,230096,323,0.8397,3276366,469329,165152,749404,354341,533,0.8589,11.0,4,17,21,2334,4179,1849,323.0,282645.0,474.2589029001533,0,876904.7114623835,0.003401121239154908,62.73028013497313,0.011357490535424553,0.0011385816525699415,-5.268811807732906,597227.0,84.61192023874466,-6.915486375871111
Bedok Betting Centre - Lottery Lobby (Public),460215,Betting Centre,BEDOK,EAST REGION,residential,276990,2,1,1.32607594879214,103.933497473796,457952,32867,118031,19897,79481,82,0.8491,1691020,289446,265515,233145,157307,271,0.812,4016634,475015,344552,452709,355501,432,0.8662,8.0,1,6,7,2164,4109,2019,271.0,289446.0,425.89849248646806,1,859889.056330179,0.0033351251220035197,61.513047750232914,0.003467062902426944,0.0003795272175233138,-6.950512694519864,547149.0,77.51713761552794,-8.009323061245402
Bukit Merah Betting Centre,150169,Betting Centre,BUKIT MERAH,CENTRAL REGION,residential,151250,3,1,1.28331722010432,103.818863104657,158103,156103,63674,96689,47896,47,0.5026,1201379,277342,89893,294866,210580,205,0.7945,2890938,621731,134472,574611,1434161,469,0.8111,0.0,2,7,9,2264,4100,1919,205.0,277342.0,353.42097559884064,1,678214.8521741752,0.002630492125641685,48.516796765335236,0.004689942678478374,0.00048796356538711777,-5.673299010259556,393395.0,55.73409501298661,-6.259985977089353
Bukit Merah Betting Centre - Lottery Lobby (Public),150169,Betting Centre,BUKIT MERAH,CENTRAL REGION,residential,151250,3,1,1.28333217787948,103.819138070812,158103,145078,63674,75672,47896,52,0.5178,1190613,261447,89893,294866,210794,208,0.8013,2887610,598785,136460,572922,1434161,472,0.8159,8.0,2,6,8,2264,4100,1919,208.0,261447.0,347.9146858657906,1,667648.2821764522,0.002589509125807712,47.760906316397445,0.004168837936425221,0.00043374539145521576,-5.75333941190737,399152.0,56.549715915615685,-6.456118293716088
Cheers Bedok North Street 3,460539,,BEDOK,EAST REGION,residential,276990,1,0,1.33131386579703,103.925307290709,678200,0,44562,14728,138776,71,0.9692,1473797,209603,285867,175088,223017,244,0.821,3144790,616111,361239,356062,824701,381,0.8067,0.0,6,39,45,2201,4087,1982,244.0,209603.0,356.1701067578794,1,705929.1515941169,0.002737983499736675,50.49936766914323,0.022704339051463168,0.002439817826935589,-0.7738731629197442,483608.0,68.5149893136426,-2.8408741077460324
Cheers Changi Village Road,500004,Authorised Retailer,CHANGI,EAST REGION,residential,1850,2,1,1.38909635615366,103.98746284567,48051,7044,48160,28350,151097,7,0.6986,119287,7044,48160,28350,813694,7,0.8216,119287,73374,48160,28350,836124,7,0.5953,0.0,18,78,96,1889,4066,2294,7.0,7044.0,10.76963226672568,1,24705.53641986871,9.58217278844385e-05,1.7673359491005838,0.041848299912816043,0.00520494469746259,70.88297118760867,16058.0,2.2750113695358074,62.1389071133739
Cheers Haig Road,430012,,GEYLANG,CENTRAL REGION,residential,110110,1,0,1.31561468089698,103.896129520656,279188,178622,64768,19455,18676,34,0.5962,1237435,384434,70685,175622,54088,66,0.752,3564301,812580,85515,469216,118836,230,0.8083,0.0,8,25,33,1996,4007,2187,66.0,384434.0,271.7318016505423,1,594277.450209736,0.002304936478774821,42.5122484145228,0.015089163237311385,0.0017891997397527651,-1.458902088652216,144342.0,20.449600890617607,2.775333121126639
Cheers Harbourfront Centre,099253,Authorised Retailer,BUKIT MERAH,CENTRAL REGION,mixed,151250,1,0,1.26401293230767,103.82005101011,58761,173210,1338,0,3542,0,0.2547,304352,218765,14323,20159,800511,9,0.5796,1119893,422419,14323,152323,1323774,66,0.724,11.0,18,61,79,1946,4175,2237,9.0,218765.0,126.07319744892722,0,282025.7426932502,0.0010938517388768725,20.175001471845036,0.03531515422440769,0.004283235740620256,13.096496687907269,20133.0,2.8523355276413263,45.08751314356028
Cheers Hougang Avenue 3,530023,Authorised Retailer,HOUGANG,NORTH-EAST REGION,residential,227560,1,0,1.36486665431312,103.890727968932,548022,0,5246,99658,14700,46,0.9953,1728843,324786,151972,201626,110785,192,0.8183,3244153,1302081,159561,383479,440269,415,0.7063,11.0,4,22,26,2256,4144,1927,192.0,324786.0,365.8108724277068,0,704917.551168191,0.002734059954054708,50.42700179258504,0.013492475350285417,0.0014096725222294514,-3.4398427583015247,369984.0,52.4173500153404,-3.6488139515232496
Cheers Hougang Central,530810,Authorised Retailer,HOUGANG,NORTH-EAST REGION,residential,227560,1,0,1.37158744105995,103.893369990045,523626,24019,45723,31369,18176,89,0.921,1677026,24019,45723,184360,309812,302,0.9732,3348496,1134538,129158,683632,431124,531,0.74,11.0,13,66,79,1668,4181,2515,302.0,24019.0,314.8538894682686,0,791857.5320126956,0.003071261261696045,56.646342710721854,0.03141153081510934,0.004283235740620256,2.9700424088157673,759530.0,107.60613933886734,-2.7576600313730895
Cheers Maude Rd,208358,,KALLANG,CENTRAL REGION,mixed,101290,1,0,1.30830240671003,103.857735757768,223188,185239,20642,57847,58284,38,0.5442,778149,786788,153316,197640,153507,120,0.4975,1638766,1342474,211905,458526,389106,209,0.5464,0.0,0,4,4,2883,3137,1300,120.0,786788.0,541.0535820375587,1,703369.6566488263,0.0027280563634057274,50.31627156665524,0.003076923076923077,0.00021687269572760788,-6.529491569157269,156000.0,22.10124384403948,-3.850348685411237
Cheers New Upper Changi Road,461059,,BEDOK,EAST REGION,residential,276990,1,0,1.32405898618809,103.940695612461,477330,0,30407,40567,44796,57,0.9701,2000768,4136,184934,182457,153817,206,0.9559,3806577,483761,338957,418995,290059,314,0.8589,0.0,9,42,51,2259,3956,1924,206.0,4136.0,208.2134013423023,1,400602.5841825896,0.0015537582815030803,28.657517744042813,0.02650727650727651,0.0027651268705270004,4.173612617947538,396344.0,56.151893526422974,-0.6875189545985765
Cheers Northshore Plaza II,820418,Authorised Retailer,PUNGGOL,NORTH-EAST REGION,residential,174450,1,0,1.41796176594116,103.901323351032,214554,10654,0,21574,41054,51,0.9527,465414,53497,0,427363,162704,94,0.8969,870033,617047,73668,612727,402780,172,0.581,11.0,0,6,6,3755,4035,428,94.0,53497.0,122.62919042774328,1,52485.29350307413,0.00020356698298369446,3.754589434151261,0.014018691588785047,0.00032530904359141186,1.1588161390365594,40232.0,5.699854117521772,0.12571888473189494
Cheers Woodlands Centre,731005,,WOODLANDS,NORTH REGION,residential,255130,1,0,1.4416756560120672,103.77002767602397,208240,91347,0,210752,59480,19,0.6951,811224,216434,28001,318649,108816,107,0.7817,1094657,874111,69198,359999,510697,207,0.5541,0.0,12,30,42,1678,3287,2505,107.0,216434.0,222.8257509960968,1,558178.5062452224,0.002164924817959338,39.929873342442036,0.016766467065868262,0.002277163305139883,0.32760306146730367,268035.0,37.97376213934053,0.6533676318967088
Cheng Chew Wah Agency - Bedok South Road,460017,Authorised Retailer,BEDOK,EAST REGION,residential,276990,2,1,1.32014883000628,103.935563486677,346249,56079,24258,84635,46011,48,0.8401,1555382,387331,172696,128709,130147,146,0.7761,3792745,426008,299990,392609,462586,307,0.8725,11.0,4,22,26,3460,4160,723,146.0,387331.0,353.2821458692681,0,255422.99146348084,0.0009906715631464514,18.27194631067315,0.035961272475795295,0.0014096725222294514,1.8079138232412073,105558.0,14.954891651853329,2.856132460044838
Cheng Chew Wah Agency - Marine Terrace,440058,Authorised Retailer,MARINE PARADE,CENTRAL REGION,residential,46220,1,0,1.30611781253448,103.914026029355,440625,6545,0,131218,2047,49,0.9854,1457536,73145,5165,227381,376984,77,0.9507,2924406,172737,35703,405402,688756,78,0.9392,11.0,18,42,60,1223,4162,2960,77.0,73145.0,116.14391711380605,0,343785.9946568659,0.0013333921381281344,24.59308459563531,0.02027027027027027,0.0032530904359141183,7.139726760325182,227920.0,32.290483954701784,4.8763140045754065
Cheng Tai Boon Beng,238841,Authorised Retailer,NEWTON,CENTRAL REGION,mixed,8260,1,0,1.30125729409965,103.841150144584,155039,164928,36066,412804,24117,0,0.4861,1070374,387588,91857,586135,279349,0,0.7203,2000506,986971,269606,916750,471335,27,0.6556,11.0,10,37,47,1224,4167,2959,0.0,387588.0,207.41968072056684,0,613754.8352521573,0.0023804805454049373,43.90558317944866,0.015883744508279823,0.0025482541747993926,0.46700221248252405,0.0,0.0,
China Square Betting Centre - Level 2,048441,,DOWNTOWN CORE,CENTRAL REGION,commercial,3190,2,1,1.28286636225753,103.849289233227,17995,328196,20798,15001,55716,8,0.0774,72696,795207,103600,144542,341082,24,0.1281,407991,1135336,185929,464953,808585,73,0.2897,0.0,0,1,1,3782,3782,401,24.0,795207.0,449.559052516486,1,180273.1800591109,0.0006991990504037114,12.896027285646054,0.0024937655860349127,5.421817393190197e-05,-3.312638004052949,9624.0,1.3634767356092048,-0.31128110029107897
China Square Betting Centre - Lottery Lobby (Public),048441,,DOWNTOWN CORE,CENTRAL REGION,commercial,3190,2,1,1.28286636225753,103.849289233227,17995,328196,20798,15001,55716,8,0.0774,72696,795207,103600,144542,341082,24,0.1281,407991,1135336,185929,464953,808585,73,0.2897,0.0,1,6,7,2615,3959,1568,24.0,795207.0,449.559052516486,1,704908.59434585,0.002734025214546183,50.4263610570898,0.004464285714285714,0.0003795272175233138,-6.115396555996652,37632.0,5.331500053454446,0.7226058748986959
Chng Siow Eng Agency,510625,Authorised Retailer,PASIR RIS,EAST REGION,residential,147110,1,0,1.37860239032585,103.941978177673,342639,0,19965,78575,15959,178,0.9725,1426811,110922,32965,183915,728036,326,0.9189,2067335,979277,56801,233057,947821,427,0.6753,11.0,18,46,64,1195,4152,2988,326.0,110922.0,385.36046994459764,0,1151457.0841944579,0.004465987117914062,82.37066640280695,0.0214190093708166,0.003469963131641726,-2.024131022203592,974088.0,138.00356675354314,-6.299520541535
Choice Decor Bedok North,460416,,BEDOK,EAST REGION,residential,276990,1,0,1.32840382815915,103.930684870347,446550,16679,173709,23453,45564,84,0.8375,1587110,220747,289887,163309,262673,273,0.8257,3490995,577820,377673,464039,362690,460,0.8276,0.0,2,26,28,2323,3556,1860,273.0,220747.0,391.1338747846243,1,727509.0070994012,0.0028216821091038395,52.043104820311214,0.015053763440860216,0.0015181088700932553,-3.3327976838229576,507780.0,71.93954871234851,-5.180500710159321
Choice Decor Co-Operative Society Ltd,570022,,BISHAN,CENTRAL REGION,residential,87320,1,0,1.3572844410824,103.839396679952,266111,223158,0,65097,24678,32,0.5439,1475642,367086,48726,306913,243444,145,0.793,2790505,531719,97203,662198,710969,301,0.8303,0.0,3,39,42,2064,3551,2119,145.0,367086.0,341.44793161034397,1,723528.1670823189,0.0028062422108403244,51.75833133673894,0.019820670127418595,0.002277163305139883,-1.3563926474384675,307255.0,43.5302415211561,-0.23193401356627136
Chong Hoe Tong,310021,Authorised Retailer,TOA PAYOH,CENTRAL REGION,residential,121850,1,0,1.33544818177957,103.857495922448,525944,84177,0,44226,7235,92,0.862,1313124,229239,45015,237987,153041,270,0.8414,3407966,398658,146033,606008,345528,521,0.8807,11.0,13,39,52,1331,4179,2852,270.0,229239.0,392.6784115831812,0,1119918.8298352328,0.004343664332616047,80.11454495077038,0.0182328190743338,0.0028193450444589027,-3.1410537886001895,770040.0,109.0951398055395,-5.466337461601882
Chop Yeo Thong Heng,370076,Authorised Retailer,GEYLANG,CENTRAL REGION,mixed,110110,1,0,1.32551693484516,103.889903603926,289393,204874,0,40342,7399,72,0.5855,1058483,946133,0,174301,43307,148,0.528,2073547,2281211,70183,412170,96193,268,0.4765,11.0,11,23,34,1419,4151,2764,148.0,946133.0,654.3278656181101,0,1808562.2205684562,0.0070146040958663555,129.37735794415906,0.012301013024602027,0.0018434179136846672,-8.38525257798101,409072.0,57.95512834467255,-3.146679900391573
Chop Yeo Thong Heng (International Plaza),079903,,OUTRAM,CENTRAL REGION,commercial,18340,1,0,1.27573568143134,103.845703218601,65155,244818,32963,23521,27129,12,0.2381,221395,549329,86602,90092,173557,49,0.3087,558703,886036,122403,422933,344665,75,0.3956,0.0,1,3,4,3396,3541,787,49.0,549329.0,342.97619583307085,1,269922.26612062677,0.0010469077657168774,19.309166830882088,0.005082592121982211,0.00021687269572760788,-3.4839329511648285,38563.0,5.463399143318554,-0.6260821635464047
Chua Hong Kim Trading,550237,Authorised Retailer,SERANGOON,NORTH-EAST REGION,residential,116900,1,0,1.35381198342473,103.87013457465,509911,0,83592,4088,25809,90,0.9296,1889970,19983,105806,235333,124600,139,0.9638,4444602,81356,110969,395175,232334,197,0.9705,11.0,17,57,74,1306,4160,2877,139.0,19983.0,149.69400363230824,0,430669.6484501508,0.001670374978326273,30.808396100249777,0.025721237400069517,0.004012144870960746,7.781526253124081,399903.0,56.65611357027513,2.3042151675598506
Chua Seng Dept Store,469526,,TAMPINES,EAST REGION,residential,259900,1,0,1.33127233921191,103.947268283784,411007,83713,16892,11072,29791,0,0.8199,1205845,386993,54033,218126,64385,59,0.7486,3189635,1023551,88875,489601,211487,233,0.7517,0.0,12,24,36,1216,3158,2967,59.0,386993.0,266.1012634578324,1,789522.4486793886,0.0030622045176549938,56.479300123628704,0.012133468149646108,0.001951854261548471,-2.7250247895917883,175053.0,24.800570760452842,2.248873631229155
Chua Yan Kee,142049,,QUEENSTOWN,CENTRAL REGION,residential,95930,1,0,1.3004269308691,103.797359760167,517325,74762,0,32368,40248,45,0.8737,1358483,464939,36202,180258,262756,155,0.7402,3132040,910044,53321,436405,372946,244,0.7713,10.5,16,24,40,1243,3766,2940,155.0,464939.0,403.81446003111455,1,1187214.5124914767,0.0046046741921752276,84.9286108004799,0.013605442176870748,0.002168726957276079,-4.875239776069915,455700.0,64.56113345979995,-3.056770488141035
Chuan Hao Departmental Store,131019,Authorised Retailer,QUEENSTOWN,CENTRAL REGION,residential,95930,1,0,1.30735380231593,103.78454843987,321348,13350,0,31766,10789,49,0.9601,959406,166029,40861,693285,117730,87,0.8401,2242959,556100,46930,2617405,255508,116,0.7964,11.0,5,23,28,2237,4144,1946,87.0,166029.0,175.85126002444605,0,342206.552007572,0.001327266186390936,24.480097541794425,0.014388489208633094,0.0015181088700932553,0.7114167016367294,169302.0,23.985799905663924,0.8196376766805252
Clifford Gift Shop,560532,Authorised Retailer,ANG MO KIO,NORTH-EAST REGION,residential,162280,1,0,1.37380851539559,103.854594160601,756508,0,38897,160862,11062,70,0.9755,1394848,317150,179697,532123,102974,178,0.7848,2849905,690104,236955,850019,553774,305,0.7859,11.0,22,89,111,1344,4179,2839,178.0,317150.0,347.7244283634369,0,987189.6521237975,0.00382886720646411,70.61962675602405,0.039098274040154986,0.006018217306441119,4.805157419601916,505342.0,71.59414593996539,4.6571688959953415
Clifford Gift Shop - Ang Mo Kio Avenue 10,560555,Authorised Retailer,SERANGOON,NORTH-EAST REGION,residential,116900,2,1,1.37119666371478,103.85702400572,494395,41380,71543,32540,33841,81,0.873,1596543,427319,97734,313710,142898,170,0.7756,3116890,900314,236955,859157,476269,286,0.7605,11.0,1,0,1,4155,4155,28,170.0,427319.0,398.6819265452798,0,11163.093943267835,4.329664946355852e-05,0.7985634027058733,0.03571428571428571,5.421817393190197e-05,0.22541544781093645,4760.0,0.674371286523256,0.3965273595565916
Cold Storage Aperia Mall,339511,Authorised Retailer,KALLANG,CENTRAL REGION,mixed,101290,1,0,1.3097112065077,103.864326436447,100370,262996,42055,30122,89751,16,0.2994,563280,843898,73359,112613,197855,100,0.4052,1623714,1253671,121857,291674,801694,236,0.5617,10.0,0,2,2,4108,4179,75,100.0,843898.0,551.616287709436,0,41371.221578207704,0.00016046046800771696,2.9595328719343317,0.02666666666666667,0.00010843634786380394,-0.557761166164587,7500.0,1.0625598001942058,0.9094249871642596
Cold Storage Compass One,545078,Authorised Retailer,SENGKANG,NORTH-EAST REGION,residential,249370,1,0,1.39205314156706,103.89507054384,314635,17465,27086,100310,39003,105,0.9137,1698039,42614,36764,383653,111304,442,0.9657,3451451,183826,111908,623406,448736,869,0.936,10.5,12,61,73,2391,4166,1792,442.0,42614.0,464.80509787255085,0,832930.7353876111,0.0032305658503617735,59.58455654407255,0.040736607142857144,0.003957926697028844,1.737953599768291,792064.0,112.2153820774698,-3.7019474918840007
Cold Storage Northpoint,769098,Branch,YISHUN,NORTH REGION,residential,221610,2,1,1.42969848626288,103.835776491468,351355,14894,79431,51094,61080,77,0.8775,1381402,16937,172486,357443,214726,348,0.9343,2981205,508015,235256,524027,470758,610,0.832,10.64,8,44,52,2665,3746,1518,348.0,16937.0,357.063921309133,1,542023.0325472639,0.002102264959933142,38.774174921006875,0.034255599472990776,0.0028193450444589027,2.1239852279341984,528264.0,74.84161203863891,-2.6403116024795903
Dawn Florist,538719,Authorised Retailer,SENGKANG,NORTH-EAST REGION,residential,249370,1,0,1.3792452907016,103.887832017102,414070,0,16525,245811,23311,95,0.9808,1187038,158371,122839,499011,125843,363,0.8503,3438379,264917,143587,807794,416703,739,0.9125,11.0,19,47,66,1273,4177,2910,363.0,158371.0,447.7530425487809,0,1302961.3538169526,0.005053604429692894,93.20868010125574,0.02268041237113402,0.0035783994795055302,-2.818248571363242,1056330.0,149.65517249855273,-6.8382808456851105
Dawn Florist - Aljunied Avenue 2,380119,Authorised Retailer,GEYLANG,CENTRAL REGION,residential,110110,2,1,1.32012887290025,103.886058091225,440343,67766,0,85311,26382,64,0.8666,1418575,527520,7601,248583,44467,138,0.728,2544899,1730070,71589,411016,142138,269,0.5937,11.0,2,6,8,4095,4177,88,138.0,527520.0,420.3049990549589,0,36986.83991683638,0.00014345541216284258,2.6458916219314688,0.09090909090909091,0.00043374539145521576,3.2915551218746595,12144.0,1.720496828474458,4.787384903131609
Delisia Agency Pte Ltd,188425,Authorised Retailer,ROCHOR,CENTRAL REGION,commercial,13120,1,0,1.30151258571919,103.854497235401,81316,178487,84465,102716,21802,14,0.3589,424508,922805,155246,316134,162489,69,0.3342,1029553,1416488,239885,993625,652690,114,0.428,11.0,36,160,196,1709,4167,2474,69.0,922805.0,562.8437682986643,0,1392475.4827708954,0.005400789706736266,99.6121653510437,0.07922392886014551,0.010626762090652787,9.657529280636668,170706.0,24.18471110026028,34.937462152575044
Everbright  Services,100108,Authorised Retailer,BUKIT MERAH,CENTRAL REGION,residential,151250,1,0,1.28084469467756,103.810292618353,178849,110802,0,25979,443586,35,0.6175,782510,348308,106643,208552,558870,172,0.6754,2680922,937525,166322,515595,1473600,308,0.7303,11.0,12,30,42,1672,4097,2511,172.0,348308.0,358.398789829456,1,899939.3612617641,0.003490462345030047,64.37808749173418,0.016726403823178016,0.002277163305139883,-2.7890347930427875,431892.0,61.18814363006346,-2.453010018412953
Evercool Engineering,310095,Authorised Retailer,TOA PAYOH,CENTRAL REGION,residential,121850,1,0,1.33889072150034,103.848993316875,587803,55049,0,40733,14369,109,0.9144,1582354,255633,63447,316499,223354,311,0.8489,3109994,614233,101627,813206,332862,480,0.8262,11.0,15,55,70,1881,4160,2302,311.0,255633.0,447.80329432707066,0,1030843.1835409167,0.003998179733727511,73.74242700887022,0.030408340573414423,0.003795272175233138,-0.4358074250598682,715922.0,101.42799163661816,-3.1205972096345134
Everstream Trading,650283,Authorised Retailer,BUKIT BATOK,WEST REGION,residential,158030,1,0,1.34694365753899,103.757539380939,522250,0,45304,77950,15445,108,0.9601,958365,343673,45304,185531,526388,160,0.7281,2596491,728235,82297,254119,1266120,275,0.7742,11.0,18,75,93,1390,4177,2793,160.0,343673.0,343.91834611050746,0,960563.9406866473,0.003725597978356666,68.71492911281034,0.03329752953813104,0.0050422901756668834,2.929637082022022,446880.0,63.31156313477156,3.731176676032234
Fatt Chye Heng Trading,530007,Authorised Retailer,HOUGANG,NORTH-EAST REGION,mixed,227560,1,0,1.36232721881747,103.893510807642,467558,43414,17819,39005,9619,50,0.9011,1263841,951063,117997,156384,66152,145,0.567,2601534,1823593,158435,302165,268162,307,0.5849,12.0,33,84,117,1214,4175,2969,145.0,951063.0,653.9661800807673,0,1941625.5886597983,0.007530697397057798,138.89618279133404,0.03940720781407881,0.006343526350032531,-1.8579039357705645,430505.0,60.99164090434754,7.171626945239924
Food Republic i12 Katong,428802,,MARINE PARADE,CENTRAL REGION,residential,46220,1,0,1.30520653617341,103.905046110228,444975,150844,28577,39649,25971,18,0.7355,1630893,178844,31877,138527,383462,49,0.8942,3255849,226927,55753,334045,477362,99,0.928,0.0,0,2,2,3114,3183,1069,49.0,178844.0,144.7092721621646,1,154694.21194135398,0.0005999896715467007,11.066209502007348,0.0018709073900841909,0.00010843634786380394,-2.72537524335706,52381.0,7.42105931919636,-1.9899914385894408
Fortune Supermarket Sembawang Drive,750463,Authorised Retailer,SEMBAWANG,NORTH REGION,mixed,102640,1,0,1.45551208632599,103.814540285666,484752,87606,7381,106220,33490,61,0.8425,1156417,954120,15945,165023,72418,167,0.5476,1625471,2161858,15945,260350,246081,279,0.4295,11.0,0,1,1,4152,4152,31,167.0,954120.0,677.6021491096402,0,21005.666622398847,8.14715874577813e-05,1.5026619590713184,0.03225806451612903,5.421817393190197e-05,-0.41005807961960716,5177.0,0.7334496114140537,0.31123911990203007
Gerk Chwee Trading,557256,Authorised Retailer,SERANGOON,NORTH-EAST REGION,residential,116900,1,0,1.3646888567179,103.866035308524,566997,21597,0,4140,33227,0,0.9633,1765531,185483,40928,237078,130839,74,0.8966,3640344,958267,151819,454541,261407,300,0.7823,11.0,12,57,69,1265,4173,2918,74.0,185483.0,173.26216662820548,0,505579.0022211036,0.0019609148634374793,36.16711374124087,0.023646333104866347,0.003741054001301236,5.459490771204949,215932.0,30.592088370071366,6.944102635008312
Geylang International FC,469642,,BEDOK,EAST REGION,residential,276990,1,0,1.32609868101702,103.93881875464,468317,0,30407,18402,46147,79,0.9695,1979016,31464,184934,217978,167749,238,0.9435,3785669,526539,282407,452288,283718,373,0.8547,0.0,3,15,18,2201,3246,1982,238.0,31464.0,254.83811891542544,1,505089.1516903732,0.001959014952281454,36.13207177987914,0.009081735620585268,0.0009759271307742355,-3.0164838013447213,471716.0,66.83019449445466,-5.973131715099187
Giant Beauty World Centre,588177,Authorised Retailer,BUKIT PANJANG,WEST REGION,residential,138270,1,0,1.34241264188642,103.776539385406,401394,20110,87661,39844,47175,7,0.8744,1427095,23006,92816,395014,214051,21,0.955,2589813,36093,92816,560843,2430195,21,0.9697,11.0,8,37,45,2279,4128,1904,21.0,23006.0,33.31177738902484,1,63425.6241487033,0.0002459996332316033,4.537217235323691,0.023634453781512604,0.002439817826935589,18.995947507913296,39984.0,5.664718806795349,16.526963989598418
Giant Buangkok Crescent,530982,Authorised Retailer,SENGKANG,NORTH-EAST REGION,residential,249370,1,0,1.3808503546459,103.879309094304,335476,0,758,160423,40695,77,0.9989,1239500,326336,60608,441474,152631,233,0.7807,3486078,545471,129094,705917,316645,606,0.8534,11.0,5,28,33,2218,4146,1965,233.0,326336.0,407.6403627760067,0,801013.3128548532,0.0031067724412760693,57.30131090689582,0.016793893129770993,0.0017891997397527651,-3.2103133364186855,457845.0,64.86502556265549,-3.956479997409539
Giant Compassvale Bow,540266,,SENGKANG,NORTH-EAST REGION,residential,249370,1,0,1.38187771301641,103.897039857818,392723,0,37256,84167,32125,106,0.9567,1738211,32400,52607,219815,255529,375,0.9678,3226265,346960,164478,653281,423886,709,0.8852,0.0,7,32,39,2340,3996,1843,375.0,32400.0,392.3390240547859,1,723080.8213329704,0.0028045071567238773,51.72632999861519,0.021161150298426478,0.002114508783344177,-1.7694868821031826,691125.0,97.91488558789605,-5.95388823935897
Giant Edgefield Plains,820671,,PUNGGOL,NORTH-EAST REGION,residential,174450,1,0,1.40566048045603,103.911991277154,422800,13270,0,82787,58691,91,0.9696,1494045,121145,43679,409443,338918,276,0.9138,2748997,247405,100260,692401,1000573,569,0.9039,0.0,1,10,11,3180,3705,1003,276.0,121145.0,340.8313601579333,1,341853.8542384071,0.0013258982294646823,24.4548669442466,0.010967098703888335,0.0005963999132509217,-2.7208008540761535,276828.0,39.21950724908821,-4.5060744160680075
Giant Greenridge Shopping Centre,671524,Authorised Retailer (FairPrice),CHOA CHU KANG,WEST REGION,residential,192070,2,1,1.38529556252963,103.766170532051,414630,0,12466,66808,61272,117,0.9854,1409602,15415,86719,193601,165518,346,0.9611,2508190,18647,117139,350035,434183,459,0.9708,0.0,3,25,28,2143,3960,2040,346.0,15415.0,354.2494153026088,1,722668.8072173219,0.0028029091382148572,51.696856145234825,0.013725490196078431,0.0015181088700932553,-3.295783427440908,705840.0,99.99962791587708,-7.1999761865842915
Giant Parkway Parade,449269,Authorised Retailer (FairPrice),MARINE PARADE,CENTRAL REGION,residential,46220,2,1,1.301041960873,103.905505005847,258680,110610,14136,5616,14876,23,0.6931,1107774,155182,28577,80470,437881,46,0.8688,2433852,188743,32444,220720,489596,79,0.9228,0.0,9,38,47,2296,3541,1887,46.0,155182.0,129.0464330515367,1,243510.61916824974,0.0009444687980199364,17.419782510679706,0.02490726020137785,0.0025482541747993926,7.087286652638823,86802.0,12.297642103527659,9.895735066946285
Giant Paya Lebar Square,409051,,GEYLANG,CENTRAL REGION,residential,110110,1,0,1.31881487007651,103.892580778514,124827,265230,0,29144,12689,1,0.32,1211338,573355,70685,94786,51959,130,0.6719,3054691,1170387,72369,558509,114001,323,0.7192,0.0,3,26,29,3122,4008,1061,130.0,573355.0,436.8338313867834,1,463480.6951013772,0.0017976343557542795,33.15556805753193,0.027332704995287466,0.0015723270440251573,-0.7216924513813876,137930.0,19.541183098771572,2.1397419032254708
Giant Pioneer Mall,640638,Authorised Retailer,JURONG WEST,WEST REGION,residential,262730,1,0,1.34169239214292,103.697174842118,445120,3117,10155,35631,66823,134,0.9821,1757660,151935,73345,208650,131022,427,0.9049,2496018,1180956,100619,480805,362883,537,0.6741,12.0,7,47,54,2156,4160,2027,427.0,151935.0,508.3087845606142,0,1030341.9063043649,0.003996235503489431,73.70656762635906,0.026640355204736062,0.0029277813923227064,-2.295397447213802,865529.0,122.62350950697211,-6.197065036388705
Giant Plantation Plaza,690127,Authorised Retailer,TENGAH,WEST REGION,residential,10,1,0,1.35759319436135,103.734174851203,432120,0,65989,26977,84126,126,0.9338,1355713,0,264697,353587,217952,259,0.9183,2862839,159095,432153,697679,1028664,452,0.8914,11.0,0,2,2,4040,4162,143,259.0,0.0,259.0,0,37037.0,0.00014364996069471335,2.649479875053293,0.013986013986013986,0.00010843634786380394,-0.3990114753510873,37037.0,5.2472036426390405,-1.4175734342122994
Giant Sembawang Shopping Centre,758459,,SEMBAWANG,NORTH REGION,residential,102640,1,0,1.44175296834191,103.82479165671,513141,68914,0,15146,19456,33,0.8816,1188878,243380,37163,121107,223741,154,0.8217,2873209,485328,121213,298100,298326,423,0.8431,0.0,2,18,20,2716,3972,1467,154.0,243380.0,284.2460393349937,1,416988.9397044358,0.0016173136268777815,29.8297325341338,0.013633265167007498,0.0010843634786380394,-1.7997700532959264,225918.0,32.006851325369944,-2.1223043135424167
Giant Sunshine Place,680475,Authorised Retailer,CHOA CHU KANG,WEST REGION,residential,192070,1,0,1.37805614752086,103.738931794069,530921,11337,0,64545,27140,129,0.9791,1403253,29656,0,234875,278994,255,0.9793,2300984,59030,57555,442904,558602,345,0.9637,11.0,11,40,51,2161,4046,2022,255.0,29656.0,270.8705585607633,1,547700.2694098634,0.002124284422961114,39.18030189709479,0.025222551928783383,0.0027651268705270004,1.888306529941024,515610.0,73.04886114375125,-2.579760790457581
Giant Tanjong Katong,400845,,GEYLANG,CENTRAL REGION,residential,110110,1,0,1.31639445681762,103.894359081999,187195,211490,66487,30357,15080,25,0.4739,1174352,422184,70685,182782,58873,83,0.7256,3402165,911369,72937,448666,118303,278,0.7839,0.0,0,2,2,3381,3461,802,83.0,422184.0,308.9339052946216,1,247764.9920462865,0.0009609696079319334,17.72412344869658,0.0024937655860349127,0.00010843634786380394,-3.734943716704719,66566.0,9.430714087963667,-2.4196818229419144
Giant VivoCity,098585,Authorised Retailer (FairPrice),BUKIT MERAH,CENTRAL REGION,mixed,151250,2,1,1.26431382492761,103.82207343835,6973,209384,1338,12922,13065,0,0.0351,188344,209894,14323,12922,759725,17,0.4739,953835,382474,14323,248358,1620177,50,0.7115,0.0,1,3,4,3252,3377,931,17.0,209894.0,129.32583688133445,1,120402.35413652238,0.00046698688984697455,8.613106196337599,0.004296455424274973,0.00021687269572760788,-1.5718588747723952,15827.0,2.2422845276898262,1.1738246234787002
Goh Geok Kwee Agency - Bukit Merah,150124,Authorised Retailer,QUEENSTOWN,CENTRAL REGION,residential,95930,1,0,1.28582331821306,103.803532208512,164994,128718,47495,139565,9285,19,0.5532,1491171,369023,57388,187100,246662,103,0.7926,2549283,1051814,90742,426028,810194,310,0.7028,11.0,4,21,25,3533,4167,650,103.0,369023.0,300.4845269681872,0,195314.94252932168,0.0007575393206098565,13.972055229328193,0.038461538461538464,0.0013554543482975493,2.950288154732215,66950.0,9.485117149733611,5.037640259439172
Goh Geok Kwee Agency - Redhill Lane,150084,Authorised Retailer,RIVER VALLEY,CENTRAL REGION,residential,10070,2,1,1.28708575062296,103.818851050403,368798,24236,67739,63224,41070,65,0.8739,1088152,358261,76756,365622,231258,170,0.7396,3164177,618383,126208,553072,681676,439,0.8257,11.0,4,25,29,1672,4144,2511,170.0,358261.0,361.72518817566845,0,908291.9475091035,0.00352285829195149,64.97559833675328,0.011549183592194345,0.0015723270440251573,-4.463061609460087,426870.0,60.47665358785342,-4.04757289128658
Golden Lagoon Trading,730136,Authorised Retailer,WOODLANDS,NORTH REGION,residential,255130,1,0,1.43832145748732,103.777752029807,467106,31244,0,64270,139647,103,0.9373,1315871,316666,69198,162739,386812,238,0.7936,2680864,882359,79197,851492,654976,355,0.7469,11.0,8,28,36,1709,4156,2474,238.0,316666.0,407.46541331274193,0,1008069.4325357236,0.003909850537605602,72.11328331559773,0.014551333872271624,0.001951854261548471,-4.252647055200782,588812.0,83.41972814292677,-5.191880343030758
Hao Mart Geylang Lorong 24,389407,,GEYLANG,CENTRAL REGION,residential,110110,1,0,1.31317460794729,103.8836465666,378640,133357,3412,54095,15465,22,0.7379,1419855,402161,9329,223349,170529,125,0.7779,2887687,1019589,29514,422499,659619,248,0.7373,0.0,1,6,7,3439,3840,744,125.0,402161.0,340.2184954597766,1,253122.5606220738,0.0009817492206254852,18.10738262521645,0.009408602150537635,0.0003795272175233138,-2.6102607514861975,93000.0,13.175741522408153,-1.7013809965836555
Hao Mart Punggol Walk,823308,,PUNGGOL,NORTH-EAST REGION,residential,174450,2,1,1.40800694944027,103.899074357998,330587,0,29989,60033,73098,73,0.9584,961086,7990,73668,316092,316832,237,0.957,2003557,149255,73668,872255,505496,502,0.9164,0.0,0,4,4,3705,3861,478,237.0,7990.0,241.27588895672037,1,115329.87492131234,0.0004473130112960748,8.250241180344805,0.008368200836820083,0.00021687269572760788,-1.479722414911057,113286.0,16.04975326997344,-3.007765504508149
Hao Mart Westgate,608532,,BUKIT BATOK,WEST REGION,mixed,158030,1,0,1.33402529481694,103.742586014944,60109,122686,55941,63528,21358,16,0.3689,727605,573688,55941,132570,99902,108,0.5567,1323117,1262513,127253,218262,674561,220,0.5112,0.0,0,1,1,3854,3854,329,108.0,573688.0,415.012038022902,1,136538.96050953475,0.0005295735699568454,9.767454924284056,0.00303951367781155,5.421817393190197e-05,-2.8053227514373598,35532.0,5.033983309400069,-1.7979524892434402
Hin Teck Leong Trading Company - Rowell Road,200640,,ROCHOR,CENTRAL REGION,mixed,13120,1,0,1.30743547948389,103.854713903431,177962,250704,37590,39297,24793,31,0.422,877589,593345,157670,262976,150216,96,0.5873,1541909,1416775,207887,978202,422025,177,0.5198,0.0,9,35,44,1239,3956,2944,96.0,593345.0,413.5315811045356,1,1217436.9747717527,0.004721893608398439,87.0906057133008,0.014945652173913044,0.0023855996530036867,-4.617394096627754,282624.0,40.0406534626783,0.6257097700811077
Hin Teck Leong Trading Company - Whampoa Drive,320074,Authorised Retailer,TOA PAYOH,CENTRAL REGION,residential,121850,1,0,1.32471579654689,103.857752875203,404437,12059,0,70105,50766,112,0.971,1644815,61542,67470,211777,244461,245,0.9463,3074826,655533,178499,748142,378773,448,0.8095,11.0,1,15,16,3148,4120,1035,245.0,61542.0,277.93451291295173,1,287662.22086490504,0.0011157131171692512,20.57821273306967,0.015458937198067632,0.0008674907829104315,-1.0092346265811458,253575.0,35.9251468445661,-3.3243156546379224
Hock Soon Ann,460073,Authorised Retailer,BEDOK,EAST REGION,residential,276990,1,0,1.31983803117222,103.943971359147,516035,0,0,14093,27766,48,1.0,1924143,0,113780,128839,144717,102,0.9721,3451595,173322,135106,304081,746074,198,0.9359,11.0,2,25,27,2196,4160,1987,102.0,0.0,102.0,0,202674.0,0.0007860818136955027,14.498492971799852,0.013588324106693507,0.0014638906961613532,3.283227208713653,202674.0,28.71376599260806,-0.31982060628311326
Holland Drive Betting Centre – Lottery Lobby (Public),270047,Betting Centre,QUEENSTOWN,CENTRAL REGION,residential,95930,2,1,1.30853249504926,103.792385082436,279113,190063,36967,15740,78986,45,0.588,1583040,375179,57215,154703,145070,132,0.7997,3850551,546936,63284,483989,299442,192,0.8703,8.0,2,12,14,2529,4169,1654,132.0,375179.0,332.77894153859654,0,550416.3693048387,0.0021348189598608663,39.374600895673815,0.008464328899637243,0.0007590544350466276,-4.043813686191957,218328.0,30.931540807573406,-3.0443578791129418
Hougang United Football Club,538856,,HOUGANG,NORTH-EAST REGION,residential,227560,1,0,1.36949523794775,103.885957512282,353672,0,0,38004,77214,70,1.0,1809317,24019,67734,268729,167187,251,0.9696,4074030,141459,231422,797135,251750,588,0.9422,0.0,7,18,25,1784,3512,2399,251.0,24019.0,263.8538894682686,1,632985.4808343764,0.002455067620006545,45.281267183400715,0.010421008753647354,0.0013554543482975493,-3.013948314725429,602149.0,85.3092428169521,-6.529588796889065
Ichido Kopitiam City,543277,Authorised Retailer (FairPrice),SENGKANG,NORTH-EAST REGION,residential,249370,2,1,1.38233698966981,103.893607838756,287550,0,37256,66106,55102,109,0.9426,1438242,171329,53781,381912,202266,379,0.8808,3297334,199856,170563,875283,384504,794,0.9223,12.0,1,8,9,3298,3536,885,379.0,171329.0,470.68758186056846,1,416558.5099466031,0.0016156441823278853,29.798941298855517,0.010169491525423728,0.00048796356538711777,-3.8101389310651306,335415.0,47.51979938428527,-5.587875449127306
Jake Merchandise Associates,520503,Authorised Retailer,PASIR RIS,EAST REGION,residential,147110,1,0,1.3558033565401,103.945102946956,352018,161736,35313,58464,107524,61,0.6733,1573949,169877,77315,175488,435723,335,0.8855,3558802,192220,251260,570492,590004,772,0.9206,11.0,18,73,91,1881,4170,2302,335.0,169877.0,425.91053670848356,0,980446.0555029291,0.003802711810791438,70.13721663823729,0.03953084274543875,0.00493385382780308,2.491139137383343,771170.0,109.25523214876875,-1.7464905419997097
Jurong East Betting Centre - Lottery Lobby (Public),600352,Betting Centre,TENGAH,WEST REGION,residential,10,4,1,1.34492289474517,103.730400848037,363418,0,43091,65516,225945,41,0.947,899033,0,128848,206545,556787,143,0.9373,2854151,4879,181715,608707,1412485,446,0.9685,0.0,0,2,2,3638,3654,545,143.0,0.0,143.0,1,77935.0,0.0003022750138170609,5.575160354841871,0.003669724770642202,0.00010843634786380394,-1.5141428292599524,77935.0,11.041413070418058,-2.7209714334679163
Keppel Credit Union Co-operative Ltd,150001,,TANGLIN,CENTRAL REGION,residential,21810,1,0,1.28645354030174,103.808242400418,251391,255387,47452,44951,94184,37,0.4964,1023906,496899,64804,313172,503269,170,0.6662,2850193,667647,137298,548386,814152,358,0.7986,0.0,3,20,23,1880,3475,2303,170.0,496899.0,435.91801585799595,1,1003919.1905209647,0.00389375360474674,71.81639148594887,0.00998697351280938,0.0012470180004337454,-5.7604164689327,391510.0,55.4670383165378,-4.359384592889375
Kim Chwee Trading,600256,Authorised Retailer,TENGAH,WEST REGION,residential,10,1,0,1.34416527251747,103.738263367232,489107,0,44833,78674,59929,62,0.958,1424941,0,122919,288477,414523,248,0.9603,2675956,339170,193558,551665,896592,452,0.8641,11.0,21,53,74,1280,4169,2903,248.0,0.0,248.0,0,719944.0,0.0027923408295054864,51.50193425939919,0.02549087151222873,0.004012144870960746,3.1349701601023408,719944.0,101.9978070388023,-2.772225785880593
Kis Store,500004,Authorised Retailer,CHANGI,EAST REGION,residential,1850,2,1,1.38909635615366,103.98746284567,48051,7044,48160,28350,151097,7,0.6986,119287,7044,48160,28350,813694,7,0.8216,119287,73374,48160,28350,836124,7,0.5953,10.0,21,67,88,1366,4156,2817,7.0,7044.0,10.76963226672568,0,30338.05409536624,0.00011766774518328825,2.1702638921605684,0.03123890663826766,0.004771199306007373,58.26147894178497,19719.0,2.793682226670606,50.97805893876
Kwek Lee Eng Agency,199018,Authorised Retailer,KALLANG,CENTRAL REGION,mixed,101290,1,0,1.30397881313463,103.861554245252,155983,183933,54273,78891,45571,44,0.4645,357664,660222,126946,134779,229130,72,0.3679,1096988,1702724,204029,287733,448113,134,0.3992,11.0,8,53,61,1247,4118,2936,72.0,660222.0,425.32114628082934,1,1248742.885480515,0.004843315236576367,89.33010622341452,0.02077656675749319,0.0033073086098460206,-2.9974315738687896,211392.0,29.948885504353804,5.673967708966659
Laura's Gifts,510442,Authorised Retailer,PASIR RIS,EAST REGION,residential,147110,1,0,1.36893288711175,103.957951722203,554637,0,33122,82924,50149,129,0.9718,1599188,123767,48784,256272,243009,374,0.9164,3288324,559678,97322,365840,969313,535,0.8458,11.0,30,54,84,1378,4155,2805,374.0,123767.0,440.2345367342188,0,1234857.8755394837,0.004789461492151202,88.33682776123676,0.029946524064171122,0.004554326610279766,-0.4614251633454345,1049070.0,148.62661461196473,-5.301064807917887
Lee Ah Lan Trading,600061,,JURONG EAST,WEST REGION,residential,78600,1,0,1.32213636287766,103.738292803395,604869,59684,10924,20089,54515,42,0.9036,662541,183804,25539,105859,61915,47,0.7745,876306,1252058,81480,181079,386221,69,0.415,0.0,7,20,27,1443,3545,2740,47.0,183804.0,145.36364127672442,1,398296.37709822494,0.0015448135355187174,28.492540849107222,0.009854014598540146,0.0014638906961613532,-0.2796151099658814,128780.0,18.244860142534645,2.0497118822400515
Lee Eng Trading Store,522201,Authorised Retailer,TAMPINES,EAST REGION,residential,259900,1,0,1.35345315769813,103.953009918868,595817,0,42002,94712,26009,113,0.9671,2135063,42520,142595,287174,113455,383,0.9509,3505406,254946,194330,520615,501979,631,0.911,11.0,25,84,109,1254,4170,2929,383.0,42520.0,405.7547932965894,0,1188455.7895657104,0.004609488550868558,85.01740683221969,0.03721406623420963,0.0059097809585773155,2.6010111457419343,1121807.0,158.93160290352822,-3.9606856625464397
Lee Wah TV & Electric Co,389561,,GEYLANG,CENTRAL REGION,residential,110110,1,0,1.31431455112293,103.887423323191,523988,48938,5917,36712,6770,25,0.9103,1466061,462618,27553,159701,65284,129,0.7565,2942715,960236,74097,454051,247386,253,0.7492,0.0,12,39,51,1268,3567,2915,129.0,462618.0,376.5723651289183,1,1097708.4443507968,0.004257520179421845,78.52570218925652,0.017495711835334476,0.0027651268705270004,-3.106222008378098,376035.0,53.27462326213709,-0.3116371921217977
Li Li Cheng Supermarket (Punggol) Pte Ltd,823273,Authorised Retailer,PUNGGOL,NORTH-EAST REGION,residential,174450,1,0,1.40230301367166,103.901262391698,433082,0,0,43149,41184,112,1.0,1440059,0,73668,291995,270344,416,0.9757,3067787,38725,123291,845587,518243,764,0.9689,12.0,6,23,29,3246,4160,937,416.0,0.0,416.0,0,389792.0,0.0015118288597649296,27.88417148950436,0.030949839914621132,0.0015723270440251573,0.21130928540777896,389792.0,55.22364128497332,-3.5288278788459633
Li Thoe Trading,380119,Authorised Retailer,GEYLANG,CENTRAL REGION,residential,110110,2,1,1.32012887290025,103.886058091225,440343,67766,0,85311,26382,64,0.8666,1418575,527520,7601,248583,44467,138,0.728,2544899,1730070,71589,411016,142138,269,0.5937,0.0,21,73,94,1198,4066,2985,138.0,527520.0,420.3049990549589,1,1254610.4221790524,0.00486607278756915,89.74984649392539,0.03149078726968174,0.005096508349598785,0.44862942901761066,411930.0,58.36003446586656,4.665299241978415
Lim Heng Ee Trading Pte. Ltd.,380016,Authorised Retailer,KALLANG,CENTRAL REGION,mixed,101290,1,0,1.31543175817283,103.871651573593,397951,3945,244,49914,29755,42,0.9899,891977,763950,1965,71945,116786,104,0.5386,1887454,1566006,63036,308818,743143,240,0.5457,11.0,12,29,41,1268,4104,2915,104.0,763950.0,512.8317106991884,1,1494904.4366881342,0.005798065814526097,106.93952588311934,0.014065180102915952,0.0022229451312079807,-6.376416736171155,303160.0,42.95008387025006,-0.29755776090198327
Livewire (Resorts World Sentosa),098138,,BUKIT MERAH,CENTRAL REGION,commercial,151250,1,0,1.2570386446855,103.822038714405,0,0,0,0,17489,0,0.5,0,513140,0,8504,741475,0,0.0,259112,726567,1338,102564,1031059,1,0.2632,0.0,9,54,63,2600,3795,1583,0.0,513140.0,274.6094692429891,1,434706.7898116518,0.0016860332443278017,31.097197158381974,0.03979785217940619,0.0034157449577098243,5.720950846630288,0.0,0.0,
Livewire Marina Bay Sands,018972,Livewire,DOWNTOWN CORE,CENTRAL REGION,commercial,3190,1,0,1.28332249857386,103.857629111139,0,9560,0,14705,75919,0,0.0,45495,387748,0,99375,838889,0,0.105,106992,1057128,34547,179975,1059652,8,0.1037,12.0,12,45,57,2609,4160,1574,0.0,387748.0,207.5053055307139,0,326613.3509053437,0.001266787132325006,23.36462186860241,0.03621346886912325,0.0030904359141184124,6.958520900302216,0.0,0.0,
Livewire Singapore Pools,188994,Livewire,ROCHOR,CENTRAL REGION,mixed,13120,2,1,1.30117342723628,103.851274599853,134929,158572,76015,107698,16779,15,0.468,419117,728385,153369,716422,341989,48,0.3811,1179093,1438491,282153,1046893,656857,104,0.4553,0.0,18,54,72,1195,4160,2988,48.0,728385.0,437.79892086868034,0,1308143.1755556169,0.005073702398996189,93.57936704708571,0.024096385542168676,0.003903708523096942,-2.230738436361612,143424.0,20.319543571073837,11.464876118504046
Lucky Hill,090112,,BUKIT MERAH,CENTRAL REGION,residential,151250,1,0,1.27446978398017,103.825878114028,488457,0,12985,103602,47833,34,0.9871,1178868,155507,29062,157590,108910,142,0.8753,1853061,525614,79873,546547,900756,295,0.77,0.0,6,31,37,2303,4031,1880,142.0,155507.0,225.220358447148,1,423414.27388063824,0.0016422346248490501,30.28937542071588,0.019680851063829788,0.002006072435480373,1.2193202436040929,266960.0,37.82146190131269,-0.1335728739364481
Majestic Betting Centre - Lottery Lobby (Public),059810,Livewire,OUTRAM,CENTRAL REGION,commercial,18340,3,1,1.28471077015851,103.843197416212,70387,203661,86285,49501,93916,23,0.3151,345030,796781,162349,266438,264520,57,0.3268,1180428,1271316,198918,693773,801578,168,0.4829,8.0,0,6,6,3893,4162,290,57.0,796781.0,483.40138658630804,0,140186.40211002933,0.0005437203648524176,10.028378409337991,0.020689655172413793,0.00032530904359141186,-1.2720814014686983,16530.0,2.3418817996280294,2.3904256952687457
Mee Lee Cheong Pte. Ltd.,521139,Authorised Retailer,TAMPINES,EAST REGION,residential,259900,1,0,1.34607675043696,103.944284625086,293057,46631,51735,66840,55662,48,0.8148,1453689,374339,75631,283880,205045,203,0.7835,3230022,618461,202783,839612,420690,575,0.8223,11.0,24,90,114,1708,4160,2475,203.0,374339.0,403.3294112853243,0,998240.2929311777,0.003871727700500656,71.4101457080341,0.04606060606060606,0.006180871828236825,5.039949613686221,502425.0,71.18088101500985,5.075233732118485
Metro Woodlands,738099,Authorised Retailer,WOODLANDS,NORTH REGION,residential,255130,1,0,1.4360700650803,103.785981524253,190041,102399,0,18587,14762,54,0.6498,1408656,230595,21560,381896,302296,296,0.8547,3121656,532226,121345,759403,546941,595,0.843,9.5,11,52,63,2075,4155,2108,296.0,230595.0,419.40408184917777,0,884103.8045380667,0.0034290433018856767,63.24527465997942,0.02988614800759013,0.0034157449577098243,-0.03084172360720565,623968.0,88.4004417876771,-2.7015564867193698
NTUC FP Century Square,529509,,TAMPINES,EAST REGION,residential,259900,2,1,1.35236829566862,103.943812302253,294345,169877,35313,38160,116828,62,0.6246,1562713,169877,87048,292128,312584,314,0.8827,3572521,347428,251320,788656,570589,754,0.8866,0.0,4,10,14,2789,3278,1394,314.0,169877.0,404.91053670848356,1,564445.288171626,0.0021892308626554587,40.37817403081728,0.010043041606886656,0.0007590544350466276,-4.1511783381620635,437716.0,62.01325673357426,-6.0970379086063105
NTUC FP Coronation,269707,,BUKIT TIMAH,CENTRAL REGION,residential,77860,1,0,1.32383512178759,103.809999570047,374395,4851,14649,82591,12781,0,0.9691,1813219,8658,16859,458623,37701,10,0.9907,3980182,8658,18513,683575,775574,10,0.9955,11.14,7,26,33,1253,3705,2930,10.0,8658.0,14.63337253908446,1,42875.78153951747,0.00016629598328446688,3.067163115698707,0.011262798634812287,0.0017891997397527651,17.09147100470806,29300.0,4.151066952758697,14.15956419186214
NTUC FP Hougang Point,538692,,SENGKANG,NORTH-EAST REGION,residential,249370,1,0,1.37571530699875,103.879472337592,328345,62947,15461,77630,28367,111,0.8262,1557074,232536,91546,502411,137569,314,0.8521,3412007,596534,148509,737372,343982,496,0.8386,0.0,7,28,35,1595,3239,2588,314.0,232536.0,438.44281782727467,1,1134690.0125369867,0.004400955144898937,81.171216692516,0.013523956723338485,0.001897636087616569,-5.1247217638547395,812632.0,115.12934607352237,-7.467901474363052
NTUC FP Jurong Point,648886,,JURONG WEST,WEST REGION,mixed,262730,1,0,1.3394520043632,103.706685012926,340270,67785,60340,7689,140652,65,0.7909,1041344,895052,92984,179504,182711,253,0.536,2320950,2240488,112503,391113,311823,497,0.5086,10.71,12,57,69,1210,3748,2973,253.0,895052.0,731.9916098235879,1,2176211.056005527,0.008440549522331574,155.67749538988355,0.02320887991927346,0.003741054001301236,-6.946938203798509,752169.0,106.56327231363673,-3.6388122205514377
NTUC FP Punggol Walk,823308,,PUNGGOL,NORTH-EAST REGION,residential,174450,2,1,1.40800694944027,103.899074357998,330587,0,29989,60033,73098,73,0.9584,961086,7990,73668,316092,316832,237,0.957,2003557,149255,73668,872255,505496,502,0.9164,0.0,0,7,7,3133,3388,1050,237.0,7990.0,241.27588895672037,1,253339.6834045564,0.0009825913428051852,18.122914726698834,0.006666666666666667,0.0003795272175233138,-2.612790475504584,248850.0,35.255734170443745,-4.7587371228386806
NTUC FP Shaw Plaza,329783,,NOVENA,CENTRAL REGION,residential,49330,1,0,1.32525301846661,103.850995830211,465536,36096,60735,25865,5804,12,0.8818,1295656,186601,148697,413601,243536,164,0.84,3436758,370218,154805,707116,349304,435,0.887,0.0,6,20,26,1720,3287,2463,164.0,186601.0,263.86046998910825,1,649888.3375831736,0.002520626242670181,46.49043041980882,0.010556232237109216,0.0014096725222294514,-3.005171750823671,403932.0,57.22692069493946,-4.1278981337484755
NTUC FP Square 2,307506,,NOVENA,CENTRAL REGION,residential,49330,1,0,1.32044103104797,103.844192628979,234253,80446,0,220368,8141,0,0.7444,1577330,112092,99322,396525,32290,28,0.9096,3017773,258243,110179,736998,286534,129,0.9075,0.0,4,28,32,2196,3153,1987,28.0,112092.0,87.98660136879826,1,174829.37691980213,0.000678084972400864,12.506599230961534,0.01610468042274786,0.001734981565820863,5.512111512981892,55636.0,7.882210272480644,8.590402168941198
NTUC FairPrice AMK Hub,569933,Authorised Retailer (FairPrice),ANG MO KIO,NORTH-EAST REGION,residential,162280,1,0,1.36923561405404,103.848693181185,347455,19300,108154,61603,28657,86,0.8455,1502032,19300,210764,131393,555769,271,0.928,3055447,525211,345948,930950,833967,486,0.8222,13.5,23,98,121,2211,4160,1972,271.0,19300.0,281.32849272399284,0,554779.7876517138,0.0021517427083832413,39.686742513420505,0.06135902636916836,0.0065603990457601385,12.907395954431099,534412.0,75.71262772551812,5.204667172654051
NTUC FairPrice Anchorvale Village,540339,Authorised Retailer (FairPrice),SENGKANG,NORTH-EAST REGION,residential,249370,1,0,1.39690459918221,103.888683684536,317309,0,9678,129822,126186,74,0.9852,1314321,18205,36764,316475,368176,271,0.9733,2633040,183826,36764,536358,475095,610,0.9291,11.0,1,1,2,4144,4179,39,271.0,18205.0,280.7424979295487,0,10948.957419252398,4.2466109645049465e-05,0.7832449262932923,0.05128205128205128,0.00010843634786380394,1.3748470012005092,10569.0,1.497359270433675,0.4107661705265205
NTUC FairPrice Bedok North Street 1,460212,Authorised Retailer (FairPrice),BEDOK,EAST REGION,residential,276990,1,0,1.32594069200441,103.931640022396,313295,35152,143484,16136,79481,82,0.7827,1488394,360294,232442,216551,131538,255,0.771,4013480,500132,344552,456528,356197,419,0.8616,11.0,16,75,91,1522,4176,2661,255.0,360294.0,447.8131584196,0,1191630.8145545556,0.004621803052984074,85.24453550923825,0.034197670048853816,0.00493385382780308,0.6233717320250264,678555.0,96.13403536277058,-0.5236248745431311
NTUC FairPrice Bedok North Street 4,460089,Authorised Retailer (FairPrice),BEDOK,EAST REGION,residential,276990,1,0,1.33233468349262,103.938051284737,527741,0,37141,104485,20342,85,0.9671,1548656,127570,160495,225321,98943,225,0.8869,3240259,546148,306304,319581,400588,398,0.8291,11.0,19,41,60,1205,4160,2978,225.0,127570.0,293.26973144040244,0,873357.2602295184,0.003387362262181409,62.47650956367391,0.020147750167897917,0.0032530904359141183,-0.3133153195779323,670050.0,94.92909254935034,-3.5849874380524884
NTUC FairPrice Bishan Street 13,570510,Authorised Retailer (FairPrice),BISHAN,CENTRAL REGION,residential,87320,1,0,1.34888843900173,103.849691980373,417096,107064,0,142088,22311,82,0.7957,1208306,282449,19938,420513,171735,194,0.8064,2936677,505619,57191,888972,578819,406,0.8473,11.0,9,34,43,1532,4109,2651,194.0,282449.0,345.1540125077231,1,915003.287157974,0.0035488885772545415,65.45570091888277,0.016220294228592985,0.002331381479071785,-2.775574421289459,514294.0,72.86241731747718,-3.4984298710726947
NTUC FairPrice Boon Lay Place,640221,Authorised Retailer (FairPrice),JURONG WEST,WEST REGION,residential,262730,1,0,1.34633552457315,103.712430373455,371480,0,42009,81113,25357,76,0.9492,1393918,643236,88868,257165,91160,236,0.6765,2633309,1469986,190131,492653,403144,478,0.6355,11.0,18,82,100,1423,4169,2760,236.0,643236.0,580.2310023735888,0,1601437.5665511051,0.0062112601854929835,114.56048286123259,0.036231884057971016,0.005421817393190197,-1.3603741153062974,651360.0,92.28119352726638,0.8035141902737745
NTUC FairPrice Bukit Batok MRT Station,659958,Authorised Retailer (FairPrice),BUKIT BATOK,WEST REGION,residential,158030,1,0,1.34903331201636,103.749566478309,410406,54661,0,13062,87345,83,0.8825,1503213,290949,80299,210390,319636,289,0.8234,2944136,621579,176665,518438,995544,520,0.8103,11.0,16,50,66,1395,4150,2788,289.0,290949.0,444.7028305467873,0,1239831.491564443,0.0048087519245970265,88.69262049726755,0.023672883787661407,0.0035783994795055302,-2.409577542528436,805732.0,114.15179105734371,-4.50682900621271
NTUC FairPrice Bukit Merah Central,150166,Authorised Retailer (FairPrice),BUKIT MERAH,CENTRAL REGION,residential,151250,1,0,1.28315092773625,103.817689706645,139250,129793,42491,96793,24339,40,0.5152,1094004,323490,82995,291038,211131,193,0.7568,2695398,676165,160394,549438,1429281,469,0.7859,11.0,18,58,76,1195,4155,2988,193.0,323490.0,366.11731146551534,0,1093958.52665896,0.00424297592559349,78.25744797164633,0.025435073627844713,0.00412058121882455,-0.2551848628390052,576684.0,81.70149810869272,-0.6307742771859689
NTUC FairPrice Bukit Panjang Plaza,677743,Authorised Retailer (FairPrice),CHOA CHU KANG,WEST REGION,residential,192070,1,0,1.37948804026655,103.764594965051,379129,11499,61364,27709,57524,87,0.9067,1720204,18647,117139,120827,145558,321,0.9584,3027242,18647,156363,623179,555202,515,0.9698,11.0,9,51,60,1503,4160,2680,321.0,18647.0,330.97903646758004,0,887023.8177331145,0.0034403687272899115,63.45416080613513,0.022388059701492536,0.0032530904359141183,-0.433623189512211,860280.0,121.87985932147619,-5.605099746515399
NTUC FairPrice Bukit Timah Plaza,588996,Authorised Retailer (FairPrice),BUKIT TIMAH,CENTRAL REGION,residential,77860,1,0,1.33875930729064,103.778600077834,210615,0,92035,380683,33713,8,0.848,1405064,34679,92816,453784,94197,21,0.9471,3668789,36093,94578,561721,524514,21,0.9781,11.0,7,36,43,1537,4155,2646,21.0,34679.0,39.55864244431855,0,104672.16790766688,0.00040597653173223485,7.48783115126934,0.016250944822373395,0.002331381479071785,12.977743183201577,55566.0,7.872293047678832,12.519851419150902
NTUC FairPrice Canberra Plaza,750133,Authorised Retailer (FairPrice),SEMBAWANG,NORTH REGION,residential,102640,1,0,1.44349544527985,103.830345369213,386398,88191,28599,20188,21390,62,0.7963,1298175,293187,28599,144942,207309,174,0.8102,3298410,591320,121213,334538,293306,380,0.8375,12.0,1,7,8,3792,4142,391,174.0,293187.0,330.9005075787197,0,129382.09846327941,0.0005018153025042422,9.255481439388243,0.020460358056265986,0.00043374539145521576,-0.41267749866589254,68034.0,9.63869245952168,-0.5278231005963125
NTUC FairPrice Changi Business Park,486018,Authorised Retailer (FairPrice),TAMPINES,EAST REGION,commercial,259900,1,0,1.33491977663975,103.963653900382,0,398524,0,0,0,0,0.0,252548,1431224,0,316194,21182,0,0.15,1004687,1856281,0,474380,1450523,52,0.3512,12.0,6,27,33,2844,4128,1339,0.0,1431224.0,765.9267704872508,1,1025575.9456824288,0.003977750473492031,73.36562973308702,0.024645257654966394,0.0017891997397527651,-4.712652394472761,0.0,0.0,
NTUC FairPrice Clementi Avenue 2,120352,Authorised Retailer (FairPrice),CLEMENTI,WEST REGION,residential,91990,1,0,1.31427860227337,103.771350557894,392214,0,35585,50830,18240,50,0.9584,1504789,3788,111419,769974,148564,161,0.9633,4087988,17819,167701,952265,305410,246,0.9762,11.0,17,45,62,1241,4142,2942,161.0,3788.0,163.02716738023238,0,479625.92643264367,0.001860254488220286,34.31053378073496,0.02107409925220938,0.0033615267837779224,4.727165925325075,473662.0,67.10589334394506,-0.6232917916269728
NTUC FairPrice Clementi Avenue 3,120451,Authorised Retailer (FairPrice),CLEMENTI,WEST REGION,residential,91990,1,0,1.31248109025097,103.765476495005,371402,3788,57538,50698,93773,74,0.9248,1686508,14300,144008,307389,190680,198,0.9532,2876682,598462,202558,1020973,391298,255,0.8097,11.0,22,59,81,1672,4177,2511,198.0,14300.0,205.65271740689624,0,516393.97340871644,0.0020028613004063225,36.94077382469421,0.03225806451612903,0.00439167208848406,7.249096329517149,497178.0,70.43751417879398,1.2585316116140741
NTUC FairPrice Compassvale Link,543277,Authorised Retailer (FairPrice),SENGKANG,NORTH-EAST REGION,residential,249370,2,1,1.38233698966981,103.893607838756,287550,0,37256,66106,55102,109,0.9426,1438242,171329,53781,381912,202266,379,0.8808,3297334,199856,170563,875283,384504,794,0.9223,12.0,1,11,12,3732,4031,451,379.0,171329.0,470.68758186056846,1,212280.09941911636,0.0008233395776608771,15.185675170377218,0.026607538802660754,0.0006506180871828237,-0.8174937436504122,170929.0,24.216304544986052,-2.4824809016114835
NTUC FairPrice Dawson Place,142057,Authorised Retailer (FairPrice),TANGLIN,CENTRAL REGION,residential,21810,1,0,1.29270339855062,103.810958956467,241707,179612,0,53686,26364,64,0.5737,1437882,350061,21638,302710,118331,198,0.8006,3563409,522622,132543,588992,295726,306,0.8604,11.0,4,27,31,2673,4177,1510,198.0,350061.0,385.33691665563003,0,581858.7441500013,0.0022567698713994912,41.623863508092214,0.02052980132450331,0.0016807633918889612,-1.6466878762057762,298980.0,42.35788387494182,-1.7451400938718233
NTUC FairPrice E!Hub @ Downtown East,519599,Authorised Retailer (FairPrice),PASIR RIS,EAST REGION,residential,147110,1,0,1.37912717878008,103.955444758145,118376,0,0,33933,342917,2,1.0,909003,11525,0,84728,821031,90,0.9875,1986054,558311,53086,281353,1171869,424,0.7748,11.0,5,22,27,2252,4127,1931,90.0,11525.0,96.16766210590765,1,185699.75552650768,0.000720246309971129,13.284222941107503,0.013982392542723977,0.0014638906961613532,3.763157017236519,173790.0,24.62163569010014,0.4793137951599359
NTUC FairPrice Eastpoint Mall,528833,Authorised Retailer (FairPrice),TAMPINES,EAST REGION,residential,259900,1,0,1.34270592355576,103.953024618234,602181,15710,0,51143,27281,65,0.9746,1592576,218238,49225,354754,108170,154,0.8694,2749304,924342,110628,758949,237873,325,0.7411,11.0,7,73,80,2178,4160,2005,154.0,218238.0,270.79117073050526,0,542936.2973146631,0.0021058071055696883,38.83950625512733,0.0399002493765586,0.004337453914552158,6.604557500513987,308770.0,43.744878600795325,5.48157998919742
NTUC FairPrice Greenridge Shopping Centre,671524,Authorised Retailer (FairPrice),CHOA CHU KANG,WEST REGION,residential,192070,2,1,1.38529556252963,103.766170532051,414630,0,12466,66808,61272,117,0.9854,1409602,15415,86719,193601,165518,346,0.9611,2508190,18647,117139,350035,434183,459,0.9708,11.0,0,1,1,4102,4102,81,346.0,15415.0,354.2494153026088,1,28694.20263951131,0.00011129198048794285,2.052669288119618,0.012345679012345678,5.421817393190197e-05,-0.734737929756794,28026.0,3.9705734613657078,-1.4907804165341725
NTUC FairPrice Havelock Road,160050,Authorised Retailer (FairPrice),RIVER VALLEY,CENTRAL REGION,residential,10070,1,0,1.28977813992267,103.826793758887,414723,15386,19898,89928,31474,56,0.9437,1770417,97270,104139,235010,91554,235,0.9243,3554913,407235,151307,559637,221635,356,0.8826,11.0,10,26,36,2169,4177,2014,235.0,97270.0,287.0545330187971,0,578127.8294998574,0.0022422993218720317,41.35696869260775,0.01787487586891758,0.001951854261548471,-0.832999534466708,473290.0,67.05319037785542,-3.7922460066397203
NTUC FairPrice Hillion Mall,678278,Authorised Retailer (FairPrice),CHOA CHU KANG,WEST REGION,residential,192070,1,0,1.37843100800213,103.762842789877,320502,11499,61364,32639,22961,63,0.8928,1713375,15415,73830,104959,138910,264,0.971,3033423,18647,156363,651703,459998,498,0.9698,12.0,3,27,30,3298,4177,885,264.0,15415.0,272.2494153026088,0,240940.73254280878,0.0009345013570086648,17.235943028667815,0.03389830508474576,0.0016265452179570592,3.074476720723091,233640.0,33.1008628956499,-0.5389679081232693
NTUC FairPrice Hougang Mall,538766,Authorised Retailer (FairPrice),HOUGANG,NORTH-EAST REGION,residential,227560,1,0,1.37253315637342,103.893883460466,336276,24019,45723,50653,13862,90,0.8845,1732288,24019,45723,211111,309812,288,0.974,3095412,819349,126427,685345,434495,555,0.7816,11.0,12,59,71,1362,4160,2821,288.0,24019.0,300.8538894682686,0,848708.8221899858,0.003291761993380887,60.71325820591708,0.025168380007089684,0.0038494903491650403,1.3201888751393127,812448.0,115.10327793975762,-4.110806394068571
NTUC FairPrice Hougang Street 21,530202,Authorised Retailer (FairPrice),HOUGANG,NORTH-EAST REGION,residential,227560,1,0,1.35754686861981,103.883962381949,436931,0,84426,15157,34934,20,0.919,1835457,46571,121657,237790,84100,114,0.9464,3853927,591967,211929,381666,297023,267,0.8502,11.0,10,33,43,1326,4066,2857,114.0,46571.0,138.92270645850107,1,396902.17235193757,0.0015394060387720974,28.392804979112565,0.015050752537626881,0.002331381479071785,2.7413385783224333,325698.0,46.14314690715366,-0.4627123329323729
NTUC FairPrice Jem,608549,Authorised Retailer (FairPrice),BUKIT BATOK,WEST REGION,mixed,158030,1,0,1.33329334473462,103.743278742341,13549,183642,55941,63528,18161,11,0.164,691834,659594,55941,124208,90875,92,0.5115,1257459,1300898,126313,240593,395991,217,0.4919,11.0,6,59,65,2921,4160,1262,92.0,659594.0,444.98506890100197,0,561571.1569530645,0.002178083392920388,40.17257009902364,0.05150554675118859,0.0035241813055736284,3.9171207168420725,116104.0,16.448992405566408,11.970949462172056
NTUC FairPrice Joo Koon,629117,Authorised Retailer (FairPrice),PIONEER,WEST REGION,commercial,80,1,0,1.32561767765205,103.678409741897,0,469641,0,0,0,0,0.0,0,1851998,0,20719,0,0,0.0,0,3488434,0,20719,0,0,0.0,11.0,5,23,28,3153,4152,1030,0.0,1851998.0,991.1061071424512,0,1020839.2903567246,0.003959379105633895,73.02678822431156,0.027184466019417475,0.0015181088700932553,-5.269020271958297,0.0,0.0,
NTUC FairPrice Jurong Gateway Road,600135,Authorised Retailer (FairPrice),JURONG EAST,WEST REGION,mixed,78600,1,0,1.333825407445,103.739676885744,197827,40431,55941,18742,21201,18,0.7675,617347,342640,55941,118983,243754,106,0.6352,1873807,939463,129702,195476,666926,218,0.6587,12.0,27,95,122,1202,4177,2981,106.0,342640.0,289.3655309299953,0,862598.647702316,0.003345634415253681,61.70688115493889,0.040925863804092584,0.006614617219692041,7.675398826823731,315986.0,44.767202803222176,11.543082103568441
NTUC FairPrice Jurong Point,648331,Authorised Retailer (FairPrice),JURONG WEST,WEST REGION,mixed,262730,1,0,1.33931504032005,103.705350996191,311033,45940,60340,7689,123142,84,0.8176,1158829,859843,70494,191109,182711,276,0.5716,2481524,2191069,142628,386374,334005,512,0.5302,13.5,15,103,118,2401,4162,1782,276.0,859843.0,736.1493351956572,0,1311818.115318661,0.005087955846967589,93.84225764147021,0.06621773288439955,0.006397744523964433,2.493774165514207,491832.0,69.68012155321556,5.7885712503657825
NTUC FairPrice Kallang Bahru,330071,Authorised Retailer (FairPrice),KALLANG,CENTRAL REGION,mixed,101290,1,0,1.3209929422065,103.870389998344,391582,31496,0,48192,38657,43,0.9256,1055640,693227,13589,145101,80559,126,0.6028,2263776,1551485,54246,441228,209162,271,0.592,11.0,11,39,50,1245,4167,2938,126.0,693227.0,496.98393914898395,0,1460138.813219715,0.005663225507677118,104.45253126359677,0.01701837985023826,0.0027109086965950986,-5.327930959968485,370188.0,52.44625164190569,-0.33778775566935854
NTUC FairPrice Kallang Wave Mall,397628,Authorised Retailer (FairPrice),KALLANG,CENTRAL REGION,mixed,101290,1,0,1.30307515150401,103.873149707591,0,58347,0,7166,417064,0,0.0,327424,207116,1961,13118,789008,12,0.6121,1306957,708443,54110,192690,1315270,131,0.6446,0.0,3,14,17,3440,4169,743,12.0,207116.0,122.83917611515558,0,91269.5078535606,0.0003539936068199317,6.52905808418682,0.02288021534320323,0.0009217089568423336,4.097891773552646,8916.0,1.2631710904708717,14.001873006204221
NTUC FairPrice Killiney Road,239571,Authorised Retailer (FairPrice),RIVER VALLEY,CENTRAL REGION,mixed,10070,1,0,1.29731616717126,103.838541255824,466036,88325,28357,28918,3770,0,0.8241,1070841,383096,154023,496584,292203,2,0.7139,2376194,931287,256456,894400,518244,81,0.7027,11.0,5,32,37,1786,4150,2397,2.0,383096.0,207.01576417568725,0,496216.78672912234,0.0019246030161647913,35.49737803014341,0.01543596161869003,0.002006072435480373,0.2522037829781855,4794.0,0.6791882242841363,44.0717679547761
NTUC FairPrice Le Quest,657991,Authorised Retailer (FairPrice),TENGAH,WEST REGION,residential,10,1,0,1.35594171176111,103.741127005764,548193,0,14697,96947,17213,86,0.9869,1497906,0,164545,339273,254387,313,0.9505,3308369,48261,247154,611461,872680,601,0.9523,12.0,2,8,10,3755,4157,428,313.0,0.0,313.0,0,133964.0,0.0005195864496181272,9.583252476756737,0.02336448598130841,0.0005421817393190197,0.13462216246383293,133964.0,18.979301476428876,-2.0611160295447464
NTUC FairPrice Limbang Shopping Centre,680533,Authorised Retailer (FairPrice),CHOA CHU KANG,WEST REGION,residential,192070,1,0,1.39206782341869,103.743102282335,326796,14509,0,55993,46770,91,0.9575,933431,39402,8500,123190,269719,196,0.9555,1825196,112410,8500,341128,398389,386,0.9401,11.0,11,40,51,1991,4175,2192,196.0,39402.0,217.086179808848,0,475852.9061409948,0.0018456206297383431,34.040626894894004,0.023266423357664233,0.0027651268705270004,2.9067723471639724,429632.0,60.86795894360494,-1.264832348831292
NTUC FairPrice Lorong 4 Toa Payoh,310192,Authorised Retailer (FairPrice),TOA PAYOH,CENTRAL REGION,residential,121850,1,0,1.33166814812852,103.850487239503,241673,117007,45015,10695,170562,50,0.6544,1511838,225417,112241,234612,217867,289,0.8478,3261210,478488,149318,853916,367110,466,0.8578,11.0,12,45,57,1290,4162,2893,289.0,225417.0,409.63304893079254,0,1185068.4105567827,0.0045963504224701855,84.7750871920401,0.0197027307293467,0.0030904359141184124,-3.0166248784097656,836077.0,118.45090800892947,-5.646237048285786
NTUC FairPrice Lot 1 Shoppers' Mall,689812,Authorised Retailer (FairPrice),CHOA CHU KANG,WEST REGION,residential,192070,3,1,1.38493874036122,103.745022476677,405645,17623,0,20208,130652,62,0.9584,1259567,48764,39224,179594,243694,285,0.9493,2732545,67371,47724,533903,409848,538,0.968,11.0,10,53,63,2200,4073,1983,285.0,48764.0,311.09630151257966,1,616903.9658994455,0.0023926946149490542,44.13085947812036,0.03177004538577912,0.0034157449577098243,2.8404092998139983,565155.0,80.06813118383418,-1.9074630159475963
NTUC FairPrice Marine Parade Central,449411,Authorised Retailer (FairPrice),MARINE PARADE,CENTRAL REGION,residential,46220,1,0,1.30134714783304,103.907183612906,197153,91164,8964,11297,25949,28,0.6783,1029550,152787,28577,81718,427655,62,0.862,2289804,185946,32444,268334,491937,78,0.9194,11.0,13,50,63,1572,4042,2611,62.0,152787.0,143.76473667464742,1,375369.7274575044,0.0014558913139632197,26.852459394737625,0.024128686327077747,0.0034157449577098243,6.975682735034466,161882.0,22.93457407667179,8.366126448591334
NTUC FairPrice Marsiling MRT Station,739044,Authorised Retailer (FairPrice),WOODLANDS,NORTH REGION,residential,255130,1,0,1.43252114855026,103.774074641403,501649,0,41197,74148,28321,88,0.9621,1230180,376934,51197,294024,373210,202,0.7573,1861475,912656,79197,524943,1656134,285,0.6663,11.0,6,38,44,1727,4181,2456,202.0,376934.0,403.71813867489743,0,991531.7485855481,0.003845708256928865,70.93024309079598,0.017915309446254073,0.0023855996530036867,-3.1976030502969537,496112.0,70.28648901252637,-3.1354267413561585
NTUC FairPrice NEX,556083,Authorised Retailer (FairPrice),SERANGOON,NORTH-EAST REGION,residential,116900,1,0,1.35067551435975,103.871861623874,492073,19983,83592,60658,17617,81,0.8963,1931025,19983,109843,183555,129935,171,0.9637,4178321,59759,146503,508814,331179,219,0.9697,13.5,20,99,119,2609,4160,1574,171.0,19983.0,181.69400363230824,0,285986.36171725317,0.001109213208950711,20.458328425886915,0.07560355781448538,0.006451962697896335,21.786368838639813,269154.0,38.1322960615295,13.095697489401111
NTUC FairPrice New Upper Changi Road,461057,Authorised Retailer (FairPrice),BEDOK,EAST REGION,residential,276990,1,0,1.32424554153984,103.941568704132,582172,0,30407,32812,25031,52,0.9752,2088361,0,91806,113196,162684,198,0.9789,3640692,487933,308732,428720,290273,298,0.8553,11.0,14,52,66,1459,4179,2724,198.0,0.0,198.0,0,539352.0,0.002091905219121825,38.58309986148294,0.024229074889867842,0.0035783994795055302,4.4138725794156,539352.0,76.41250044724605,-1.1911674776513612
NTUC FairPrice Parkway Parade,449269,Authorised Retailer (FairPrice),MARINE PARADE,CENTRAL REGION,residential,46220,2,1,1.301041960873,103.905505005847,258680,110610,14136,5616,14876,23,0.6931,1107774,155182,28577,80470,437881,46,0.8688,2433852,188743,32444,220720,489596,79,0.9228,12.0,4,24,28,3679,4169,504,46.0,155182.0,129.0464330515367,0,65039.40225797449,0.0002522587568638304,4.652660511596488,0.05555555555555555,0.0015181088700932553,10.823973391484694,23184.0,3.2845848543603293,13.637277149679932
NTUC FairPrice Paya Lebar Quarter,409057,Authorised Retailer (FairPrice),GEYLANG,CENTRAL REGION,residential,110110,1,0,1.31770886898996,103.893414663597,146441,232667,24141,26125,12689,12,0.3931,1079869,517432,70685,145295,52408,110,0.6686,3157525,1079089,72937,500310,111672,308,0.7411,12.0,1,6,7,3732,4178,451,110.0,517432.0,386.9063547751848,0,174494.76600360835,0.0006767871662891579,12.482662495037228,0.015521064301552107,0.0003795272175233138,-1.5518076840402926,49610.0,7.028478891684607,-0.010742179655707198
NTUC FairPrice Punggol Oasis Terraces,820681,Authorised Retailer (FairPrice),PUNGGOL,NORTH-EAST REGION,residential,174450,1,0,1.40287845827053,103.913195741417,385716,13270,0,96478,38924,115,0.9667,1679908,104441,0,232690,317951,362,0.9415,2787838,247405,100260,566256,1009967,559,0.9051,12.0,4,20,24,3391,4156,792,362.0,104441.0,417.89212997857703,0,330970.566943033,0.0012836868248636143,23.6763197977845,0.030303030303030304,0.0013012361743656475,0.06652104116834547,286704.0,40.618685993983945,-2.607556617869919
NTUC FairPrice Punggol Plaza,820168,Authorised Retailer (FairPrice),PUNGGOL,NORTH-EAST REGION,residential,174450,1,0,1.39423719717117,103.913047323223,469070,7910,26592,146896,39395,94,0.9579,1585139,21180,49128,263731,185688,373,0.9724,2903001,1392869,49128,421198,411123,666,0.6738,11.0,6,58,64,2154,4170,2029,373.0,21180.0,384.3345842432212,0,779814.8714294957,0.0030245531665631666,55.78485860409104,0.031542631838344014,0.003469963131641726,1.0999093007790235,756817.0,107.2217760404771,-4.1740832856804495
NTUC FairPrice Rivervale Mall,545082,Authorised Retailer (FairPrice),PUNGGOL,NORTH-EAST REGION,residential,174450,1,0,1.39250410994833,103.904483668323,561801,0,22536,41290,6533,121,0.9807,1891610,19667,64974,261525,181405,473,0.9736,3536697,25597,135244,612691,365685,918,0.9748,0.0,12,34,46,1752,4087,2431,473.0,19667.0,483.5248946322677,1,1175449.0188510427,0.004559041103669078,84.08695411607248,0.018922254216371864,0.002494036000867491,-4.153478168473711,1149863.0,162.90642660409466,-9.159447489882485
NTUC FairPrice Seletar Mall,797653,Authorised Retailer (FairPrice),SENGKANG,NORTH-EAST REGION,residential,249370,2,1,1.39130622992517,103.876085067727,435952,9253,0,76410,37766,127,0.9792,1537848,117340,41450,169108,119444,246,0.9186,2734140,477904,79749,488617,471670,375,0.8427,12.0,3,18,21,3529,4124,654,246.0,117340.0,308.7950951416228,1,201951.99222262134,0.0007832814683964308,14.44684340310377,0.03211009174311927,0.0011385816525699415,1.7241063981620477,160884.0,22.793182785925946,-0.37559696514343843
NTUC FairPrice Sengkang East Ave,540279,Authorised Retailer (FairPrice),SENGKANG,NORTH-EAST REGION,residential,249370,1,0,1.38621835522425,103.89299549602,485973,25149,37256,34300,23395,120,0.9202,1610897,171329,80867,429941,105802,402,0.8863,3429776,175836,157054,882982,428465,819,0.9324,11.0,2,10,12,3119,4107,1064,402.0,171329.0,493.68758186056846,1,525283.5870996448,0.002037340136632071,37.57670148004192,0.011278195488721804,0.0006506180871828237,-4.172392992100065,427728.0,60.598210428995635,-6.242957490421166
NTUC FairPrice Sengkang East Drive,542170,Authorised Retailer (FairPrice),PUNGGOL,NORTH-EAST REGION,mixed,174450,1,0,1.38671838587829,103.909029340508,308230,0,0,6739,46472,79,1.0,1010874,639684,37888,161578,151075,252,0.6099,2495583,1785241,64480,341070,248365,566,0.5817,11.0,0,1,1,4066,4066,117,252.0,639684.0,594.3301315883234,1,69536.62539583383,0.0002697014743352468,4.9743739926392925,0.008547008547008548,5.421817393190197e-05,-1.7819664176229297,29484.0,4.177135086523462,-1.5545203815598634
NTUC FairPrice Senja Road,670628,Authorised Retailer (FairPrice),CHOA CHU KANG,WEST REGION,residential,192070,1,0,1.38512867383046,103.760410617887,560731,3916,0,51639,35694,95,0.9931,1294613,15415,80215,264506,118166,249,0.9601,2539902,297787,125943,495909,436211,482,0.8783,11.0,4,20,24,2282,4042,1901,249.0,15415.0,257.2494153026088,1,489031.1384902593,0.00189673309994375,34.983345295362525,0.01262493424513414,0.0013012361743656475,-1.8569660715268759,473349.0,67.06154918161695,-5.258390795188773
NTUC FairPrice Serangoon North Avenue 1,552152,Authorised Retailer (FairPrice),SERANGOON,NORTH-EAST REGION,residential,116900,1,0,1.36979940374161,103.87303579046,533701,2480,47464,57679,40082,99,0.9551,1410210,484587,62925,184545,91083,169,0.7364,3607942,786913,67066,391517,384603,314,0.8161,11.0,19,50,69,1243,4179,2940,169.0,484587.0,428.3291867171773,0,1259287.8089485012,0.004884214279201444,90.08444816559143,0.02346938775510204,0.003741054001301236,-2.2214540151963695,496860.0,70.39246164326575,-0.1659663964666966
NTUC FairPrice Sun Plaza,757713,Authorised Retailer (FairPrice),SEMBAWANG,NORTH REGION,residential,102640,1,0,1.44819666623789,103.819498634275,366454,0,8564,51604,91875,120,0.9886,1403712,314067,8564,162739,254069,260,0.8156,3204002,862580,44544,365067,291186,379,0.7848,11.0,17,70,87,1868,4152,2315,260.0,314067.0,428.0745453029151,0,990992.5723762484,0.003843617033523259,70.89167256630299,0.03758099352051836,0.0047169811320754715,1.9131668075069268,601900.0,85.27396583158567,0.1869137101591543
NTUC FairPrice Tai Seng,539775,Authorised Retailer (FairPrice),GEYLANG,CENTRAL REGION,commercial,110110,1,0,1.33631557522577,103.888825620348,12672,495283,0,22643,4916,0,0.0249,490447,1405485,0,114535,30175,49,0.2587,1602105,2554496,10093,656065,100838,171,0.3857,11.0,2,16,18,3298,4128,885,49.0,1405485.0,801.1524143099009,1,709019.8866642623,0.002749971078950546,50.72046658016387,0.020338983050847456,0.0009759271307742355,-4.594390104769718,43365.0,6.1437207647228975,4.783355785352164
NTUC FairPrice Tampines Mall,529510,Authorised Retailer (FairPrice),TAMPINES,EAST REGION,residential,259900,1,0,1.35250468330971,103.944682574769,265893,169877,35313,40700,117067,56,0.6019,1593682,169877,129050,284780,317109,310,0.8761,3646360,352505,251320,526070,570224,760,0.8875,11.0,26,99,125,1446,4162,2737,310.0,169877.0,400.91053670848356,0,1097292.1389711194,0.004255905517018636,78.49592135589172,0.04567044208987943,0.006777271741487747,5.248890329373023,848470.0,120.20668182277038,0.43719174552528356
NTUC FairPrice Tampines North Drive 2,520633,Authorised Retailer (FairPrice),PASIR RIS,EAST REGION,residential,147110,1,0,1.36551980812276,103.941330282181,436667,0,23836,41756,177547,71,0.9741,1378500,80872,23836,159568,328018,230,0.9374,2837818,819548,127651,465006,480757,621,0.7666,11.0,0,1,1,4100,4100,83,230.0,80872.0,273.2790602888471,1,22682.16200397431,8.797396334319815e-05,1.6225917799019467,0.012048192771084338,5.421817393190197e-05,-0.4887634780945994,19090.0,2.7045688780943187,-1.0364909912614582
NTUC FairPrice Tampines Street 11,521107,Authorised Retailer (FairPrice),TAMPINES,EAST REGION,residential,259900,1,0,1.34836421842072,103.948158723814,485200,0,49225,87920,54397,66,0.9539,1592722,270267,129050,272190,212804,271,0.8319,3509238,608565,152946,563196,428462,598,0.8396,11.0,9,35,44,1237,4124,2946,271.0,270267.0,415.634753525149,1,1224459.983885089,0.004749132720180964,87.5930038910177,0.01493550577053632,0.0023855996530036867,-4.657813402183657,798366.0,113.10821565891298,-6.498043348917998
NTUC FairPrice Tampines Street 44,520475,Authorised Retailer (FairPrice),PASIR RIS,EAST REGION,residential,147110,1,0,1.36032331939995,103.953129640464,494150,0,48538,44221,27760,127,0.9553,1705787,0,90540,287130,188184,399,0.9748,3827371,173261,175717,472840,496404,752,0.9375,11.0,13,34,47,1278,4058,2905,399.0,0.0,399.0,1,1159095.0,0.004495611177780024,82.91705256297477,0.016179001721170396,0.0025482541747993926,-3.9443801293538714,1159095.0,164.2143668808137,-9.146928219685881
NTUC FairPrice Tampines Street 83,521866,Authorised Retailer (FairPrice),PAYA LEBAR,EAST REGION,residential,40,1,0,1.35536454193962,103.934477898052,656319,4495,0,85714,44358,134,0.9932,1396570,537393,49837,273327,136825,334,0.7165,2421969,963073,135391,763789,545075,515,0.7072,12.0,4,32,36,2300,4160,1883,334.0,537393.0,621.5885849960978,0,1170451.305547652,0.0045396572086561044,83.72943755645319,0.019118428040361127,0.001951854261548471,-5.216115864519305,628922.0,89.10229795436537,-5.625600178785478
NTUC FairPrice Tanjong Pagar Plaza,081005,Authorised Retailer (FairPrice),OUTRAM,CENTRAL REGION,mixed,18340,1,0,1.27624052001347,103.843006115698,152531,218874,30056,29815,25252,36,0.4174,322035,578995,95367,214961,182957,60,0.3711,755213,942532,123894,456868,345083,118,0.4486,11.0,27,54,81,1270,4174,2913,60.0,578995.0,369.85210594446835,0,1077379.1846162362,0.004178672071804537,77.07142769236287,0.027806385169927908,0.00439167208848406,0.4474948575958637,174780.0,24.761893583725772,11.301569569478328
NTUC FairPrice Telok Blangah Street 32,101078,Authorised Retailer (FairPrice),BUKIT MERAH,CENTRAL REGION,residential,151250,1,0,1.27338251992557,103.808934807512,449548,0,25938,55327,5972,68,0.9727,1173989,111532,25938,65405,486326,97,0.9051,1604662,732518,80017,205793,1609047,157,0.6804,11.0,14,25,39,1314,4172,2869,97.0,111532.0,156.68691453328344,0,449534.7577959902,0.0017435443013284412,32.15793109370177,0.013593586615545486,0.002114508783344177,1.206544636750949,278293.0,39.42706059672615,-0.06801305805785504
NTUC FairPrice The Woodgrove,739065,Authorised Retailer (FairPrice),WOODLANDS,NORTH REGION,residential,255130,1,0,1.42898765704375,103.780916973423,460461,0,10000,45578,75855,42,0.9894,1247779,75806,51197,358365,228141,195,0.9262,2266829,198670,66387,521489,3299730,364,0.9084,12.0,5,28,33,1864,4156,2319,195.0,75806.0,235.56796473756486,0,546282.1102264129,0.002118784017664748,39.07885242180861,0.014230271668822769,0.0017891997397527651,-0.9724128720763158,452205.0,64.06598059290945,-3.8812474097675236
NTUC FairPrice The Woodleigh Mall,367803,Authorised Retailer (FairPrice),TOA PAYOH,CENTRAL REGION,residential,121850,1,0,1.33869419209869,103.871750105256,358004,0,25441,63736,132981,57,0.9668,1553009,2427,62410,519860,167722,161,0.9792,2998331,655735,116998,787897,242954,240,0.8106,11.0,2,18,20,3892,4177,291,161.0,2427.0,162.29882133891869,0,47228.95700962534,0.0001831800042682989,3.378571998724505,0.06872852233676977,0.0010843634786380394,9.04277538654494,46851.0,6.637598559853164,5.186555427799065
NTUC FairPrice Thomson Plaza,574408,Authorised Retailer (FairPrice),BISHAN,CENTRAL REGION,residential,87320,1,0,1.35466902496424,103.830919782333,427690,34933,0,10891,8977,13,0.9245,1797786,220371,11473,72407,24105,36,0.8886,2407376,419274,11473,400509,460924,81,0.8502,11.0,13,60,73,1343,4160,2840,36.0,220371.0,153.93265648077863,0,437168.7444054113,0.0016955820652535172,31.27331561153587,0.025704225352112677,0.003957926697028844,7.461513224563192,102240.0,14.484815196247414,15.37489298622435
NTUC FairPrice Tiong Bahru Plaza,168732,Authorised Retailer (FairPrice),SINGAPORE RIVER,CENTRAL REGION,residential,3260,1,0,1.28646345355064,103.826935079694,465283,15386,5392,38319,35471,103,0.9628,1507640,291578,108675,203540,92422,279,0.8187,3320662,425577,155864,874811,331866,387,0.871,11.0,9,52,61,1981,4151,2202,279.0,291578.0,435.0394430816781,0,957956.8536658551,0.0037154862536472,68.52842846226896,0.027702089009990917,0.0033073086098460206,-0.9094292990307996,614358.0,87.03894849702824,-2.791043625062115
NTUC FairPrice Toa Payoh HDB Centre,310500,Authorised Retailer (FairPrice),NOVENA,CENTRAL REGION,residential,49330,1,0,1.33285542884681,103.847092284316,327310,71451,45015,42587,76291,83,0.7883,1486870,230950,106269,250073,227697,229,0.8443,3151712,365160,149301,817048,408225,419,0.88,12.0,22,69,91,1754,4164,2429,229.0,230950.0,352.59406189669164,0,856450.976347064,0.0033217903471988715,61.26710116373599,0.037463976945244955,0.00493385382780308,3.798600202544458,556241.0,78.80524344264336,1.3737116376552418
NTUC FairPrice VivoCity,098585,Authorised Retailer (FairPrice),BUKIT MERAH,CENTRAL REGION,mixed,151250,2,1,1.26431382492761,103.82207343835,6973,209384,1338,12922,13065,0,0.0351,188344,209894,14323,12922,759725,17,0.4739,953835,382474,14323,248358,1620177,50,0.7115,11.0,1,12,13,3529,4167,654,17.0,209894.0,129.32583688133445,0,84579.09732039273,0.00032804449619755244,6.050452687867657,0.019877675840978593,0.0007048362611147257,2.8252870658561875,11118.0,1.5751386478078908,9.103146762746423
NTUC FairPrice White Sands,518457,Authorised Retailer (FairPrice),PASIR RIS,EAST REGION,residential,147110,1,0,1.37244981663527,103.949715694737,324746,11525,0,0,20806,71,0.9657,1407635,11525,33122,122565,531475,246,0.9807,2818382,27786,101624,401704,1290713,660,0.9733,11.0,20,61,81,1406,4152,2777,246.0,11525.0,252.16766210590765,0,700269.5976681055,0.002716032620912225,50.09450566010508,0.0291681670867843,0.00439167208848406,4.366572214958712,683142.0,96.78389693656935,-1.6044001137992456
NTUC FairPrice Wisteria Mall,768698,Authorised Retailer (FairPrice),YISHUN,NORTH REGION,residential,221610,1,0,1.41795288501536,103.841268831617,453114,0,10071,106072,57531,115,0.9891,1432304,4918,107446,219794,283672,287,0.962,2236970,19812,186878,438106,537264,463,0.9537,12.0,1,13,14,3630,4175,553,287.0,4918.0,289.6318926018962,0,160166.4366088486,0.0006212139839477656,11.457670719932588,0.02531645569620253,0.0007590544350466276,0.7510755608876425,158711.0,22.48532379314968,-1.789447026439723
NTUC FairPrice Woodlands Civic Centre,730900,Authorised Retailer (FairPrice),WOODLANDS,NORTH REGION,residential,255130,1,0,1.43505698925938,103.787004308703,440315,73322,0,87174,19219,52,0.8572,1558431,182377,52147,254997,239767,302,0.8837,3006121,483620,80148,736427,491498,598,0.8533,11.0,8,53,61,2137,4179,2046,302.0,182377.0,399.59997500122506,0,817581.5488525064,0.0031710332196826256,58.486536703826346,0.029814271749755622,0.0033073086098460206,0.32865829282235776,617892.0,87.53962667487977,-2.8365632006117325
NTUC FairPrice Xpress Macpherson Road,348501,Authorised Retailer (FairPrice),TOA PAYOH,CENTRAL REGION,mixed,121850,1,0,1.32869206523005,103.872188869956,228234,249539,0,52165,219,0,0.4777,1169931,685558,44340,282613,77686,120,0.6275,2630358,1000580,70513,798606,279296,280,0.7202,12.0,8,46,54,2176,4152,2007,120.0,685558.0,486.8798349676212,0,977167.8287800158,0.003789997035299502,69.90270531906401,0.026905829596412557,0.0029277813923227064,-1.9020591548033376,240840.0,34.120920303836336,3.4031877292140025
NTUC FairPrice Yew Tee Point,689578,Authorised Retailer (FairPrice),CHOA CHU KANG,WEST REGION,residential,192070,1,0,1.39696992267974,103.746443198224,462636,7270,8500,61204,66431,105,0.9759,1120442,113333,8500,153959,236065,246,0.9053,1377809,819189,8500,161088,410353,271,0.6266,12.0,13,66,79,1383,4160,2800,246.0,113333.0,306.65072880250165,0,858622.0406470046,0.0033302109347559676,61.422410480639066,0.028214285714285713,0.004283235740620256,2.2428275924371213,688800.0,97.58549204983586,-1.88140128088916
NTUC FairPrice Yishun MRT Station,769093,Authorised Retailer (FairPrice),YISHUN,NORTH REGION,residential,221610,1,0,1.42944308477331,103.835005047246,353806,14894,79431,56657,61080,88,0.8781,1348952,16937,172486,324985,225175,322,0.9329,2942168,489309,279932,511800,461219,592,0.8304,11.0,18,85,103,1468,4169,2715,322.0,16937.0,331.063921309133,0,898838.546354296,0.0034861927762693495,64.29933956551189,0.03793738489871087,0.005584471914985904,4.826308961500506,874230.0,123.8562205498374,-1.8740306908759503
NTUC FairPrice Yishun Ring Road,760849,Authorised Retailer (FairPrice),YISHUN,NORTH REGION,residential,221610,1,0,1.4169831658118,103.835218177871,491485,0,46251,83114,83410,110,0.957,1905053,0,56322,278875,274872,251,0.9856,2646905,19812,135753,375692,568533,389,0.9687,11.0,12,61,73,1973,4167,2210,251.0,0.0,251.0,0,554710.0,0.002151472033290073,39.68175018200211,0.0330316742081448,0.003957926697028844,5.289160803583182,554710.0,78.58833956876371,-0.6303818945658376
NTUC FairPrice Yung Kuang Road,610063,,JURONG WEST,WEST REGION,mixed,262730,1,0,1.33221936370928,103.722686866956,418312,70840,28317,58876,15641,69,0.8357,831091,745598,58253,114960,709265,132,0.5261,1049719,2288521,58253,169303,1139789,140,0.3176,0.0,14,38,52,1353,3861,2830,132.0,745598.0,531.0105449753171,1,1502759.8422801474,0.005828533420016113,107.5014703987772,0.018374558303886925,0.0028193450444589027,-5.353000534554292,373560.0,52.923978528073,-0.12700933340315265
NTUC FairPrice Zhongshan Mall,329984,Authorised Retailer (FairPrice),NOVENA,CENTRAL REGION,residential,49330,1,0,1.32702991607724,103.846490871841,262004,21987,60729,130835,70139,13,0.8481,1344957,234117,149301,389488,180198,99,0.8214,3347094,349238,149318,732140,390956,366,0.8898,11.0,1,5,6,3950,4170,233,99.0,234117.0,224.28889798254062,0,52259.31322993196,0.00020269050655864242,3.7384237029676006,0.02575107296137339,0.00032530904359141186,1.16967978150644,23067.0,3.268008921477299,1.511254684483539
NTUC Foodfare - Seletar Mall,797653,Authorised Retailer (FairPrice),SENGKANG,NORTH-EAST REGION,residential,249370,2,1,1.39130622992517,103.876085067727,435952,9253,0,76410,37766,127,0.9792,1537848,117340,41450,169108,119444,246,0.9186,2734140,477904,79749,488617,471670,375,0.8427,0.0,1,1,2,3285,3298,898,246.0,117340.0,308.7950951416228,1,277297.9954371773,0.001075514921437301,19.83679721098958,0.0022271714922048997,0.00010843634786380394,-4.004802450311652,220908.0,31.297061378840215,-5.236875872625849
Nalayanee Trading Enterprise,534839,Authorised Retailer,GEYLANG,CENTRAL REGION,commercial,110110,1,0,1.33843759646141,103.886437101573,45054,405445,0,12232,3431,0,0.1,528562,1063681,10093,388559,54217,59,0.333,1927045,2130760,12737,732841,206309,184,0.475,10.5,14,33,47,1216,4156,2967,59.0,1063681.0,628.2342730129242,0,1863971.088029346,0.00722951031486075,133.34108824729168,0.015840916750926862,0.0025482541747993926,-7.477140142247265,175053.0,24.800570760452842,4.457701368286312
Nan Huat Wine Store,570513,Authorised Retailer,BISHAN,CENTRAL REGION,residential,87320,1,0,1.34946633905282,103.849467349041,445950,107064,0,147620,14644,74,0.8064,1164150,284256,22747,361620,165444,191,0.799,2756071,537965,57191,873313,591594,388,0.8309,11.0,19,74,93,1261,4160,2922,191.0,284256.0,343.1210377073218,0,1002599.6721807943,0.0038886357831709796,71.72199838480554,0.03182751540041068,0.0050422901756668834,2.512491763013527,558102.0,79.06889994773155,1.5666881659259866
Nel's Store,470741,Authorised Retailer,BEDOK,EAST REGION,residential,276990,1,0,1.33773088769346,103.922272109998,237275,0,33122,27609,27356,40,0.9388,1103384,207481,77684,137326,676400,115,0.8226,2049745,574407,175748,639630,742464,272,0.7635,11.0,16,36,52,1264,4177,2919,115.0,207481.0,226.03450771330364,0,659794.7280151333,0.0025590487011894316,47.19909424473788,0.017814319972593355,0.0028193450444589027,0.6988055544401471,335685.0,47.55805153709226,0.6441121461507762
Ng Nam Thye Trading - Ang Mo Kio Avenue 3,569922,Authorised Retailer,ANG MO KIO,NORTH-EAST REGION,residential,162280,2,1,1.36929729654979,103.84715944541,366103,19300,108154,8873,17265,91,0.8513,1592959,19300,228174,155461,559198,270,0.9275,3299366,204060,380365,979822,924221,527,0.8985,12.0,4,28,32,3245,4169,938,270.0,19300.0,280.32849272399284,0,262948.1261751053,0.0010198581955828602,18.810264559330275,0.03411513859275053,0.001734981565820863,3.04115553970997,253260.0,35.88051933295794,-0.647829158133794
Ng Nam Thye Trading - Taman Jurong,610399,Authorised Retailer,JURONG WEST,WEST REGION,mixed,262730,2,1,1.3350420286067,103.72026802061,468899,167353,28317,48093,18555,82,0.7269,870348,744276,28317,121576,583531,132,0.5384,1532275,2154556,90897,262794,1196015,204,0.4176,11.0,6,27,33,3112,4105,1071,132.0,744276.0,530.3030699814767,1,567954.5879501615,0.0022028418671982833,40.62921539860514,0.03081232492997199,0.0017891997397527651,-1.196907694339407,141372.0,20.028827209740705,2.898354376085701
Ng Teo Guan Self Service,400301,Authorised Retailer,GEYLANG,CENTRAL REGION,mixed,110110,1,0,1.33068802490987,103.901953040703,325812,228605,0,49938,14570,62,0.5877,919001,1221914,0,126304,43229,149,0.4293,2143071,2159462,38230,297593,100037,263,0.4981,12.0,33,126,159,1198,4160,2985,149.0,1221914.0,802.9134641629532,0,2396696.6905264156,0.009295714701278967,171.45016195038926,0.053266331658291456,0.008620689655172414,-0.9508369513114595,444765.0,63.01192127111679,12.092217167306762
OCN (Singapore) Pte Ltd,120501,Authorised Retailer,CLEMENTI,WEST REGION,mixed,91990,1,0,1.31129566365301,103.758864434999,289211,112937,34305,61494,28387,19,0.7019,1116809,679159,91842,148690,162111,93,0.6159,2502060,1248154,178865,351134,251199,243,0.6596,11.0,15,55,70,1218,4156,2965,93.0,679159.0,456.45537771680097,0,1353390.1949303148,0.005249195353466807,96.81615909934179,0.023608768971332208,0.003795272175233138,-2.725352290522861,275745.0,39.06607361394017,4.949201839277503
Ong Eng Siang Trading,160071,Authorised Retailer,SINGAPORE RIVER,CENTRAL REGION,residential,3260,1,0,1.28424655193409,103.83250362707,366823,57154,3790,60515,12319,107,0.862,1329976,257491,49480,425819,116926,249,0.8276,2739055,694769,238244,711512,357413,377,0.7784,11.0,8,36,44,1403,4100,2780,249.0,257491.0,386.7976124349037,1,1075297.3625690325,0.004170597615038216,76.92250241176487,0.015827338129496403,0.0023855996530036867,-3.7537568360347864,692220.0,98.07001931872442,-5.459946589074493
Overseas Emporium (Private) Limited,059108,Authorised Retailer,OUTRAM,CENTRAL REGION,commercial,18340,1,0,1.28413397178419,103.842519972666,79403,193374,83344,46958,84855,24,0.34,386732,798267,149389,267658,228903,67,0.3458,1325682,1224779,201490,649865,762011,187,0.5183,9.5,10,52,62,1514,4124,2669,67.0,798267.0,494.19662701054915,1,1319010.7974911558,0.005115853044671734,94.35679355592546,0.023229674035219184,0.0033615267837779224,-3.3310326603468017,178823.0,25.33468415335046,7.28446537516466
PFG Framing & Trading,640960,Authorised Retailer,JURONG WEST,WEST REGION,residential,262730,1,0,1.34138531163603,103.691459639611,494287,0,30125,71758,65460,99,0.9713,1211432,118298,40280,179533,110616,275,0.899,2031681,853034,40280,2073480,224124,424,0.7015,11.0,22,95,117,1917,4177,2266,275.0,118298.0,338.30777369237853,0,766605.4151869297,0.002973319592838428,54.83990657031197,0.05163283318623124,0.006343526350032531,8.39389061590512,623150.0,88.28455193213591,3.0561399545775547
Papillon Florist Pte Ltd,160133,Authorised Retailer,BUKIT MERAH,CENTRAL REGION,residential,151250,1,0,1.27955093259631,103.82740093837,442768,64064,6898,28220,23044,87,0.8686,1670224,240394,39712,359391,104228,260,0.8666,2543038,444091,108302,716395,1050060,404,0.839,12.0,8,25,33,1340,4150,2843,260.0,240394.0,388.6480663156236,0,1104926.452535318,0.004285515605401287,79.04204982602134,0.01160745691171298,0.0017891997397527651,-5.178757237849039,739180.0,104.72306041434041,-7.008702888152201
Pinthely Floral Centre,199588,,KALLANG,CENTRAL REGION,mixed,101290,1,0,1.30274220636743,103.86510408137,72321,76836,48737,27954,97769,26,0.4886,400035,387179,67042,117717,263989,55,0.5075,838926,1560814,162032,180224,1206729,107,0.3591,0.0,11,35,46,1230,3756,2953,55.0,387179.0,262.2008022996283,1,774278.9691908024,0.0030030818773389293,55.38884214563921,0.015577378936674569,0.002494036000867491,-1.2615396183664578,162415.0,23.01008665980559,4.7926775091657
Poon Long Heng,760716,,YISHUN,NORTH REGION,residential,221610,1,0,1.42621096565013,103.827704108295,429075,2044,0,100883,7906,36,0.9953,922721,8839,91239,156160,131245,170,0.9468,2500977,58961,209733,379100,314986,336,0.9408,0.0,5,21,26,1784,3153,2399,170.0,8839.0,174.73023560556337,1,419177.8352177465,0.00162580337373773,29.986317425218694,0.010837849103793247,0.0014096725222294514,-0.7279646845093287,407830.0,57.77916844176039,-4.180775865683529
Precise Optics,179098,,DOWNTOWN CORE,CENTRAL REGION,commercial,3190,1,0,1.29222075807721,103.850612609298,0,161545,0,138144,366207,0,0.0,64716,881544,134627,345894,522683,14,0.1221,673528,1575003,293754,494144,733023,49,0.3227,0.0,9,45,54,1434,3732,2749,14.0,881544.0,485.76273522691974,1,1335361.7591388023,0.005179271113035943,95.52647640883492,0.019643506729719897,0.0029277813923227064,-4.248769812240123,38486.0,5.45249019603656,20.790719131661128
Premier Security Co-operative Ltd,560555,Authorised Retailer,SERANGOON,NORTH-EAST REGION,residential,116900,2,1,1.37119666371478,103.85702400572,494395,41380,71543,32540,33841,81,0.873,1596543,427319,97734,313710,142898,170,0.7756,3116890,900314,236955,859157,476269,286,0.7605,0.0,5,25,30,1775,4021,2408,170.0,427319.0,398.6819265452798,1,960026.0791210338,0.0037235118538660327,68.67645263270511,0.012458471760797342,0.0016265452179570592,-4.6670527222793,409360.0,57.995930641000015,-3.67617475203395
Prime Admiralty Place,731678,Authorised Retailer,MANDAI,NORTH REGION,residential,2090,1,0,1.44054545356313,103.801759723219,568369,0,22793,36909,39948,133,0.9807,1560765,269569,52723,247489,143250,382,0.8428,2310973,1288954,79474,356149,252658,556,0.6389,11.0,2,15,17,3843,4180,340,382.0,269569.0,526.2612152908823,0,178928.8131989,0.0006939848525305422,12.799856620073319,0.05,0.0009217089568423336,1.1739823393285478,129880.0,18.400702246563128,-0.32653416383582434
Prime Bidadari,340106,,TOA PAYOH,CENTRAL REGION,residential,121850,1,0,1.33369947750043,103.870796085779,446017,0,36968,94653,17210,56,0.9617,1020296,294941,64690,372109,150028,123,0.7628,2895880,924346,70513,799691,252655,292,0.7534,0.0,0,1,1,3952,3952,231,123.0,294941.0,280.8391695599572,1,64873.848168350116,0.00025161664658310056,4.640817429578707,0.004329004329004329,5.421817393190197e-05,-1.6900581972041775,28413.0,4.025401547055729,-1.507920411891192
Prime Buangkok Square,530991,Authorised Retailer,SENGKANG,NORTH-EAST REGION,residential,249370,1,0,1.38433426615655,103.881623070164,208420,0,28621,119248,32984,52,0.9396,1247079,162464,45146,465893,107765,246,0.8728,3448681,390177,118886,759366,403083,688,0.8864,12.0,1,10,11,3705,4120,478,246.0,162464.0,332.9434322233562,1,159146.96060276424,0.0006172598924121871,11.38474145565038,0.02301255230125523,0.0005963999132509217,-0.114026921031168,117588.0,16.659237571364837,-1.3865334934308302
Prime Century Square,529509,,TAMPINES,EAST REGION,residential,259900,2,1,1.35236829566862,103.943812302253,294345,169877,35313,38160,116828,62,0.6246,1562713,169877,87048,292128,312584,314,0.8827,3572521,347428,251320,788656,570589,754,0.8866,0.0,0,15,15,3378,3892,805,314.0,169877.0,404.91053670848356,1,325952.9820503293,0.0012642258568419257,23.317381703592478,0.018633540372670808,0.0008132726089785296,-1.7224504670435197,252770.0,35.81109875934525,-3.4776525282161606
Prime Chai Chee Road,461025,Authorised Retailer,BEDOK,EAST REGION,residential,276990,1,0,1.32328959946584,103.924149636877,417883,107127,37039,51592,19369,53,0.7764,1646955,471615,222520,151374,79759,131,0.751,4057081,616593,282828,332112,353626,306,0.8471,11.0,8,29,37,2015,4160,2168,131.0,471615.0,383.3871552345019,0,831183.3525484002,0.0032237885337278328,59.459555716076146,0.017066420664206643,0.002006072435480373,-2.9126636181368593,284008.0,40.23673116447413,-0.5102644165308097
Prime Compassvale Street,540263,Authorised Retailer,SENGKANG,NORTH-EAST REGION,residential,249370,1,0,1.39484816528775,103.896042268385,363063,17465,27086,166459,41593,97,0.9239,1805123,17465,36764,379365,123511,426,0.9807,3659614,50604,141897,645552,436908,914,0.9684,12.0,8,40,48,1915,4178,2268,426.0,17465.0,435.3464831826184,0,987365.8238581785,0.003829550497840824,70.63222938217615,0.021164021164021163,0.002602472348731295,-2.6929350505802665,966168.0,136.88150360453807,-7.596945474471602
Prime Hougang,531159,,SERANGOON,NORTH-EAST REGION,residential,116900,1,0,1.35209060355776,103.879314590828,418384,0,23236,36456,3099,23,0.9737,1912220,19983,121062,170015,157902,123,0.9608,3813812,196559,213136,569389,251169,294,0.9282,0.0,1,4,5,3077,3738,1106,123.0,19983.0,133.69400363230824,1,147865.5680173329,0.0005735044154167814,10.577715437947116,0.0045207956600361665,0.00027109086965950986,-1.714985348356707,136038.0,19.273134679842585,-3.251196252275077
Prime Joo Seng,360001,Authorised Retailer,GEYLANG,CENTRAL REGION,mixed,110110,1,0,1.33429242412799,103.878746207181,306695,97146,0,321240,15221,23,0.7594,1135817,620053,25441,468670,169883,110,0.6448,2453702,1487438,73172,741311,255406,255,0.6204,11.0,2,5,7,3771,4124,412,110.0,620053.0,441.8245025383387,1,182031.69504579555,0.0007060195436595992,13.021824463257648,0.01699029126213592,0.0003795272175233138,-1.6687534374119357,45320.0,6.420694685973522,0.22862120150542303
Prime Keat Hong,680253,Authorised Retailer,CHOA CHU KANG,WEST REGION,residential,192070,1,0,1.37743962648904,103.744383226772,646914,16632,0,46469,42050,119,0.9749,1734389,45591,90395,411247,155731,329,0.9515,2831800,45591,96779,635394,658271,424,0.9684,11.0,5,24,29,2723,4179,1460,329.0,45591.0,353.39825449635015,0,515961.45156467124,0.0020011837415895525,36.90983292987771,0.01986301369863014,0.0015723270440251573,-1.3019558903971753,480340.0,68.05199659003797,-4.733940629371801
Prime Punggol Field,820108,Authorised Retailer,PUNGGOL,NORTH-EAST REGION,residential,174450,1,0,1.39649861628108,103.908866307025,544185,0,0,75622,38424,148,1.0,1847169,21180,49128,310550,149155,494,0.9761,3501639,25687,138148,516789,549866,829,0.9741,12.0,11,60,71,2154,4117,2029,494.0,21180.0,505.3345842432212,1,1025323.8714294957,0.003976772790188147,73.34759734223017,0.03499260719566289,0.0038494903491650403,-0.27411365031751606,1002326.0,142.00417523859434,-5.958450424366731
Prime Serangoon North,552542,,SERANGOON,NORTH-EAST REGION,residential,116900,1,0,1.37368393003779,103.871416978631,319018,287433,40928,46266,13319,72,0.5244,1290369,670043,62925,171659,214707,168,0.6533,3512921,978145,62925,510807,389253,305,0.7783,12.29,1,14,15,2924,3742,1259,168.0,670043.0,526.5769041586705,1,662960.3223357662,0.002571326625960183,47.425548289209615,0.011914217633042097,0.0008132726089785296,-4.708484532983686,211512.0,29.965886461156913,-2.7339393838721433
Prime Woodlands,730678,,MANDAI,NORTH REGION,residential,2090,1,0,1.43998366608733,103.801293104268,464199,0,22793,66177,39948,130,0.9766,1646362,227595,52723,247489,143250,392,0.8682,2444193,1175840,79474,373519,245586,572,0.6714,0.0,7,45,52,2147,3454,2036,392.0,227595.0,513.7986166589199,1,1046093.9835175609,0.004057330766943157,74.83340866549959,0.025540275049115914,0.0028193450444589027,-2.639508018660744,798112.0,113.0722303003464,-5.743356850816165
Prime Yishun Avenue 6,760461,Authorised Retailer,SIMPANG,NORTH REGION,residential,,1,0,1.42841338853064,103.84997365333,432524,0,0,72427,29986,104,1.0,1255538,4918,51124,157432,257399,247,0.9768,2008284,115959,98706,315150,383506,390,0.9256,11.0,3,3,6,3505,4155,678,247.0,4918.0,249.6318926018962,0,169250.4231840856,0.0006564467056715581,12.107503039406216,0.008849557522123894,0.00032530904359141186,-1.7552395593139076,167466.0,23.72568526657638,-3.6390971631593967
Rangoon Betting Centre - Lottery Lobby (Public),210677,Betting Centre,KALLANG,CENTRAL REGION,residential,101290,2,1,1.31252896906352,103.855137853723,294353,136148,2995,33255,32769,20,0.6825,1211116,468901,49232,247962,154716,132,0.7146,2281802,1179582,212711,629417,343618,253,0.65,8.0,1,8,9,2259,4152,1924,132.0,468901.0,382.93474439238184,0,736766.4482109427,0.002857587583408091,52.70534538837883,0.004677754677754678,0.00048796356538711777,-6.020148785771193,253968.0,35.98082497809627,-4.4980022293948805
Rangoon Provision Shop,210681,Authorised Retailer,KALLANG,CENTRAL REGION,residential,101290,1,0,1.3137206738217,103.855272733514,303413,93069,2995,21327,77370,18,0.7633,1327401,442329,58398,218136,145829,149,0.7421,2412710,1107984,216794,629236,284744,283,0.6745,11.0,16,60,76,1700,4096,2483,149.0,442329.0,385.71460404720375,1,957729.361849207,0.0037146039146208243,68.51215460126649,0.030608135320177206,0.00412058121882455,0.9046343120226836,369967.0,52.414941546459964,3.2576873695818733
River Hong Bao,039805,,DOWNTOWN CORE,CENTRAL REGION,commercial,3190,1,0,1.28866180924693,103.858941046991,0,206242,0,48957,69930,0,0.0,0,536070,9588,127513,843762,0,0.0088,193215,1107498,51652,312585,1269482,14,0.162,0.0,1,2,3,3035,3239,1148,0.0,536070.0,286.8805748471941,1,329338.89992457884,0.001277358318152277,23.559596820000596,0.002613240418118467,0.00016265452179570593,-4.235753386693487,0.0,0.0,
S E Store,600352,Betting Centre,TENGAH,WEST REGION,residential,10,4,1,1.34492289474517,103.730400848037,363418,0,43091,65516,225945,41,0.947,899033,0,128848,206545,556787,143,0.9373,2854151,4879,181715,608707,1412485,446,0.9685,0.0,13,31,44,1365,3601,2818,143.0,0.0,143.0,1,402974.0,0.001562955943002711,28.827159412742002,0.015613910574875798,0.0023855996530036867,2.82595973803442,402974.0,57.09119638979465,-1.7325858612175116
STC Racecourse - Kranji 1,738078,,SUNGEI KADUT,NORTH REGION,mixed,750,2,1,1.41993788166264,103.767403498455,0,0,0,0,1229340,0,0.5,40405,17793,0,0,1382706,3,0.6943,447420,576992,40789,458013,1462290,44,0.4392,0.0,3,4,7,1590,3494,2593,3.0,17793.0,12.522014043419935,1,32469.58241458789,0.0001259349903509816,2.3227449620335046,0.002699575780948708,0.0003795272175233138,3.0689533579422226,7779.0,1.1020870247614303,5.6181122932319045
Seah Geok Eng Agency - Rivervale Plaza,540118,Authorised Retailer,SENGKANG,NORTH-EAST REGION,residential,249370,1,0,1.3849334568541,103.901558018707,334600,0,15351,63536,58944,111,0.9781,1504806,72745,37888,184815,140070,356,0.9432,3066605,821492,102230,450944,400808,735,0.7813,11.0,22,81,103,1196,4179,2987,356.0,72745.0,394.92985508843833,0,1179655.4771491652,0.004575356074352158,84.38786743535121,0.034482758620689655,0.005584471914985904,2.026077861518154,1063372.0,150.65284531361507,-3.882399013191775
Seah Geok Eng Agency - Upper Serangoon View,537476,Authorised Retailer,PAYA LEBAR,EAST REGION,mixed,40,1,0,1.37791506138102,103.903623796196,217103,147104,0,40279,25961,29,0.5961,880269,1145908,15351,151031,275024,153,0.4349,2165052,1639314,57893,255747,380277,478,0.5681,11.0,2,18,20,3367,4131,816,153.0,1145908.0,766.2384684127045,0,625250.5902247669,0.0024250674382410584,44.72794383091808,0.024509803921568627,0.0010843634786380394,-3.6974178934201714,124848.0,17.687795457952827,0.5497805814570988
Seah Koon Huat (Boon Tiong Rd),161011,,SINGAPORE RIVER,CENTRAL REGION,residential,3260,1,0,1.28636578139912,103.828789865335,517718,23978,5392,40244,5568,132,0.9512,1440718,261966,90059,221204,117711,266,0.8288,3349893,428966,183744,761466,332917,373,0.8686,0.0,2,11,13,3183,3795,1000,266.0,261966.0,406.1924313437052,1,406192.4313437052,0.001575438798958158,29.057393207984266,0.013,0.0007048362611147257,-2.978836846514159,266000.0,37.685454246887836,-4.021186779224515
Seah Koon Huat - Bukit Merah View,151116,Authorised Retailer,RIVER VALLEY,CENTRAL REGION,residential,10070,1,0,1.28513427067055,103.821532226321,361396,94923,67739,37985,63730,60,0.7542,1470278,205181,95317,255412,159693,256,0.8572,3060644,592252,174454,622892,699780,453,0.8225,11.0,27,54,81,1286,4134,2897,256.0,205181.0,365.8036510674392,0,1059733.1771423714,0.004110231099802504,75.80910240475738,0.027959958577839145,0.00439167208848406,0.5961860145375004,741632.0,105.0704466316839,-2.3482474510161597
Seng Yeok Chan Agency,560338,Authorised Retailer,BISHAN,CENTRAL REGION,residential,87320,1,0,1.36389570157547,103.848986957428,359052,0,31067,42788,344621,60,0.9602,1532926,159702,235311,201524,395661,291,0.8561,3073617,413302,291618,547485,884317,461,0.852,11.0,12,57,69,1329,4178,2854,291.0,159702.0,376.465333938192,0,1074432.0630595998,0.00416724150518809,76.86060232168913,0.024176594253679046,0.003741054001301236,-0.8966107334126339,830514.0,117.66277198646542,-4.486186315695796
Serangoon Avenue 3 Betting Centre - Lottery Lobby (Public),550267,Betting Centre,SERANGOON,NORTH-EAST REGION,residential,116900,2,1,1.35319405066769,103.870920824793,389614,19983,83592,11685,24761,80,0.8747,1930560,19983,107199,233515,112848,144,0.9642,4431128,81356,110969,470691,230817,204,0.9704,8.0,2,5,7,1565,3948,2618,144.0,19983.0,154.69400363230824,1,404988.901509383,0.001570770844928531,28.971297463861827,0.00267379679144385,0.0003795272175233138,-4.081988071618043,376992.0,53.41020589264187,-6.350404203566003
Shell Station Geylang Road,389266,Authorised Retailer,KALLANG,CENTRAL REGION,mixed,101290,1,0,1.31198237882226,103.875582544247,170947,202517,1965,54938,32003,27,0.458,825668,512676,5373,76567,596778,78,0.6165,1922972,1188432,9223,268710,763817,210,0.6177,11.0,1,0,1,4160,4160,23,78.0,512676.0,352.36115729356254,0,8104.306617751939,3.1432981264626486e-05,0.5797499064447709,0.043478260869565216,5.421817393190197e-05,0.5519344156641985,1794.0,0.25416430420645403,1.4794009274882085
Shell Station Tuas South Avenue 5,637365,Authorised Retailer,TUAS,WEST REGION,commercial,70,1,0,1.28941779146838,103.625751502111,0,445616,0,4011,0,0,0.0,0,1983181,0,4011,0,0,0.0,0,4007506,0,4011,0,0,0.0,11.0,0,4,4,4034,4160,149,0.0,1983181.0,1061.3093538269875,0,158135.09372022114,0.0006133353132641568,11.312356517844108,0.026845637583892617,0.00021687269572760788,-2.1741065056839584,0.0,0.0,
Sheng Moh Fruits & Provision Store,128632,Authorised Retailer,CLEMENTI,WEST REGION,residential,91990,1,0,1.30836839456285,103.762107951222,384404,62367,0,69586,102463,32,0.8604,1167720,545622,143280,247831,183926,140,0.6675,2277114,1170351,178865,646229,586297,216,0.6526,11.0,13,39,52,1385,4177,2798,140.0,545622.0,431.9923760129754,0,1208714.6680843052,0.004688063681222397,86.46664653646589,0.01858470335954253,0.0028193450444589027,-3.7065914739917183,391720.0,55.49678999094324,-0.4693919297884115
Sheng Siong Canberra Street,750105,Authorised Retailer,SEMBAWANG,NORTH REGION,residential,102640,1,0,1.44885564679911,103.832409172149,312941,0,0,73723,12306,68,1.0,1850849,215053,28599,89319,176959,128,0.8905,2989654,407478,70829,191266,396933,247,0.8723,11.0,0,4,4,4019,4180,164,128.0,215053.0,243.0867018535147,0,39866.219103976415,0.00015462323642122854,2.8518709725531393,0.024390243902439025,0.00021687269572760788,0.6798698165323874,20992.0,2.974034043423569,0.5949219360139539
Sheng Siong Clementi Avenue 6,121209,Authorised Retailer,CLEMENTI,WEST REGION,residential,91990,1,0,1.32220922708728,103.76364056113,306300,79225,5397,30871,17367,46,0.7904,1679972,138702,40198,96724,70402,124,0.9146,3442623,306355,151120,173881,239481,201,0.9021,12.0,0,1,1,4019,4019,164,124.0,138702.0,198.22707760638633,1,32509.24072744736,0.00012608880721205247,2.3255819602190955,0.006097560975609756,5.421817393190197e-05,-0.8692421157391133,20336.0,2.8810954795665826,-1.1082353889887453
Sheng Siong Jalan Berseh,209037,Authorised Retailer,ROCHOR,CENTRAL REGION,mixed,13120,1,0,1.30730464109303,103.857706092553,197005,202098,17909,70245,63008,40,0.4939,713853,784735,156448,203398,139630,110,0.4786,1524130,1509474,207801,479095,405733,186,0.5023,12.0,0,9,9,3756,4150,427,110.0,784735.0,529.9549086923589,0,226290.74601163727,0.0008776806104746349,16.187941179594166,0.02107728337236534,0.00048796356538711777,-1.7865233864278152,46970.0,6.654457842016246,0.9092575255235213
Sheng Siong Junction 9,768897,Authorised Retailer,YISHUN,NORTH REGION,residential,221610,1,0,1.4331228398318,103.84166098599,454049,40898,9004,77355,23314,104,0.9099,1275794,268477,122100,205383,98145,276,0.8022,2518974,555342,173225,459078,429144,542,0.8023,12.0,5,15,20,3371,4082,812,276.0,268477.0,419.6768259616284,1,340777.58268084226,0.0013217238533828985,24.37787475179418,0.024630541871921183,0.0010843634786380394,-0.8866769359127991,224112.0,31.75098692548318,-2.0854305362901067
Sheng Siong Marsiling Mall,738623,Authorised Retailer,WOODLANDS,NORTH REGION,residential,255130,1,0,1.43354318137534,103.77988189197,447972,7067,0,47037,166163,93,0.9845,1506973,188677,51197,228977,247265,250,0.8773,2424253,471260,79197,756647,574137,410,0.8283,12.0,2,5,7,3617,4050,566,250.0,188677.0,350.97145190076674,1,198649.84177583398,0.000770473903477862,14.210620675745687,0.012367491166077738,0.0003795272175233138,-1.9127848618812187,141500.0,20.046961563664016,-2.913970186614124
Sheng Siong Sengkang West Ave,790455,Authorised Retailer,SENGKANG,NORTH-EAST REGION,residential,249370,1,0,1.39183688254074,103.871190376558,383869,224428,20427,55587,34012,95,0.6268,1521989,315440,41450,131371,104309,185,0.8211,2788332,1300118,42208,211718,364994,253,0.6801,12.0,2,15,17,3705,4152,478,185.0,315440.0,353.80931320498985,0,169120.85171198516,0.0006559441558733999,12.098234010928987,0.03556485355648536,0.0009217089568423336,1.4092614881383398,88430.0,12.528288417489815,1.263362300468552
Sheng Siong Senja Close,670643,Authorised Retailer,CHOA CHU KANG,WEST REGION,residential,192070,1,0,1.38790584193931,103.763017336135,338674,3916,12466,73748,39229,94,0.9714,1173518,15415,40980,147450,115984,240,0.9708,2112182,325447,125943,393992,361815,430,0.8485,0.0,0,2,2,3909,4046,274,240.0,15415.0,248.24941530260878,1,68020.3397929148,0.0002638204805381985,4.865904943046533,0.0072992700729927005,0.00010843634786380394,-1.299211844461682,65760.0,9.316524328102796,-2.3970542320355523
Sheng Siong Serangoon North Avenue 5,554913,Authorised Retailer,SERANGOON,NORTH-EAST REGION,residential,116900,1,0,1.37565390082777,103.872017821492,289518,327352,0,22940,46991,45,0.4693,1391741,658214,62925,175395,185322,183,0.6736,3421987,971830,84706,456446,399700,333,0.7735,11.0,1,6,7,3950,4155,233,183.0,658214.0,535.2465549134834,0,124712.44729484162,0.0004837038138090425,8.92143314189398,0.030042918454935622,0.0003795272175233138,-0.6432917248522003,42639.0,6.040864976064099,0.39023856480752056
Sheng Siong Tampines Avenue 9,521602,Authorised Retailer,PASIR RIS,EAST REGION,residential,147110,1,0,1.36113645824177,103.937425593435,484899,6021,0,85600,76979,114,0.9877,1309791,314664,23836,230648,327765,297,0.8019,2843911,1339092,108986,489837,519473,502,0.6753,12.0,0,7,7,3782,4018,401,297.0,314664.0,465.3940328757765,1,186623.00718318636,0.0007238271902852263,13.350268697620713,0.017456359102244388,0.0003795272175233138,-1.7379893006424036,119097.0,16.87302460316391,-2.4035532562904143
Sheng Siong Tanglin Halt Road,141088,Authorised Retailer,QUEENSTOWN,CENTRAL REGION,residential,95930,1,0,1.30178506364186,103.798226442608,349561,77521,0,68719,53687,52,0.8185,1597041,360247,36202,180258,263348,155,0.8102,3305915,832556,53321,422672,372946,241,0.795,12.0,4,22,26,3091,4173,1092,155.0,360247.0,347.7880061316192,0,379784.5026957282,0.0014730142529012233,27.168274880510165,0.023809523809523808,0.0014096725222294514,-0.22413723368947325,169260.0,23.979849570782836,0.41253469828760975
Sheng Siong Woodlands Drive 16,730573,Authorised Retailer,MANDAI,NORTH REGION,residential,2090,1,0,1.43109807246887,103.798507621177,302843,97216,0,42069,36963,65,0.757,1121198,182873,30587,243473,159535,243,0.8515,2218592,286439,53380,482419,259543,465,0.8776,12.0,0,6,6,3830,4116,353,243.0,182873.0,340.86541191268105,1,120325.49040517642,0.0004666887698052137,8.607607670287361,0.0169971671388102,0.00032530904359141186,-0.888793803050938,85779.0,12.152708946781171,-1.7649395000901906
Singapore Pools Anchorvale Road Branch,540308,Branch,SENGKANG,NORTH-EAST REGION,residential,249370,1,0,1.38955848510235,103.886426650492,358930,0,0,45906,19745,75,1.0,1051196,164079,38299,427100,197219,296,0.8538,3048134,185090,119166,897132,516729,725,0.927,12.0,10,43,53,2173,4160,2010,296.0,164079.0,383.80770765077835,0,771453.4923780645,0.0029921231162866407,55.1867187567908,0.0263681592039801,0.0028735632183908046,-0.2943578645967293,594960.0,84.29074382980596,-3.4082068420432985
Singapore Pools Ang Mo Kio N2 Branch,560202,Branch,ANG MO KIO,NORTH-EAST REGION,residential,162280,1,0,1.36844644010937,103.844516260527,607928,19300,108154,33719,28069,101,0.9002,1303532,19300,210960,200730,735595,257,0.9186,3523215,198400,380365,904260,886373,529,0.9053,12.0,17,65,82,1552,4160,2631,257.0,19300.0,267.32849272399284,0,703341.2643568252,0.002727946242401596,50.314240494855035,0.031166856708475865,0.0044458902624159614,4.467027858443286,676167.0,95.79571632238874,-1.4095198971959382
Singapore Pools Ang Mo Kio N2A Branch,561226,Branch,ANG MO KIO,NORTH-EAST REGION,residential,162280,1,0,1.36749458006861,103.839283930528,373292,0,17410,72915,172849,61,0.9777,1467963,105647,179893,281740,267119,222,0.8885,3186993,297383,282632,566679,878486,414,0.8835,12.0,12,49,61,1656,4180,2527,222.0,105647.0,278.53752698506077,0,703864.3306912485,0.002729974982806614,50.351658582885186,0.024139295607439652,0.0033073086098460206,1.5006350192649807,560994.0,79.47862300668645,-2.072738136744127
Singapore Pools Ang Mo Kio N4 Branch,560447,Branch,SERANGOON,NORTH-EAST REGION,residential,116900,1,0,1.36747901420817,103.855967139125,418517,0,32646,68130,38241,82,0.9638,1622056,199591,128801,249215,101581,208,0.8647,3049744,727952,236955,464649,577171,323,0.7892,12.0,15,69,84,1570,4163,2613,208.0,199591.0,314.8121342629252,0,822604.1068290236,0.0031905134760725493,58.8458305526821,0.03214695752009185,0.004554326610279766,3.2790809165512442,543504.0,77.00073355263355,0.7976366397399623
Singapore Pools Ang Mo Kio N6 Branch,560630,Branch,ANG MO KIO,NORTH-EAST REGION,residential,162280,1,0,1.38054138917049,103.841068277331,517575,0,34418,107402,27782,55,0.9688,1259102,107319,88747,588702,371407,91,0.8958,2669416,437226,214311,749438,518315,215,0.8361,12.0,14,71,85,1807,4168,2376,91.0,107319.0,148.43230625109786,0,352675.1596526085,0.001367869234065906,25.22898015311157,0.03577441077441077,0.004608544784211668,11.899831681729362,216216.0,30.63232396783872,9.823150458678255
Singapore Pools Ang Mo Kio N7 Branch,560726,Branch,ANG MO KIO,NORTH-EAST REGION,residential,162280,1,0,1.37278358482637,103.84644830631,314202,19300,108154,10684,215938,59,0.8339,1421997,19300,249858,550566,278737,250,0.9147,3272248,84558,343112,931084,898622,463,0.9308,12.0,14,74,88,1661,4179,2522,250.0,19300.0,260.32849272399284,0,656548.4586499099,0.002546457873997197,46.9668690280043,0.034892942109436956,0.004771199306007373,5.9874079771341435,630500.0,89.32586053632623,-0.14028435504649947
Singapore Pools Balestier Road Branch,320002,Branch,NOVENA,CENTRAL REGION,residential,49330,1,0,1.32589620218837,103.842935480003,296458,12730,41481,152873,4006,12,0.9046,1280897,192494,76451,460057,89724,46,0.8511,4277054,332596,153465,669583,335564,202,0.9141,12.0,5,23,28,2129,4124,2054,46.0,192494.0,149.0141387778383,1,306075.04104967986,0.0011871282127715334,21.895392756358163,0.013631937682570594,0.0015181088700932553,1.3046119663984506,94484.0,13.385986688206579,3.9943333298134416
Singapore Pools Bedok North Branch,460509,Branch,BEDOK,EAST REGION,residential,276990,1,0,1.33306648174585,103.931091390071,494842,0,30226,89172,14304,58,0.9712,1606954,16679,255412,135810,234538,253,0.9232,3016412,355966,371163,659055,796999,477,0.8553,12.0,6,45,51,1601,4144,2582,253.0,16679.0,261.9258513027708,0,676292.5480637542,0.0026230363676184847,48.37928276435533,0.019752130131680867,0.0027651268705270004,0.37678226468185294,653246.0,92.54839189835522,-4.318866510745904
Singapore Pools Bedok Town Centre Branch,460204,Branch,BEDOK,EAST REGION,residential,276990,1,0,1.32635909520616,103.929995919076,355098,116078,143484,26411,45564,73,0.6944,1755102,417566,277003,156456,142202,264,0.773,3723386,590850,344552,413581,363364,421,0.8362,12.0,11,68,79,2754,4156,1429,264.0,417566.0,487.46255921175117,0,696583.9971135925,0.002701737824498039,49.83085243504183,0.055283414975507345,0.004283235740620256,4.132135737128426,377256.0,53.447607997608706,3.495162922759523
Singapore Pools Bencoolen Branch,189646,Branch,ROCHOR,CENTRAL REGION,commercial,13120,1,0,1.30166188823652,103.853356123694,48844,197468,85158,109821,22119,15,0.2758,477376,960035,155507,279661,146874,54,0.3485,1096438,1390208,256936,1011360,671291,114,0.4465,12.0,10,58,68,3064,4160,1119,54.0,960035.0,567.7675913097655,0,635331.9346756276,0.0024641684651632175,45.44912317147038,0.06076854334226988,0.0036868358273693344,3.345035093317734,60426.0,8.560831798204678,20.314902445543332
Singapore Pools Beo Crescent Branch,160036,Branch,RIVER VALLEY,CENTRAL REGION,residential,10070,1,0,1.28835977080873,103.827056911096,454463,15386,1634,85270,32916,69,0.9656,1773764,164127,111037,176900,91338,265,0.8928,3455096,418829,151307,686030,301226,375,0.8772,12.0,10,40,50,1612,4160,2571,265.0,164127.0,352.8333950938225,0,907134.6587862177,0.0035183696865149004,64.89281049808082,0.019447685725398678,0.0027109086965950986,-1.848750785424045,681315.0,96.52505736924205,-4.73551136369683
Singapore Pools Bishan N1 Branch,570152,Branch,TOA PAYOH,CENTRAL REGION,residential,121850,1,0,1.34552772598093,103.854821241123,433247,24932,19938,135344,46417,84,0.927,1311166,243621,19938,349788,130268,208,0.839,3223499,552456,20559,717398,260409,402,0.8518,12.0,5,28,33,1595,4100,2588,208.0,243621.0,338.3750117052778,1,875714.530293259,0.0033965050586282908,62.645139301340194,0.012751159196290572,0.0017891997397527651,-3.745500037628528,538304.0,76.2640254244989,-4.954126168738986
Singapore Pools Bishan N2 Branch,570279,Branch,BISHAN,CENTRAL REGION,residential,87320,1,0,1.35722283118337,103.843785252615,480550,51671,37254,102806,18175,82,0.8766,1159545,363218,70633,265441,584999,159,0.7499,2862300,664920,123394,823791,684358,380,0.801,12.0,12,54,66,2091,4173,2092,159.0,363218.0,353.37795182503805,0,739266.6752179796,0.0028672848459101487,52.88420169796678,0.03154875717017208,0.0035783994795055302,1.8035648093752856,332628.0,47.124952162533106,2.7495561928672614
Singapore Pools Bukit Batok Central Branch,650642,Branch,BUKIT BATOK,WEST REGION,residential,158030,1,0,1.34900647948549,103.751706683374,408675,58521,0,64738,46091,81,0.8747,1479649,300663,80299,155241,654272,282,0.8168,2921062,661903,131832,420217,940833,481,0.8041,12.0,19,75,94,1576,4168,2607,282.0,300663.0,442.9013268328425,0,1154643.7590532205,0.004478346804665367,82.59862846524803,0.03605677023398542,0.005096508349598785,1.2545000419998245,735174.0,104.15551180639667,-0.995086161751798
Singapore Pools Bukit Batok N3 Branch,650324,Branch,BUKIT BATOK,WEST REGION,residential,158030,1,0,1.36216472766267,103.747628122263,346021,0,0,103057,108549,99,1.0,1397080,0,109088,153889,482793,183,0.9638,2875675,13499,158892,646122,1180713,420,0.9695,12.0,5,29,34,1845,4160,2338,183.0,0.0,183.0,0,427854.0,0.001659454337097386,30.606975793424187,0.01454234388366125,0.0018434179136846672,0.6133053426970424,427854.0,60.61606143363889,-3.418612947157449
Singapore Pools Bukit Gombak Branch,650374,Branch,BUKIT BATOK,WEST REGION,residential,158030,1,0,1.35798291106742,103.750736425731,358950,0,36836,22798,222514,68,0.9535,1328783,37963,36836,165455,913247,219,0.9598,3138327,71118,239191,427142,1149603,469,0.9447,12.0,12,62,74,1784,4160,2399,219.0,37963.0,239.3160916725876,0,574119.3039225376,0.0022267520437008587,41.07021469401864,0.030846185910796166,0.004012144870960746,5.138370464365946,525381.0,74.43316405144427,-0.050207565875583074
Singapore Pools Bukit Panjang Branch,670257,Branch,BUKIT PANJANG,WEST REGION,residential,138270,1,0,1.37850873559017,103.773212348159,388738,3232,30420,55940,103748,80,0.9563,1284674,3232,43309,116866,1091945,231,0.9813,2333586,14731,117139,388545,1320600,380,0.9703,12.0,20,82,102,1580,4171,2603,231.0,3232.0,232.72962116497123,0,605795.2038924202,0.002349608694769879,43.336182766335654,0.039185555128697654,0.005530253741054001,8.9113805861839,601293.0,85.18796932508994,1.8215078231385289
Singapore Pools Canberra Branch,750505,Branch,SEMBAWANG,NORTH REGION,residential,102640,1,0,1.45026201889682,103.822534715231,391737,0,8564,13979,161731,90,0.9893,2069316,34211,8564,237256,228840,273,0.9818,3529520,463901,44544,306840,320212,380,0.8796,12.0,8,56,64,1759,4177,2424,273.0,34211.0,291.3081898746383,0,706131.0522561232,0.002738766582118116,50.51381084058653,0.026402640264026403,0.003469963131641726,1.8975104663329052,661752.0,93.75347638641549,-3.07286885494026
Singapore Pools Chai Chee Branch,461036,Branch,BEDOK,EAST REGION,residential,276990,1,0,1.32534102499628,103.92543538387,498698,173480,84830,39597,24294,68,0.7148,1520504,466218,222520,127707,82389,189,0.7386,3857897,616046,348483,418612,352733,349,0.8361,12.0,7,28,35,1996,4178,2187,189.0,466218.0,438.49892335722785,0,958997.1453822573,0.003719521080014676,68.60284679979068,0.01600365797896662,0.001897636087616569,-4.056999955920791,413343.0,58.560220732223144,-3.0787753620359184
Singapore Pools Changi Road Branch,419799,Branch,GEYLANG,CENTRAL REGION,residential,110110,1,0,1.31786851894401,103.907753065671,500416,8394,1202,65555,17410,2,0.9824,2054528,24398,11133,167542,74776,70,0.9857,4194585,334643,75284,401640,170879,191,0.9191,12.0,4,27,31,1744,4124,2439,70.0,24398.0,83.05671323730454,1,202575.32358578575,0.00078569909201115,14.49143405305365,0.012710127101271012,0.0016807633918889612,4.336642948152952,170730.0,24.188111291620903,1.385053550244837
Singapore Pools Cheong Chin Nam Road Branch,599730,Branch,BUKIT PANJANG,WEST REGION,residential,138270,1,0,1.34248911530733,103.775237429914,433475,23006,69877,39844,23429,11,0.8899,1420468,23006,92816,395014,219603,21,0.9548,2446608,36093,92816,494861,2419744,21,0.968,11.0,6,39,45,2224,4144,1959,21.0,23006.0,33.31177738902484,0,65257.77190509966,0.0002531057150739027,4.668281808823061,0.022970903522205207,0.002439817826935589,18.666727664462847,41139.0,5.8283530160252575,16.225530595768028
Singapore Pools Chin Swee Branch,160052,Branch,SINGAPORE RIVER,CENTRAL REGION,mixed,3260,1,0,1.28708278284998,103.841580109275,131890,166770,47010,53864,105557,23,0.4495,518084,638607,158154,250395,237307,59,0.4542,1507554,1282622,268290,737367,733721,199,0.5368,12.0,10,39,49,1620,4169,2563,59.0,638607.0,400.75376958502073,0,1027131.9114464081,0.003983785368889551,73.47693734379888,0.01911822083495903,0.0026566905226631968,-2.8554959809357663,151217.0,21.42361404079563,5.957869427501976
Singapore Pools Chinatown Point Branch,059413,Branch,OUTRAM,CENTRAL REGION,commercial,18340,1,0,1.28533894878838,103.845015574621,39322,279763,76120,43471,47242,21,0.1958,258628,845753,161064,191752,286300,43,0.268,964772,1230513,198099,737216,846845,127,0.4445,11.0,7,85,92,2821,4160,1362,43.0,845753.0,495.6090003520789,0,675019.4584795315,0.0026180986224249095,48.288210992005034,0.06754772393538913,0.004988072001734982,6.290396536265447,58566.0,8.297316967756514,29.058322454127456
Singapore Pools Choa Chu Kang Branch,680303,,CHOA CHU KANG,WEST REGION,residential,192070,1,0,1.3846968155873416,103.74378458764835,564050,17623,0,20208,105979,78,0.9697,1212117,60101,0,175428,243401,261,0.9528,2631968,61727,47724,527735,452842,510,0.9688,0.0,15,80,95,1638,3551,2545,261.0,60101.0,293.16335446656444,1,746100.7371174066,0.002893791115943843,53.373083342468234,0.03732809430255403,0.005150726523530687,5.697877358574618,664245.0,94.10667126400003,0.09208758810662679
Singapore Pools Circuit Road 64 Branch,370064,Branch,GEYLANG,CENTRAL REGION,mixed,110110,1,0,1.32698404492367,103.887148432844,490596,56078,0,35773,12620,101,0.8974,1069743,872720,0,173347,53032,144,0.5507,1953301,2501201,5917,337819,87916,213,0.4386,12.0,12,27,39,1648,4160,2535,144.0,872720.0,611.0405269473076,0,1548987.735811425,0.00600783074671016,110.8084302923222,0.015384615384615385,0.002114508783344177,-6.821643697354079,365040.0,51.71691059505238,-1.768338210128397
Singapore Pools Circuit Road 88 Branch,370088,Branch,GEYLANG,CENTRAL REGION,residential,110110,1,0,1.32354065999154,103.885851746701,535587,53100,0,51603,26209,95,0.9098,1308946,569714,0,270641,55521,160,0.6967,2190592,2203983,27553,353313,104509,212,0.4985,12.0,11,39,50,2012,4156,2171,160.0,569714.0,464.88533180087364,0,1009266.0553396967,0.003914491702353209,72.1988849582026,0.023030861354214647,0.0027109086965950986,-2.612557847201236,347360.0,49.21210295939458,0.11231389981211252
Singapore Pools Clementi N3 Branch,120325,Branch,CLEMENTI,WEST REGION,residential,91990,1,0,1.315096685325,103.766817400667,504801,3788,57538,41245,10107,96,0.9425,1507523,3788,151120,273569,168708,199,0.9523,3313731,332565,202558,928936,346522,252,0.8873,12.0,13,74,87,1749,4160,2434,199.0,3788.0,201.02716738023238,0,489300.1254034856,0.0018977763798938632,35.002587550762414,0.03574363188167625,0.0047169811320754715,8.788841999633464,484366.0,68.62237869078223,2.2184845784029483
Singapore Pools Clementi N7 Branch,120722,Branch,CLEMENTI,WEST REGION,residential,91990,1,0,1.30297959881951,103.76371403028,386354,86084,51438,63795,29336,36,0.7866,839460,392942,51438,255898,492648,67,0.6739,1547433,1003621,144370,561016,664519,155,0.6009,12.0,22,79,101,1722,4128,2461,67.0,392942.0,277.28490093011385,1,682398.1411890102,0.0026467172330357958,48.81605264611222,0.041040227549776515,0.005476035567122099,7.468881998544433,164887.0,23.3603063699496,16.063661571042545
Singapore Pools Clementi Town Centre Branch,120446,Branch,CLEMENTI,WEST REGION,residential,91990,1,0,1.31251305732378,103.764927758669,432508,3788,57538,37188,94113,70,0.9341,1666160,33782,144008,277695,201284,200,0.9426,2916488,692514,202558,1020973,393700,254,0.7917,12.0,15,98,113,1989,4167,2194,200.0,33782.0,218.07860835243142,0,478464.4667252345,0.0018557497053999221,34.227447566396165,0.05150410209662717,0.006126653654304923,13.464420334094301,438800.0,62.166832043362334,6.447150490337832
Singapore Pools Commonwealth Crescent Branch,140116,Branch,QUEENSTOWN,CENTRAL REGION,residential,95930,1,0,1.30697208675745,103.800028892853,556253,44917,16354,52067,14194,52,0.914,1969121,266811,36202,123004,81294,108,0.8746,3811908,428233,57215,270631,523032,208,0.8937,12.0,6,38,44,1903,4138,2280,108.0,266811.0,250.7852576259718,0,571790.3873872157,0.002217719217911506,40.90361325515982,0.01929824561403509,0.0023855996530036867,0.4841437869611932,246240.0,34.88596335997616,1.5430692259111158
Singapore Pools Empress Road Branch,260008,Branch,BUKIT TIMAH,CENTRAL REGION,residential,77860,1,0,1.31641190098174,103.805373811937,638215,3807,0,8019,2086,10,0.9941,2158483,3807,9277,71658,87223,10,0.9961,4087306,48620,33212,462112,1002496,59,0.9844,12.0,4,27,31,1901,3988,2282,10.0,3807.0,12.037335326437345,1,27469.19921493002,0.0001065407400043186,1.9650374086396523,0.013584574934268186,0.0016807633918889612,20.71265920443742,22820.0,3.2330152853909033,15.442757163450151
Singapore Pools Everton Park Branch,080007,,OUTRAM,CENTRAL REGION,mixed,18340,1,0,1.27692435153003,103.838679504443,218842,107612,30056,179180,60812,43,0.656,528029,497630,68507,356763,174337,75,0.5139,1575280,882486,136560,498967,275474,248,0.6335,0.0,4,30,34,2056,4046,2127,75.0,497630.0,341.3092142093555,1,725964.6986232991,0.0028156924271130583,51.93263112567325,0.015984955336154207,0.0018434179136846672,-2.4884209669460486,159525.0,22.60064695013076,2.3978376157752823
Singapore Pools Fajar Road Branch,670445,Branch,BUKIT PANJANG,WEST REGION,residential,138270,1,0,1.38358032362676,103.770768501474,463647,0,12889,95001,53855,102,0.9865,1247814,14731,74729,147526,338975,332,0.961,2273368,18647,117139,246949,1232851,438,0.9679,12.0,6,39,45,2048,4124,2135,332.0,14731.0,339.88336923923,1,725650.993325756,0.002814475704547467,51.910189894673486,0.02107728337236534,0.002439817826935589,-0.9590995192966975,708820.0,100.42181834315426,-5.530529714674203
Singapore Pools Funan Branch,179105,Branch,DOWNTOWN CORE,CENTRAL REGION,commercial,3190,1,0,1.29134759697794,103.849989790085,0,182734,0,134099,355828,0,0.0,42379,883797,121869,362571,530293,16,0.0986,723072,1593321,305897,502540,794878,54,0.3341,11.0,6,12,18,3610,4160,573,16.0,883797.0,488.9684395848035,0,280178.9158820924,0.0010866887235453726,20.04288681707085,0.031413612565445025,0.0009759271307742355,-0.4563143945288805,9168.0,1.2988730997573972,14.654210130569105
Singapore Pools Gek Poh Shopping Centre (Jurong West N7) Branch,640762,,JURONG WEST,WEST REGION,mixed,262730,1,0,1.34874357136408,103.697732091001,432555,13751,0,81047,14157,84,0.9692,1292992,760665,10155,237182,83313,285,0.629,2336684,1271025,74189,402233,269338,517,0.6447,0.0,17,78,95,1760,4073,2423,285.0,760665.0,692.073726315856,1,1676894.638863319,0.006503924425895491,119.95838211121644,0.039207593891869584,0.005150726523530687,-2.2787733383560664,690555.0,97.8341310430813,-0.2865330555497648
Singapore Pools Geylang Bahru Branch,330057,Branch,KALLANG,CENTRAL REGION,mixed,101290,1,0,1.32353780675049,103.86914775647,335698,77591,8020,63000,20419,49,0.8063,1091222,620991,50558,201957,104393,107,0.6334,2676822,1313874,52519,563700,199499,362,0.6685,12.0,6,38,44,2183,4178,2000,107.0,620991.0,439.326477987826,0,878652.9559756521,0.0034079018978371927,62.85534260370918,0.022,0.0023855996530036867,-2.378281891020657,214000.0,30.318372965541336,2.4847620284545533
Singapore Pools Geylang Rd Branch,389233,,KALLANG,CENTRAL REGION,mixed,101290,1,0,1.31130947616377,103.874198645525,190024,157879,1961,37732,44282,31,0.5459,668505,528179,5373,77239,649128,65,0.5584,1839303,1231318,47428,252442,772397,206,0.5975,0.0,4,19,23,1836,3551,2347,65.0,528179.0,347.6576662417522,1,815952.5426693924,0.0031647150331616932,58.37000407163427,0.0097997443544951,0.0012470180004337454,-4.629565660392112,152555.0,21.61317470915028,0.2983063313261654
Singapore Pools Ghim Moh Branch,270021,Branch,QUEENSTOWN,CENTRAL REGION,residential,95930,1,0,1.31010302594118,103.788545950724,395723,45719,21013,15740,53537,50,0.8784,1573016,273341,46930,168505,166194,108,0.8432,3368062,462432,63284,772611,265212,162,0.8731,12.0,11,52,63,1691,4170,2492,108.0,273341.0,254.27982019009994,0,633665.3119137291,0.002457704380754663,45.329899598639,0.025280898876404494,0.0034157449577098243,2.624500371637888,269136.0,38.129745918009036,4.027617938853505
Singapore Pools Great World City Branch,237994,,RIVER VALLEY,CENTRAL REGION,residential,10070,1,0,1.29380235105066,103.831757911057,384847,21668,38813,92866,21425,7,0.9078,1705886,174564,63973,182830,61746,97,0.8938,3389630,643829,266161,384771,258091,244,0.8193,0.0,1,25,26,2615,3941,1568,97.0,174564.0,190.41880849072993,1,298576.6917134645,0.00115804546882838,21.358990627070643,0.016581632653061226,0.0014096725222294514,1.0042043144410098,152096.0,21.54814604937839,0.9590383035164464
Singapore Pools Holland Drive Branch,270046,Branch,QUEENSTOWN,CENTRAL REGION,residential,95930,1,0,1.30878949399241,103.792695569227,290562,99992,36967,15740,72988,44,0.7229,1569490,368362,57215,154703,145070,130,0.801,3934725,545378,63284,484688,297923,191,0.873,12.0,12,81,93,1945,4162,2238,130.0,368362.0,327.130789471267,0,732118.7068366956,0.002839561073006876,52.372864430538826,0.04155495978552279,0.0050422901756668834,5.613878894889505,290940.0,41.218819769133624,8.065367646411127
Singapore Pools Hougang N1 Branch,530106,Branch,HOUGANG,NORTH-EAST REGION,mixed,227560,1,0,1.3537029714401,103.890680792553,261690,387136,6463,31050,19622,47,0.4043,1015901,1054033,83797,180993,88410,118,0.4911,2371483,2063370,138037,341266,124856,177,0.5337,12.0,31,101,132,1580,4177,2603,118.0,1054033.0,682.0710969610545,0,1775431.065389625,0.0068861031606067625,127.00728669423113,0.050710718401844025,0.0071567989590110605,0.44301895610748576,307154.0,43.515932382513476,13.413463515872186
Singapore Pools Hougang N2 Branch,530211,Branch,HOUGANG,NORTH-EAST REGION,residential,227560,1,0,1.35962289225618,103.887717332865,468390,0,94892,48720,21025,41,0.9158,1813159,509915,113837,176596,99945,133,0.7674,3413360,1501585,185811,362320,272795,280,0.6874,12.0,14,76,90,1917,4177,2266,133.0,509915.0,405.8835941634618,0,919732.2243744044,0.0035672300100182104,65.79399030477587,0.03971756398940865,0.004879635653871178,2.9842148670795074,301378.0,42.69761966172391,7.23904312046458
Singapore Pools Hougang N3 Branch,530322,Branch,HOUGANG,NORTH-EAST REGION,mixed,227560,1,0,1.36709855359263,103.89697867894,404200,136577,5286,30400,28772,59,0.745,1112772,840461,63542,136903,220228,166,0.5675,2177150,1742675,151972,350458,358398,338,0.5534,12.0,14,45,59,2006,4158,2177,166.0,840461.0,615.7769597564638,0,1340546.4413898217,0.0051993801769874915,95.89736798435729,0.027101515847496555,0.0031988722619822165,-3.767836455031945,361382.0,51.19866476183766,1.090283961016945
Singapore Pools IMM Branch,609601,Branch,BUKIT BATOK,WEST REGION,commercial,158030,1,0,1.33487526118006,103.746894773008,553,292975,0,63528,40347,14,0.0019,398597,868603,55941,122930,75291,87,0.3224,1350286,1561972,99906,250659,279924,221,0.4649,12.0,11,60,71,2543,4182,1640,87.0,868603.0,551.8372935512103,0,905013.1614239849,0.0035101413469436965,64.74104700302954,0.043292682926829265,0.0038494903491650403,0.7778786124119271,142680.0,20.21413763889457,11.295753905362215
Singapore Pools Jalan Batu Branch,431007,Branch,MARINE PARADE,CENTRAL REGION,residential,46220,1,0,1.30237002555566,103.88359641393,324215,3808,0,74415,55425,22,0.9884,1191105,44099,0,169505,659286,76,0.9643,2342952,335895,3412,195750,1211293,81,0.8741,12.0,5,36,41,2140,4142,2043,76.0,44099.0,99.59980314172853,0,203482.3978185514,0.0007892172273321525,14.55632254091422,0.020068526676456193,0.0022229451312079807,6.931001873221829,155268.0,21.997538007540527,4.051565218451319
Singapore Pools Jalan Tiga Branch,390043,Branch,GEYLANG,CENTRAL REGION,residential,110110,1,0,1.30813368626522,103.884729523853,413429,20137,0,41477,21997,62,0.9536,1388700,266063,3412,192767,186662,84,0.8385,3091060,599707,29514,390964,771560,176,0.8348,12.0,12,65,77,2144,4178,2039,84.0,266063.0,226.38496163853415,0,461598.9367809711,0.0017903358567191718,33.02095454132841,0.03776360961255518,0.004174799392756452,7.6533396480767095,171276.0,24.26546564507504,10.705348275834577
Singapore Pools Jurong East Branch,600351,Branch,TENGAH,WEST REGION,residential,10,1,0,1.34483235593159,103.730778253202,363418,0,43091,65516,225945,43,0.947,933896,0,128848,238686,543934,142,0.9394,2836159,2365,243477,611497,1412485,449,0.9597,12.0,15,83,98,1605,4179,2578,142.0,0.0,142.0,0,366076.0,0.001419845101149604,26.187623045603296,0.03801396431342126,0.0053133810453263935,14.0330237895292,366076.0,51.86368552211921,6.406358100628545
Singapore Pools Jurong West N2 Branch,640276,Branch,JURONG WEST,WEST REGION,mixed,262730,1,0,1.35360972722828,103.703730685947,178020,316323,0,71583,39074,30,0.3601,728781,1325587,0,186811,65106,134,0.3547,1792744,1848477,42009,418647,1802032,350,0.4924,12.0,8,37,45,1972,3975,2211,134.0,1325587.0,843.3945950528242,1,1864745.4496617944,0.0072325137173518995,133.39648300283844,0.0203527815468114,0.002439817826935589,-7.653547756826089,296274.0,41.97451229903175,0.46698460384071144
Singapore Pools Jurong West N4 Branch,640498,Branch,TENGAH,WEST REGION,residential,10,1,0,1.34833335760515,103.724307319237,374619,0,40924,108569,86612,72,0.9508,1407192,0,130874,287248,240592,218,0.9575,2756676,272676,201480,619524,1301935,404,0.8844,12.0,17,103,120,2139,4171,2044,218.0,0.0,218.0,0,445592.0,0.001728252106970832,31.875881860970026,0.05870841487279843,0.006506180871828237,15.608590245900517,445592.0,63.1290861984182,7.157732356081756
Singapore Pools Jurong West N5 Branch,640508,Branch,JURONG WEST,WEST REGION,residential,262730,1,0,1.34872718063365,103.718715391434,649973,0,46859,81056,25440,87,0.9664,1532549,134820,129792,322581,171821,229,0.8889,2327384,1014169,196125,612717,395796,379,0.6856,12.0,20,118,138,2143,4170,2040,229.0,134820.0,301.14960565019254,0,614345.1955263928,0.0023827702889098012,43.94781520865237,0.06764705882352941,0.007482108002602472,14.187316050490164,467160.0,66.18472483449669,8.827504447524852
Singapore Pools King George's Ave Branch,200803,Branch,KALLANG,CENTRAL REGION,mixed,101290,1,0,1.30811749102335,103.861188606169,196619,154578,57365,66015,59302,39,0.5515,593140,856977,102623,158830,181347,96,0.415,1554345,1295205,197017,310988,405898,223,0.5425,12.0,29,68,97,1883,4155,2300,96.0,856977.0,554.6155807838974,0,1275615.835802964,0.004947543393758935,91.2524903544898,0.04217391304347826,0.005259162871394492,0.6016685985754834,220800.0,31.281760517717416,11.750066572727306
Singapore Pools LOT One Branch,689812,Authorised Retailer (FairPrice),CHOA CHU KANG,WEST REGION,residential,192070,3,1,1.38493874036122,103.745022476677,405645,17623,0,20208,130652,62,0.9584,1259567,48764,39224,179594,243694,285,0.9493,2732545,67371,47724,533903,409848,538,0.968,11.0,6,21,27,3713,4144,470,285.0,48764.0,311.09630151257966,0,146215.26171091243,0.0005671036152425896,10.459659079534323,0.0574468085106383,0.0014638906961613532,5.1142940211534365,133950.0,18.977318031468513,1.84162905685286
Singapore Pools Lengkok Bahru Branch,152063,Branch,TANGLIN,CENTRAL REGION,residential,21810,1,0,1.28907506834277,103.815318433481,326641,87296,20719,102511,24334,51,0.7753,1301627,387944,85048,297351,235956,178,0.7574,3068228,671035,162293,490958,681762,378,0.8072,12.0,5,41,46,2176,4050,2007,178.0,387944.0,385.61019592314415,1,773919.6632177503,0.0030016882901448714,55.36313882343201,0.0229197807673144,0.002494036000867491,-1.2583779805141952,357246.0,50.612698450690566,-0.648373591812375
Singapore Pools Lorong 25A Geylang Branch,388251,Branch,GEYLANG,CENTRAL REGION,residential,110110,1,0,1.31549499038814,103.883256085887,376906,129308,3408,62504,7925,22,0.7429,1366174,505268,9329,218281,73368,137,0.7289,2776955,1196935,29514,417720,266162,266,0.6973,12.0,17,85,102,2151,4173,2032,137.0,505268.0,407.39672858375224,0,827830.1524821846,0.003210782970164008,59.219681101704964,0.05019685039370079,0.005530253741054001,5.559183189812134,278384.0,39.43995298896851,9.961594795478792
Singapore Pools Lorong Lew Lian Branch,531002,Branch,SERANGOON,NORTH-EAST REGION,residential,116900,1,0,1.35060795612848,103.875680063863,469141,19983,28901,46346,15719,49,0.9335,1896161,19983,121062,210972,132419,162,0.9605,4311579,80126,152966,687451,327243,272,0.9655,12.0,4,36,40,2164,4160,2019,162.0,19983.0,172.69400363230824,0,348669.19333363033,0.001352331882113384,24.942409233699255,0.01981178801386825,0.002168726957276079,3.014992870526335,327078.0,46.338657910389394,-0.9311627374668036
Singapore Pools Lucky Plaza Branch,238863,Branch,ORCHARD,CENTRAL REGION,mixed,920,1,0,1.30450604646634,103.833962339817,190944,259655,29829,15202,8739,0,0.4285,1308759,469272,75524,139916,55643,0,0.7265,3252781,632509,158648,761879,111408,0,0.824,12.0,7,68,75,2989,4170,1194,0.0,469272.0,251.13328692091045,0,299853.1445835671,0.0011629962587038803,21.45030299553437,0.06281407035175879,0.004066363044892648,11.562195336638956,0.0,0.0,
Singapore Pools New Upper Changi Branch,462026,Branch,BEDOK,EAST REGION,residential,276990,1,0,1.3233383625591,103.934207271148,260046,75980,117386,18402,79633,76,0.703,1666252,387331,198149,163215,157974,212,0.784,4299277,477148,344552,404028,249835,407,0.8732,12.0,15,48,63,1672,4177,2511,212.0,387331.0,419.2821458692681,0,1052817.4682777321,0.004083408157701861,75.31438006065314,0.025089605734767026,0.0034157449577098243,-1.4189712634520177,532332.0,75.41794447426426,-1.4299220653118754
Singapore Pools Northpoint City Branch,769098,Branch,YISHUN,NORTH REGION,residential,221610,2,1,1.42969848626288,103.835776491468,351355,14894,79431,51094,61080,77,0.8775,1381402,16937,172486,357443,214726,348,0.9343,2981205,508015,235256,524027,470758,610,0.832,11.0,2,15,17,3941,4179,242,348.0,16937.0,357.063921309133,0,86409.46895681017,0.0003351436892647038,6.181390204798197,0.07024793388429752,0.0009217089568423336,4.35139368537261,84216.0,11.931271484420698,1.4674241659055878
Singapore Pools Pasir Ris N2 Branch,510259,Branch,PASIR RIS,EAST REGION,residential,147110,1,0,1.36645364010349,103.964598499523,369248,163490,15662,62774,35115,71,0.6876,1603717,451979,48784,137355,102923,225,0.7736,3005274,912317,114064,952380,166525,432,0.7596,12.0,14,84,98,1690,4160,2493,225.0,451979.0,466.87885040920014,0,1163928.974070136,0.004514360001528554,83.26285586819264,0.03931006819093462,0.0053133810453263935,1.6150563497636452,560925.0,79.46884745652464,2.0787581926535625
Singapore Pools Pasir Ris N7 Branch,510735,Branch,PASIR RIS,EAST REGION,mixed,147110,1,0,1.37966812044177,103.936574613663,386507,135296,13001,91998,13274,97,0.7349,929059,1054303,32965,169042,111204,279,0.4689,1723536,2059923,56801,212912,413365,353,0.4562,12.0,11,58,69,1709,4173,2474,279.0,1054303.0,843.2155888281778,0,2086115.366760912,0.00809110863298438,149.2324076267639,0.027890056588520614,0.003741054001301236,-6.567774783757445,690246.0,97.7903535793133,-2.9113806442479984
Singapore Pools Peace Centre Branch,228149,,ROCHOR,CENTRAL REGION,mixed,13120,1,0,1.30121862271795,103.849592475825,181433,151024,52623,104420,48536,14,0.5395,410609,595534,175811,712826,328504,42,0.4218,1308248,1419779,272636,1021433,620131,82,0.4814,0.0,8,41,49,1611,3756,2572,42.0,595534.0,360.70303553836044,1,927728.2074046631,0.003598242852527384,66.36599117201507,0.019051321928460343,0.0026566905226631968,-2.1317034272824325,108024.0,15.304261314157186,8.613284557741123
Singapore Pools People's Park Centre (Chinatown) Branch,058357,Branch,OUTRAM,CENTRAL REGION,commercial,18340,1,0,1.28549527021288,103.843851997218,53183,219908,76120,49405,107312,22,0.2613,302133,811859,163042,280192,255724,45,0.3004,1106837,1218079,210207,745682,844879,158,0.4781,12.0,29,140,169,2068,4169,2115,45.0,811859.0,479.47045463254454,0,1014080.0115478317,0.003933162885766678,72.54325626508061,0.07990543735224587,0.009162871394491434,11.324892118434333,95175.0,13.483883864464472,42.35141255048865
Singapore Pools Potong Pasir Branch,350148,Branch,TOA PAYOH,CENTRAL REGION,residential,121850,1,0,1.3323543597317,103.86777426102,389539,0,36968,137857,15096,46,0.9567,1131357,264558,68225,333350,85770,122,0.796,3014163,756603,70513,767890,300316,398,0.7939,12.0,9,31,40,2311,4152,1872,122.0,264558.0,263.57955326808803,0,493420.9237178608,0.0019137591138056497,35.2973730950314,0.021367521367521368,0.002168726957276079,0.7915335570607063,228384.0,32.3562209876738,1.3437832590395073
Singapore Pools Rochor Centre Branch,180001,,ROCHOR,CENTRAL REGION,mixed,13120,1,0,1.3052787317021182,103.85491101759817,139464,220505,58485,52300,37608,29,0.4032,793039,691162,194233,279613,146473,98,0.5303,1354231,1413568,202315,937345,643893,158,0.49,13.0,9,47,56,1892,3091,2291,98.0,691162.0,467.878843943023,1,1071910.4314734656,0.004157461223895471,76.68021481352807,0.024443474465298997,0.0030362177401865105,-2.3616383098616103,224518.0,31.808506829333695,4.289345543359988
Singapore Pools Serangoon Central Branch,550254,Branch,SERANGOON,NORTH-EAST REGION,residential,116900,1,0,1.35406229913885,103.871216925982,489632,0,83592,11685,73202,85,0.9271,1938751,19983,107199,233348,112832,144,0.9644,4491553,81356,110969,411788,254081,204,0.9708,12.0,20,68,88,1900,4160,2283,144.0,19983.0,154.69400363230824,0,353166.4102925597,0.0013697745756194942,25.26412227272595,0.038545773105562856,0.004771199306007373,12.4814163725612,328752.0,46.57582125779274,6.069789727896664
Singapore Pools Siglap Branch,459060,Branch,BEDOK,EAST REGION,residential,276990,1,0,1.31205682541822,103.922171053658,541383,0,2624,7948,15078,0,0.9976,1888382,2133,2624,308342,256477,6,0.9982,3258582,436936,43599,424788,496159,75,0.8773,12.0,15,43,58,1634,4150,2549,6.0,2133.0,7.141485750273406,0,18203.647177446914,7.060380704540536e-05,1.3022166171454566,0.022754021184778345,0.0031446540880503146,49.68490501367955,15294.0,2.1667719445560243,37.930287620344366
Singapore Pools Silat Avenue Branch,160150,Branch,OUTRAM,CENTRAL REGION,residential,18340,1,0,1.27707706824333,103.831425856916,273116,71021,0,182076,34739,22,0.7936,1291786,154077,10688,411645,112584,194,0.8905,2250107,585688,115379,587246,285001,369,0.782,12.0,8,24,32,2159,4058,2024,194.0,154077.0,276.45508670645836,1,559545.0954938717,0.0021702252065397927,40.02763370941994,0.015810276679841896,0.001734981565820863,-1.2688421276528705,392656.0,55.629397454007474,-3.1681115832607296
Singapore Pools Sim Lim Square Branch,188504,Branch,ROCHOR,CENTRAL REGION,mixed,13120,1,0,1.3030242605718,103.853037814067,99107,193316,90083,81527,20626,22,0.3769,536067,782349,148825,286044,104524,62,0.4161,1261523,1440445,245296,991525,627096,122,0.4696,11.0,10,57,67,2151,4160,2032,62.0,782349.0,480.67802871104044,0,976737.7543408342,0.0037883289688717607,69.87193950187076,0.03297244094488189,0.003632617653437432,-0.34357684543107786,125984.0,17.848737849022243,11.63404981518988
Singapore Pools Suntec City Branch,038983,Branch,DOWNTOWN CORE,CENTRAL REGION,commercial,3190,1,0,1.29485990186642,103.860333693777,0,373629,0,0,193,0,0.0,94967,738316,80098,118496,299022,12,0.1478,479320,1086039,169284,444541,1604228,74,0.3251,11.0,18,55,73,2246,4142,1937,12.0,738316.0,407.1135458034976,0,788578.9382213748,0.0030585450625099024,56.41180513293264,0.03768714506969541,0.003957926697028844,2.2085850598030654,23244.0,3.2930853327618825,38.41265877069399
Singapore Pools Tampines Mart Branch,529287,Branch,TAMPINES,EAST REGION,residential,259900,1,0,1.35454944260132,103.959900189012,491558,0,16743,129054,28656,102,0.9835,1955002,156830,58745,224361,66711,267,0.9142,3816418,609166,107282,989556,183809,582,0.8538,12.0,16,50,66,1796,4167,2387,267.0,156830.0,350.9283685960517,0,837666.0158387754,0.0032489318856963904,59.92329969978422,0.027649769585253458,0.0035783994795055302,0.785000544019488,637329.0,90.29335665306306,-2.5565814122122794
Singapore Pools Tampines N4 Branch,520481,Branch,PASIR RIS,EAST REGION,residential,147110,1,0,1.36162956418494,103.953251115722,467905,0,48538,44221,27740,124,0.953,1498106,0,123661,292104,183645,395,0.9619,3725557,153594,191379,517418,513776,758,0.9388,12.0,9,32,41,1906,4179,2277,395.0,0.0,395.0,0,899415.0,0.0034884285821809432,64.34057676974531,0.018006148440931048,0.0022229451312079807,-2.9098399949216733,899415.0,127.42429635888955,-7.656137601613086
Singapore Pools Tanjong Pagar Branch,082001,Branch,OUTRAM,CENTRAL REGION,mixed,18340,1,0,1.27568847511494,103.842433449984,154759,198299,30056,44450,24786,37,0.4432,317319,547882,65804,336325,164509,55,0.3762,757621,901212,123894,456011,307326,121,0.4597,12.0,20,102,122,1617,4179,2566,55.0,547882.0,348.2018264563031,0,893485.8866868737,0.003465432203036167,63.91643155279906,0.0475448168355417,0.006614617219692041,7.26519089219341,141130.0,19.994541946854437,22.812226799338678
Singapore Pools Teban Gardens Branch,600037,Branch,JURONG EAST,WEST REGION,mixed,78600,1,0,1.32053143645806,103.742652199249,228218,40224,25539,51863,61695,31,0.8197,414804,386737,25539,62732,73344,63,0.517,1108418,1299705,53615,197770,375702,63,0.4611,12.0,12,52,64,1614,4162,2569,63.0,386737.0,269.96426376159695,0,693538.1936035425,0.0026899245147131616,49.61296774936955,0.02491241728298949,0.003469963131641726,2.0425543146603697,161847.0,22.92961546427088,8.576900725902677
Singapore Pools Teck Whye Branch,680141,Branch,CHOA CHU KANG,WEST REGION,residential,192070,1,0,1.38041161319004,103.75257991701,440268,0,39224,95245,21578,96,0.9591,1341046,24169,81634,349117,174558,206,0.9551,2998090,49670,158144,542807,472560,477,0.9598,12.0,21,81,102,1609,4160,2574,206.0,24169.0,218.9341627277815,0,563536.5348613096,0.002185706214943491,40.31316542841775,0.039627039627039624,0.005530253741054001,9.715586771015726,530244.0,75.1221278258902,3.1010655313938367
Singapore Pools Telok Blangah Branch,090006,Branch,BUKIT MERAH,CENTRAL REGION,residential,151250,1,0,1.27814081311562,103.818484019328,161904,73616,7841,78762,58861,35,0.6814,936633,221551,82159,205072,1193933,174,0.7883,2792741,519579,143838,488039,1385370,385,0.8289,12.0,7,38,45,1786,4095,2397,174.0,221551.0,292.56413945561343,1,701276.2422751054,0.0027199369451887346,50.16651701706102,0.01877346683354193,0.002439817826935589,-0.7294422077854857,417078.0,59.08937551271986,-1.8328927108913897
Singapore Pools Toa Payoh Lorong 1 Branch,310111,Branch,BISHAN,CENTRAL REGION,residential,87320,1,0,1.34123713837195,103.845306137194,467695,57587,0,105788,6127,67,0.8904,1569535,202067,621,506008,115265,230,0.8858,3180066,504346,64953,874619,423014,417,0.8568,12.0,17,70,87,1845,4156,2338,230.0,202067.0,338.13717819995145,0,790564.7226314865,0.003066247032228312,56.553860262418986,0.03721129170230967,0.0047169811320754715,4.048564932966205,537740.0,76.18412092752429,1.2391662961869563
Singapore Pools Toa Payoh Lorong 4 Branch,310085,Branch,TOA PAYOH,CENTRAL REGION,residential,121850,1,0,1.33628536216028,103.848428644103,560191,99794,45015,48197,27898,127,0.8265,1523291,255633,45015,291511,271542,265,0.8475,3051924,503322,145235,872671,408019,491,0.8444,12.0,9,44,53,1697,4167,2486,265.0,255633.0,401.80329432707066,0,998882.9896970977,0.003874220433852791,71.45612168198087,0.021319388576025743,0.0028735632183908046,-2.183336747372484,658790.0,93.33383610265878,-4.174937430799633
Singapore Pools Toa Payoh Lorong 8 Branch,310212,Branch,TOA PAYOH,CENTRAL REGION,residential,121850,1,0,1.34064293639026,103.85433449712,358835,49296,0,92206,29064,62,0.8792,1568073,258157,20559,241238,106253,298,0.8546,3245345,534730,64953,734382,337993,500,0.8525,12.0,11,56,67,2187,4158,1996,298.0,258157.0,436.15402570714105,0,870563.4353114535,0.0033765262646743774,62.27665042565422,0.03356713426853707,0.003632617653437432,0.5985321259296884,594808.0,84.26920928452203,-1.8812130954878616
Singapore Pools Upp Serangoon Branch,534766,,HOUGANG,NORTH-EAST REGION,residential,227560,1,0,1.36294140003047,103.888499486331,475501,0,88429,72547,4212,38,0.9216,1667317,180964,112711,185639,159184,151,0.879,3577676,1008353,166784,420591,264845,375,0.7703,0.0,1,16,17,2237,3284,1946,151.0,180964.0,247.84380089661357,1,482304.03654481,0.0018706416797408952,34.50211514114107,0.008735868448098663,0.0009217089568423336,-2.979666625242932,293846.0,41.63052627304888,-3.817400630038884
Singapore Pools Upp Thomson Branch,574424,,BISHAN,CENTRAL REGION,residential,87320,1,0,1.35184499157062,103.836053648292,463397,24480,11473,21815,22232,19,0.9395,1041361,369705,11473,205281,58510,48,0.7361,3092660,460579,48726,693911,353422,165,0.8654,0.0,5,18,23,1661,3257,2522,48.0,369705.0,245.84950272143917,1,620032.4458634696,0.0024048285897274183,44.3546585089325,0.009119746233148296,0.0012470180004337454,-3.2064392116088696,121056.0,17.150565222974638,1.4124552073507688
Singapore Pools Upper Boon Keng Branch,380018,Branch,KALLANG,CENTRAL REGION,mixed,101290,1,0,1.31480351462869,103.872301458156,410824,33762,1961,59680,35651,45,0.9222,872804,790696,3689,73570,116416,95,0.5246,1861545,1546370,63036,287741,763366,236,0.5454,12.0,11,47,58,1958,4151,2225,95.0,790696.0,518.1449680254016,0,1152872.5538565186,0.004471477091759664,82.47192348041524,0.02606741573033708,0.0031446540880503146,-2.6947286774921317,211375.0,29.946477035473368,5.126424180215635
Singapore Pools Whampoa Drive Branch,320088,Branch,TOA PAYOH,CENTRAL REGION,residential,121850,1,0,1.32324726968904,103.855171553668,439475,38363,42818,61971,27351,63,0.8852,1627513,68751,70154,300164,227197,217,0.9412,2989496,672288,167922,757400,398307,400,0.8025,12.0,21,83,104,1848,4169,2335,217.0,68751.0,253.79244576514157,0,592605.3608616055,0.0022984511919228352,42.39263378382477,0.04453961456102784,0.005638690088917805,9.462098024907025,506695.0,71.78583172792041,3.802135189032963
Singapore Pools Woodlands 888 Branch,730888,Branch,MANDAI,NORTH REGION,residential,2090,1,0,1.43712301500434,103.795314383823,495512,0,15397,40025,60262,126,0.9849,1892446,90419,64941,225325,169231,446,0.94,2936589,793005,79474,774037,307206,623,0.7814,12.0,21,82,103,1956,4160,2227,446.0,90419.0,494.3881856793114,0,1101002.4895078265,0.004270296307545989,78.76134509637822,0.046250561293219576,0.005584471914985904,2.7311902491037165,993242.0,140.71720280859913,-3.1795516205921057
Singapore Pools Woodlands Centre,731001,,WOODLANDS,NORTH REGION,residential,255130,1,0,1.443578459984722,103.77085901032147,203634,3376,0,222684,48077,33,0.9837,600653,260472,28001,308434,162276,92,0.6913,1291245,813124,69198,346184,503627,185,0.61,0.0,0,7,7,2709,3203,1474,92.0,260472.0,231.39290967895673,1,341073.1488667822,0.0013228702224460775,24.399018382795454,0.0047489823609226595,0.0003795272175233138,-3.5223991678314532,135608.0,19.21221458463145,-2.786157815935652
Singapore Pools Woodlands N3 Branch,730305,Branch,WOODLANDS,NORTH REGION,residential,255130,1,0,1.43036145835565,103.774102414119,392236,0,41197,218181,49567,75,0.9525,1007039,369922,51197,256992,347007,168,0.7231,1856580,772637,51197,330569,1681690,270,0.7022,12.0,9,56,65,2004,4151,2179,168.0,369922.0,365.96563137020115,0,797439.1107556683,0.0030929097096546398,57.04562668487018,0.029830197338228545,0.0035241813055736284,1.0531610569797731,366072.0,51.863118823559105,1.824160119652856
Singapore Pools Woodlands N5 Branch,730548,Branch,MANDAI,NORTH REGION,residential,2090,1,0,1.43044361849124,103.793804884379,443382,0,15190,85204,63991,110,0.9834,1293808,113618,30587,368878,144971,250,0.9104,2336016,256195,74941,473392,257575,464,0.8899,12.0,13,54,67,1672,4173,2511,250.0,113618.0,310.80324799557616,0,780426.9557168917,0.003026927167800477,55.828644682912,0.026682596575069693,0.003632617653437432,1.495124378285062,627750.0,88.93625527625503,-2.326071562454071
Singapore Pools Woodlands N8 Branch,730883,Branch,WOODLANDS,NORTH REGION,mixed,255130,1,0,1.44275334327795,103.790548015512,312871,95182,11561,280023,40401,87,0.7594,1050880,581400,41490,351617,187099,257,0.6402,2769907,1355985,107474,574881,546770,577,0.667,12.0,12,70,82,1583,4160,2600,257.0,581400.0,568.1391538719918,0,1477161.8000671787,0.005729250061273381,105.67028813012624,0.031538461538461536,0.0044458902624159614,-2.3026455882906633,668200.0,94.66699446530245,-1.3018899852606525
Singapore Pools Yishun N1 Branch,760101,Branch,YISHUN,NORTH REGION,residential,221610,1,0,1.4305357538408,103.827667722074,391837,2044,50385,53281,22401,64,0.9387,1120570,39548,50440,194404,110071,167,0.9465,1845813,239558,192080,356958,227658,330,0.8526,12.0,23,95,118,1678,4179,2505,167.0,39548.0,188.1643124481072,0,471351.6026825086,0.001828162086527864,33.71862152391992,0.047105788423153695,0.006397744523964433,14.514321020484578,418335.0,59.26746053523241,7.629052781829435
Singapore Pools Yishun N2 Branch,760256,Branch,YISHUN,NORTH REGION,residential,221610,1,0,1.43409342098238,103.839979155802,602271,29176,42669,79680,25283,107,0.9251,1288898,406512,122101,191058,98490,275,0.7427,2279210,557385,252209,438831,397390,529,0.7787,12.0,4,48,52,2139,4160,2044,275.0,406512.0,492.54695514071403,0,1006765.9763076195,0.0039047950137798483,72.02003923415552,0.025440313111545987,0.0028193450444589027,-2.3590559837766816,562100.0,79.63531515855507,-3.096788675481604
Singapore Pools Yishun N4 Branch,760415,Branch,YISHUN,NORTH REGION,residential,221610,1,0,1.42444263730394,103.845870092641,526689,4918,51124,80516,170424,105,0.9477,1679755,4918,99773,254514,322766,347,0.9693,2656589,80779,195662,410557,469948,552,0.9391,12.0,9,50,59,1763,4138,2420,347.0,4918.0,349.6318926018962,0,846109.1800965888,0.003281679144215544,60.52729013591149,0.024380165289256198,0.0031988722619822165,-0.1963115859246319,839740.0,118.96986221534432,-5.498124523986085
Singapore Pools Yishun N7 Branch,760761,Branch,YISHUN,NORTH REGION,residential,221610,1,0,1.42539842469037,103.833259035976,300652,0,79431,114627,79040,74,0.8955,1209635,16937,130035,338054,235489,273,0.9396,3337574,21855,228808,549550,495585,591,0.962,12.0,2,37,39,2239,4152,1944,273.0,16937.0,282.063921309133,0,548332.2630249545,0.0021267356435774477,39.22551221014245,0.020061728395061727,0.002114508783344177,-0.03600690141497627,530712.0,75.1884315574223,-4.1734407095434065
Singapore Racecourse - MRT Plaza (Public),738078,,SUNGEI KADUT,NORTH REGION,mixed,750,2,1,1.41993788166264,103.767403498455,0,0,0,0,1229340,0,0.5,40405,17793,0,0,1382706,3,0.6943,447420,576992,40789,458013,1462290,44,0.4392,0.0,1,1,2,3360,3950,823,3.0,17793.0,12.522014043419935,1,10305.617557734606,3.997088201267175e-05,0.7372229478417178,0.002430133657351154,0.00010843634786380394,1.4707107215417803,2469.0,0.3497946862239325,2.790174577533618
Soh Choo Trading,730019,Authorised Retailer,WOODLANDS,NORTH REGION,residential,255130,1,0,1.44328204285332,103.777294228046,322367,146713,28001,55691,73934,47,0.6767,1085026,275067,28001,302541,460965,148,0.7918,1805224,712068,69198,680106,577711,273,0.7113,11.0,11,59,70,1805,4179,2378,148.0,275067.0,295.2034978295617,0,701993.9178386977,0.0027227204877678197,50.217856676389665,0.02943650126156434,0.003795272175233138,2.7915425863586503,351944.0,49.86153950927327,2.851959970482368
Springdale Garments Co,560408,Authorised Retailer,SERANGOON,NORTH-EAST REGION,residential,116900,1,0,1.36209053459188,103.854587757902,348195,140402,26191,73611,22283,49,0.7018,1132878,161289,89904,158546,462398,163,0.851,3201078,421150,274209,494918,605373,404,0.8567,11.0,20,68,88,1198,4179,2985,163.0,161289.0,249.31462502383846,0,744204.1556961578,0.0028864351247292006,53.237409440505374,0.02948073701842546,0.004771199306007373,4.764350195715564,486555.0,68.93250447779891,2.296580242247415
Superbowl Jurong Pte Ltd,618642,Authorised Retailer,JURONG EAST,WEST REGION,commercial,78600,1,0,1.32547408835086,103.725247683743,151852,219674,29936,54081,0,20,0.4155,378772,1105532,29936,121822,44965,60,0.26,1147615,2542252,58253,198291,717456,125,0.314,11.0,10,51,61,1572,4160,2611,60.0,1105532.0,651.6310475720861,0,1701408.665210717,0.006599003371848804,121.71201819037935,0.023362696284948296,0.0033073086098460206,-5.5031067580626605,156660.0,22.194749106456573,8.236930008356488
Tampines Rovers Football Club,520824,Authorised Retailer,PAYA LEBAR,EAST REGION,residential,40,2,1,1.34903743516549,103.932714940894,422947,0,49837,371457,29609,90,0.9473,1278588,4495,73733,455206,145506,269,0.9695,2140528,692158,125468,682755,852924,439,0.7448,0.0,5,27,32,1718,3135,2465,269.0,4495.0,271.40552201006983,1,669014.6117548221,0.0025948085072432727,47.858648107594924,0.012981744421906694,0.001734981565820863,-2.292376507893512,663085.0,93.94232868156999,-6.390824149402173
Tampines Trading - 824,520824,Authorised Retailer,PAYA LEBAR,EAST REGION,residential,40,2,1,1.34903743516549,103.932714940894,422947,0,49837,371457,29609,90,0.9473,1278588,4495,73733,455206,145506,269,0.9695,2140528,692158,125468,682755,852924,439,0.7448,11.0,2,20,22,3287,4164,896,269.0,4495.0,271.40552201006983,0,243179.34772102255,0.0009431839442149989,17.39608466710144,0.024553571428571428,0.0011927998265018433,1.103828420879128,241024.0,34.1469884376011,-2.078702863650712
Tampines Trading - 828,520828,Authorised Retailer,PAYA LEBAR,EAST REGION,residential,40,1,0,1.34893084103853,103.934588111014,411848,0,49837,397865,12053,105,0.946,1516843,29689,73733,466421,198049,300,0.9589,2599927,771020,160781,667892,858416,486,0.7589,11.0,23,88,111,1346,4179,2837,300.0,29689.0,315.8882186778562,0,896174.876389078,0.003475861591621369,64.10879119586453,0.03912583715192104,0.006018217306441119,5.856425655024081,851100.0,120.57928612603847,-0.8723621041085622
Tan Ah Leck Trading - Bukit Batok Street 11,650151,Authorised Retailer,BUKIT BATOK,WEST REGION,residential,158030,1,0,1.34874703502592,103.744211483999,452296,0,34996,123719,47499,116,0.9641,1465613,127004,94525,252309,345675,272,0.8967,3138034,448092,188367,513419,670126,611,0.8563,11.0,21,63,84,1240,4180,2943,272.0,127004.0,339.96683367450714,0,1000522.3915040746,0.0038805789403499446,71.57339797581437,0.02854230377166157,0.004554326610279766,1.4688470378918281,800496.0,113.40998264216813,-2.761653110415376
Tan Ah Leck Trading - Jurong East Street 31,600352,Betting Centre,TENGAH,WEST REGION,residential,10,4,1,1.34492289474517,103.730400848037,363418,0,43091,65516,225945,41,0.947,899033,0,128848,206545,556787,143,0.9373,2854151,4879,181715,608707,1412485,446,0.9685,11.0,3,7,10,3638,4105,545,143.0,0.0,143.0,1,77935.0,0.0003022750138170609,5.575160354841871,0.01834862385321101,0.0005421817393190197,1.8739968433213583,77935.0,11.041413070418058,-0.31340844544741314
Tan Boon Tin Agency,440056,,BEDOK,EAST REGION,residential,276990,1,0,1.30560569433107,103.91537607851,375645,6545,0,185487,0,50,0.9829,1328736,13713,5165,224495,580296,71,0.9879,2705038,161380,27649,371899,679300,78,0.9395,0.0,13,46,59,1247,3809,2936,71.0,13713.0,78.33858138466911,1,230002.0749453885,0.0008920751957666002,16.453434910719174,0.020095367847411442,0.0031988722619822165,10.489051438569748,208456.0,29.53292876123778,5.422302147292743
Tan Kai Huat Provision Shop,530123,Authorised Retailer,HOUGANG,NORTH-EAST REGION,residential,227560,1,0,1.35338313541393,103.886258951798,453621,3462,6463,54362,59091,60,0.9856,1598482,439355,115374,215798,96882,123,0.7692,2989319,1441841,150181,404200,205881,205,0.6689,11.0,10,30,40,1791,4100,2392,123.0,439355.0,358.12305288859466,1,856630.3425095184,0.003322486028333589,61.27993230658471,0.016722408026755852,0.002168726957276079,-2.718385867249727,294216.0,41.68294588985846,-0.2606699390830457
Tan Wee Fong Trading,330024,Authorised Retailer,KALLANG,CENTRAL REGION,residential,101290,1,0,1.31862347782977,103.862324355167,360903,153163,5486,34562,12692,72,0.6999,1314326,511253,16062,168596,194889,193,0.718,2649674,941614,122501,472312,340717,372,0.73,11.0,34,108,142,1967,4167,2216,193.0,511253.0,466.59963163831685,0,1033984.7837105101,0.00401036459591615,73.96716460707748,0.06407942238267147,0.007698980698330081,7.910411676171351,427688.0,60.5925434433946,10.458143452623895
Tay Ah Tho Trading,730768,Authorised Retailer,WOODLANDS,NORTH REGION,mixed,255130,1,0,1.44571784134906,103.798166316676,446975,83871,14533,75829,22582,114,0.8329,1357372,742925,64283,145087,95631,312,0.6419,2101703,2114405,64283,589709,234476,506,0.4985,11.0,10,45,55,1264,4162,2919,312.0,742925.0,709.5800754907973,0,2071264.2403576374,0.008033507754832732,148.17001703013491,0.01884206920178143,0.0029819995662546087,-7.654133090178627,910728.0,129.02706156150248,-6.517035809882312
Tay Sui Lan Agency,049317,Authorised Retailer,DOWNTOWN CORE,CENTRAL REGION,commercial,3190,1,0,1.283619583733,103.852068945868,4716,210061,0,21839,103962,0,0.022,39471,609192,40030,168689,371974,11,0.0864,234408,1398690,153075,309499,1282639,47,0.1741,11.0,26,97,123,1214,4169,2969,11.0,609192.0,337.0121833945415,0,1000589.1724983938,0.003880837953963604,71.57817522290472,0.04142809026608286,0.006668835393623943,6.07795069738299,32659.0,4.626952068605675,55.030737095889236
Teo Khar Bee Agency,150084,Authorised Retailer,RIVER VALLEY,CENTRAL REGION,residential,10070,2,1,1.28708575062296,103.818851050403,368798,24236,67739,63224,41070,65,0.8739,1088152,358261,76756,365622,231258,170,0.7396,3164177,618383,126208,553072,681676,439,0.8257,0.0,11,45,56,1270,3843,2913,170.0,358261.0,361.72518817566845,1,1053705.4731557223,0.0040868523315231746,75.37790440261344,0.01922416752488843,0.0030362177401865105,-2.231951634494568,495210.0,70.15869848722302,-1.6903730947097777
Teo Sook Cheng Agency,760293,Authorised Retailer,YISHUN,NORTH REGION,residential,221610,1,0,1.43611425409216,103.837605235958,438840,31707,33665,115007,24455,85,0.9037,1053516,550424,42669,198397,84650,233,0.6528,2519163,557385,201084,422625,249958,485,0.7993,11.0,24,96,120,1329,4160,2854,233.0,550424.0,527.5621906275151,0,1505662.492050928,0.005839791500462239,107.70911443452553,0.04204625087596356,0.006506180871828237,1.1842869606041737,664982.0,94.21108547369911,2.6569419076391547
The Little Plaza,610399,Authorised Retailer,JURONG WEST,WEST REGION,mixed,262730,2,1,1.3350420286067,103.72026802061,468899,167353,28317,48093,18555,82,0.7269,870348,744276,28317,121576,583531,132,0.5384,1532275,2154556,90897,262794,1196015,204,0.4176,0.0,9,29,38,1507,3014,2676,132.0,744276.0,530.3030699814767,1,1419091.0152704318,0.005504019455296551,101.51613483348959,0.014200298953662182,0.002060290609412275,-6.30400465279872,353232.0,50.044016445626625,-1.7025319111078012
Thiam Hoon Traders,150123,,QUEENSTOWN,CENTRAL REGION,residential,95930,1,0,1.28685131551792,103.804019034892,225780,142052,57388,140509,222,30,0.5985,1595147,427380,57388,196402,258333,121,0.7807,2629945,988898,64804,441877,809730,314,0.7227,0.0,11,37,48,1229,3362,2954,121.0,427380.0,349.71457100414835,1,1033056.8427462543,0.004006765527874938,73.90078339612536,0.016249153689911984,0.002602472348731295,-3.0129254012304125,357434.0,50.63933328301543,-0.37089437329376546
Tong Aik Huat,530685,Authorised Retailer,HOUGANG,NORTH-EAST REGION,residential,227560,1,0,1.37518092664617,103.886022660348,519059,0,0,101110,18847,120,1.0,1738647,24019,72424,471914,172893,355,0.9672,3574011,353627,160767,846480,413277,625,0.8938,11.0,35,193,228,1253,4177,2930,355.0,24019.0,367.8538894682686,0,1077811.896142027,0.004180350366311976,77.10238215625809,0.07781569965870307,0.01236174365647365,17.18495842083054,1040150.0,147.36287682293374,6.642644029441246
Tuas View,639591,,PIONEER,WEST REGION,commercial,80,1,0,1.31720416073204,103.652208670485,0,552087,0,0,0,0,0.0,0,3946306,0,0,0,0,0.0,0,6699109,0,4977,0,0,0.0,0.0,6,41,47,1925,3451,2258,0.0,3946306.0,2111.8856377020375,1,4768637.769931201,0.018495413457297903,341.12940580640253,0.020814880425155006,0.0025482541747993926,-15.924978940990906,0.0,0.0,
Tuck Lee Long,560159,Authorised Retailer,ANG MO KIO,NORTH-EAST REGION,residential,162280,1,0,1.37479893193043,103.839858129785,323029,0,54330,45338,223116,60,0.928,1635982,0,214311,292779,311195,207,0.9421,3250210,84974,214311,829109,738650,319,0.9459,11.0,13,50,63,1309,4128,2874,207.0,0.0,207.0,1,594918.0,0.0023074208849684767,42.558070802358586,0.021920668058455117,0.0034157449577098243,3.133508761554937,594918.0,84.28479349492487,-2.3184344822099234
U Stars Keat Hong Link,680817,Authorised Retailer,CHOA CHU KANG,WEST REGION,residential,192070,1,0,1.37754385007462,103.749700036701,380917,0,32839,142915,18819,86,0.9603,1615927,24169,40241,406272,110792,268,0.9736,2951667,45591,139189,617204,690363,446,0.9633,12.0,4,7,11,3458,4046,725,268.0,24169.0,280.9341627277815,1,203677.26797764158,0.0007899730415367014,14.57026277810292,0.015172413793103448,0.0005963999132509217,-0.9353335013007175,194300.0,27.527382557031224,-3.150080269781261
U Stars Sumang Walk,820218,,PUNGGOL,NORTH-EAST REGION,residential,174450,1,0,1.40322712524584,103.89538702242,394774,0,0,101285,31224,92,1.0,1238607,12497,29989,338280,227155,261,0.9785,2364387,25455,110433,587423,624229,584,0.9677,0.0,5,2,7,3411,3950,772,261.0,12497.0,267.68783282755123,1,206655.00694286954,0.0008015223593895003,14.783278396579943,0.009067357512953367,0.0003795272175233138,-2.0243107761969474,201492.0,28.546306568097453,-4.032718170590164
Uni-Foto Pte Ltd,238875,,ORCHARD,CENTRAL REGION,mixed,920,1,0,1.30694456840806,103.829339596247,341370,170317,43580,0,28645,0,0.654,1474798,429651,64950,139697,29518,0,0.7653,3749920,565269,80998,341946,58321,0,0.8622,0.0,12,31,43,1692,3550,2491,0.0,429651.0,229.92990815317364,1,572755.4012095556,0.0022214620749908855,40.97264651113189,0.017262143717382578,0.002331381479071785,0.31672509154349177,0.0,0.0,
Vitatron & Medical Co,058963,Authorised Retailer,OUTRAM,CENTRAL REGION,commercial,18340,1,0,1.28294362973161,103.843328882556,63193,240311,67324,45469,89775,20,0.2612,371485,834828,145362,253396,219515,66,0.3286,1141075,1221787,191117,620892,780196,172,0.4842,11.0,15,55,70,1194,4181,2989,66.0,834828.0,512.7624312842229,0,1532646.9071085423,0.0059444519795074134,109.63947231003473,0.0234192037470726,0.003795272175233138,-3.7856843186244755,197274.0,27.948722936468236,7.954231110922214
Wanrise,380047,Authorised Retailer,GEYLANG,CENTRAL REGION,mixed,110110,1,0,1.31794121263529,103.879025382959,207641,167670,0,57513,8765,24,0.5533,1253370,755141,3412,250094,74766,111,0.6238,2673301,1390029,11290,373181,290299,286,0.6575,11.0,24,68,92,1414,4160,2769,111.0,755141.0,515.1175297455277,0,1426360.439865366,0.005532214302539457,102.03616059603775,0.033224990971469845,0.004988072001734982,-0.9935518762713744,307359.0,43.54497568371879,7.342936789418912
Warriors Football Club (S),689236,,CHOA CHU KANG,WEST REGION,residential,192070,1,0,1.39059559281482,103.748024129362,255774,0,0,38536,222291,45,1.0,1139583,50920,8500,239941,337539,197,0.954,2423373,288012,47724,397694,422079,474,0.887,0.0,1,7,8,2190,3687,1993,197.0,50920.0,224.2500958293117,1,446930.44098781823,0.0017334433210349377,31.97162861316839,0.004014049172102358,0.00043374539145521576,-4.23950508884944,392621.0,55.62443884160657,-6.3855314772241885
Wong Teck Chow Enterprise (Private) Limited,188061,Authorised Retailer,ROCHOR,CENTRAL REGION,commercial,13120,1,0,1.30197196437956,103.857804288546,95284,246040,60183,49415,33143,15,0.3123,373194,829664,197300,229230,136961,93,0.337,1043939,1611784,202315,525906,728758,113,0.4007,10.0,11,15,26,1200,4050,2983,93.0,829664.0,536.9988905367255,1,1601867.6904710522,0.006212928443834487,114.59125221808327,0.008716057660073752,0.0014096725222294514,-8.275897587842175,277419.0,39.30323696134352,-2.1219891895406375
Xie Sheng Departmental Service Company,470632,Authorised Retailer,BEDOK,EAST REGION,residential,276990,1,0,1.33205094618817,103.914145075793,452339,66334,38230,32225,60071,73,0.8466,1649917,482044,38230,231762,85407,168,0.7691,2962798,1023577,152954,332658,314872,321,0.7342,11.0,15,57,72,1253,4155,2930,168.0,482044.0,425.968287390902,0,1248087.0820553428,0.004840771668354064,89.28319265112235,0.024573378839590442,0.003903708523096942,-1.8291070139272296,492240.0,69.73792480634611,0.2708772472014166
Xie Sheng Departmental Service Company - City Plaza,409286,Authorised Retailer,GEYLANG,CENTRAL REGION,residential,110110,1,0,1.3147868971977,103.893472115119,299032,159188,24141,26428,20204,13,0.645,1340359,364868,70685,153858,58240,83,0.7746,3625153,874896,85623,418693,130440,254,0.7999,11.0,0,1,1,4144,4144,39,83.0,364868.0,278.2609576796799,0,10852.177349507516,4.209074303288098e-05,0.7763216644984569,0.02564102564102564,5.421817393190197e-05,0.2538651401892125,3237.0,0.45860080976381923,0.7994663582555372
Yeo Kean Fatt Dept Store,460017,Authorised Retailer,BEDOK,EAST REGION,residential,276990,2,1,1.32014883000628,103.935563486677,346249,56079,24258,84635,46011,48,0.8401,1555382,387331,172696,128709,130147,146,0.7761,3792745,426008,299990,392609,462586,307,0.8725,0.0,5,26,31,1632,3422,2551,146.0,387331.0,353.2821458692681,1,901222.7541125029,0.0034954400519869953,64.46989631884814,0.012152097216777734,0.0016807633918889612,-4.168462329682915,372446.0,52.766152979084154,-2.99642878943372
Yeo Soon Huat,310070,Authorised Retailer,TOA PAYOH,CENTRAL REGION,residential,121850,2,1,1.33444874946936,103.852333287558,415070,82015,45015,52340,86166,88,0.8072,1587824,282645,50722,200471,230096,323,0.8397,3276366,469329,165152,749404,354341,533,0.8589,0.0,11,27,38,1817,3733,2366,323.0,282645.0,474.2589029001533,1,1122096.5642617627,0.004352110790611418,80.27033142203699,0.016060862214708368,0.002060290609412275,-4.718002046063651,764218.0,108.27031005130874,-6.753317677943439
