outlet_name,merged_from,n_merged,postal_code,outlet_type,planning_area,region,neighborhood_type,pa_population,pa_area_sqkm,pa_population_density,n_outlets_at_postal,shared_postal,merge_group,merge_role,latitude,longitude,res_area_500m,com_area_500m,mixed_area_500m,inst_area_500m,open_area_500m,hdb_blocks_500m,rc_ratio_500m,res_area_1000m,com_area_1000m,mixed_area_1000m,inst_area_1000m,open_area_1000m,hdb_blocks_1000m,rc_ratio_1000m,res_area_1500m,com_area_1500m,mixed_area_1500m,inst_area_1500m,open_area_1500m,hdb_blocks_1500m,rc_ratio_1500m,open_hours_daily,g1_wins_hist,g2_wins_hist,combined_wins_hist,first_draw,last_draw,draws_i,hdb_proxy,com_area_proxy,volume_proxy,is_closed,exposure,p_share,expected_wins,win_rate_per_draw,win_share,std_residual,exposure_hdb,expected_wins_hdb,std_residual_hdb
7-Eleven Balestier Rd,7-Eleven Balestier Rd,1,329722,,NOVENA,CENTRAL REGION,residential,49330,8.968,5500.7,1,0,,unique,1.32242229055037,103.852590390225,399478,38363,52647,59828,8390,30,0.8681,1396775,72655,74812,497830,222896,166,0.9287,3240378,544987,165642,645755,359883,374,0.8411,0.0,1,1,2,3709,3739,474,166.0,72655.0,203.9982411332109,1,96695.16629714197,0.00038302647182293474,7.064540246302208,0.004219409282700422,0.00010843634786380394,-1.9054522715116764,78684.0,11.286459012652543,-2.76421164269791
7-Eleven Erskine Rd,7-Eleven Erskine Rd,1,069320,,OUTRAM,CENTRAL REGION,commercial,18340,1.3732,13355.8,1,0,,unique,1.2812137246811,103.845162755022,41713,362753,53639,22335,30953,16,0.1496,308434,820351,123894,240728,253382,64,0.2957,776962,1119416,187907,563696,704316,115,0.4178,0.0,2,27,29,1942,3638,2241,64.0,820351.0,493.0399162049508,1,1104902.4522152948,0.004376711930770441,80.72407485113001,0.012940651494868362,0.0015723270440251573,-5.756933241209351,143424.0,20.572786048379317,1.8579647289865153
7-Eleven Jalan Leban,7-Eleven Jalan Leban,1,577549,,ANG MO KIO,NORTH-EAST REGION,residential,162280,13.9426,11639.2,1,0,,unique,1.37137207632985,103.829054256663,296089,2525,0,0,14201,1,0.9915,1115162,2525,0,125282,114051,43,0.9977,3025814,122454,71739,274175,1944379,155,0.9508,11.14,12,32,44,1292,3633,2891,43.0,2525.0,44.32056374456483,1,128130.74978553691,0.000507548318098627,9.361221179011077,0.015219647180906262,0.0023855996530036867,11.321300538387383,124313.0,17.83149788063489,6.197049301616356
7-Eleven Kim Tian,7-Eleven Kim Tian,1,169247,,SINGAPORE RIVER,CENTRAL REGION,residential,3260,0.9576,3404.4,1,0,,unique,1.28508532787771,103.829289490938,528434,24632,5392,43796,9688,152,0.9511,1402044,270426,83502,334768,82652,270,0.8222,3178854,469163,184788,710541,340797,399,0.8535,0.0,4,11,15,1950,3307,2233,270.0,270426.0,411.4315925495794,1,918726.7461632108,0.0036392373851541803,67.1220943317837,0.006717420510523959,0.0008132726089785296,-6.361933255138101,602910.0,86.4816100264138,-7.6865674537706425
7-Eleven Store Bedok North Street 2,7-Eleven Store Bedok North Street 2,1,460123,Authorised Retailer (7-Eleven),BEDOK,EAST REGION,residential,276990,21.734,12744.6,1,0,,unique,1.32919868667839,103.937343347878,405134,0,37141,17592,48254,74,0.958,1727898,32867,215160,234775,153490,281,0.9289,3634751,551337,326969,384182,373698,415,0.8416,11.0,8,40,48,2127,4109,2056,281.0,32867.0,298.1892944921236,1,613077.1894758062,0.0024285060136142464,44.79136491510116,0.023346303501945526,0.002602472348731295,0.4794277627595569,577736.0,82.8706431311808,-3.8305364797379027
7-Eleven Store Bedok Road,7-Eleven Store Bedok Road,1,469539,,TAMPINES,EAST REGION,residential,259900,20.7954,12497.9,1,0,,unique,1.33144709315919,103.947134707266,384438,71984,16892,15969,29596,0,0.8301,1191653,391989,54033,218126,64385,59,0.7441,3209128,1023551,88875,492935,206688,238,0.7529,0.0,0,3,3,3935,4046,248,59.0,391989.0,264.0084996705831,1,65474.10791830461,0.0002593543970402534,4.783532499010433,0.012096774193548387,0.00016265452179570593,-0.8154675107730955,14632.0,2.098818924725891,0.6220489727754195
7-Eleven Store Bukit Batok West Avenue 6,7-Eleven Store Bukit Batok West Avenue 6,1,650132,Authorised Retailer (7-Eleven),BUKIT BATOK,WEST REGION,residential,158030,11.1402,14185.6,1,0,,unique,1.3506524380389,103.745625196086,506401,13499,34996,93952,43617,103,0.9441,1485675,127004,49693,277734,363838,283,0.9087,3295109,364661,226468,552185,1001826,641,0.877,11.0,5,31,36,1941,4119,2242,283.0,127004.0,349.4225258672124,1,783405.3029942903,0.0031032054724554436,57.235521733968206,0.016057091882247992,0.001951854261548471,-2.8069205016266405,634486.0,91.01088192137998,-5.766362572297245
7-Eleven Store Changi Road,7-Eleven Store Changi Road,1,419701,Authorised Retailer (7-Eleven),GEYLANG,CENTRAL REGION,residential,110110,9.6448,11416.5,1,0,,unique,1.31621766760551,103.898830016087,311569,110063,64768,18313,18044,41,0.7071,1452940,297562,71252,189416,59128,80,0.8171,3330850,823074,103764,443744,127038,190,0.7945,11.0,10,35,45,1651,4144,2532,80.0,297562.0,235.62359958819772,0,596598.9541573166,0.0023632328404287976,43.587466508868744,0.017772511848341232,0.002439817826935589,0.21395278320680955,202560.0,29.05527346859462,2.9580437387655416
7-Eleven Store Choa Chu Kang Drive,7-Eleven Store Choa Chu Kang Drive,1,682689,Authorised Retailer (7-Eleven),CHOA CHU KANG,WEST REGION,mixed,192070,6.1173,31397.9,1,0,,unique,1.40313482841143,103.749793059631,409705,158589,0,13601,83444,83,0.7209,753180,905366,8500,61724,148579,159,0.4544,1058913,2294312,8500,138173,272693,227,0.3163,11.0,12,45,57,2144,4160,2039,159.0,905366.0,632.5023822422494,0,1289672.3573919465,0.005108617853155342,94.22334768359713,0.027954879843060325,0.0030904359141184124,-3.8347421199483036,324201.0,46.503498784517404,1.5392237145008905
7-Eleven Store Circular Road,7-Eleven Store Circular Road,1,049413,Authorised Retailer (7-Eleven),DOWNTOWN CORE,CENTRAL REGION,commercial,3190,5.0836,627.5,1,0,,unique,1.28606946719614,103.84924456163,0,273881,20798,44671,73360,8,0.0353,60260,799065,104097,229846,548933,23,0.1166,475828,1486299,230506,473724,851510,65,0.2696,11.0,7,21,28,2197,4152,1986,23.0,799065.0,440.90743308938374,0,875642.1621155161,0.0034685718095137674,63.97433845467192,0.014098690835850957,0.0015181088700932553,-4.497694098652977,45678.0,6.552067444206482,8.379078433356238
7-Eleven Store Clementi Street 11,7-Eleven Store Clementi Street 11,1,120109,Authorised Retailer (7-Eleven),CLEMENTI,WEST REGION,residential,91990,9.5213,9661.5,1,0,,unique,1.32189101845703,103.770595266094,328299,0,23693,6506,11294,36,0.9663,2232353,60598,59278,32210,125073,120,0.9616,3773620,141122,116816,612783,256981,197,0.9505,11.0,2,18,20,2004,3932,2179,120.0,60598.0,151.69248387847105,1,330537.9223711884,0.001309318542567742,24.149071199119437,0.009178522257916476,0.0010843634786380394,-0.8443075474103986,261480.0,37.506777777291276,-2.858586519811677
7-Eleven Store Esplanade MRT Station,7-Eleven Store Esplanade MRT Station,1,189562,Authorised Retailer (7-Eleven),DOWNTOWN CORE,CENTRAL REGION,commercial,3190,5.0836,627.5,1,0,,unique,1.2936577245386,103.855081226245,9875,402233,20832,62970,149784,3,0.0469,27497,835947,92578,332822,447194,13,0.0772,421281,1435152,237575,464160,846259,54,0.2579,0.0,0,11,11,3821,4160,362,13.0,835947.0,450.19655468425105,0,162971.15279569887,0.0006455572502190108,11.906657923039436,0.03038674033149171,0.0005963999132509217,-0.2627535078976399,4706.0,0.675030198179336,12.566871930105643
7-Eleven Store Eunos Crescent,7-Eleven Store Eunos Crescent,1,401001,Authorised Retailer (7-Eleven),GEYLANG,CENTRAL REGION,residential,110110,9.6448,11416.5,1,0,,unique,1.32129030482793,103.902727807563,424557,10132,0,68275,16519,51,0.9767,1557122,298903,65336,152382,53556,139,0.8274,3344984,1159884,77753,301653,136096,231,0.7384,11.0,26,72,98,1194,4167,2989,139.0,298903.0,295.32493661055867,0,882726.2355289599,0.003496633063758347,64.49190022795895,0.03278688524590164,0.0053133810453263935,4.172508337767239,415471.0,59.59529780445535,4.974831832743736
7-Eleven Store Foch Road,7-Eleven Store Foch Road,1,209264,Authorised Retailer (7-Eleven),KALLANG,CENTRAL REGION,mixed,101290,8.5847,11798.9,1,0,,unique,1.31270184017357,103.859968759019,243150,209984,9383,50104,38968,24,0.5359,952862,749544,70464,169631,153040,143,0.5573,2448542,1170599,183381,440660,383497,323,0.668,11.0,6,24,30,2143,4169,2040,143.0,749544.0,535.0081708340987,0,1091416.6685015613,0.004323292381961089,79.73880469289033,0.014705882352941176,0.0016265452179570592,-5.570067827145317,291720.0,41.844413389901376,-1.8310272792870896
7-Eleven Store McCallum Street,7-Eleven Store McCallum Street,1,069044,Authorised Retailer (7-Eleven),OUTRAM,CENTRAL REGION,commercial,18340,1.3732,13355.8,1,0,,unique,1.27968475871905,103.847576349309,39471,334232,6062,29232,24673,1,0.1119,166466,786697,100288,133838,294998,42,0.2056,471553,999072,135644,556880,549922,80,0.3358,10.86,12,51,63,2465,4160,1718,42.0,786697.0,453.4390242209569,0,779008.243611604,0.003085787950915941,56.914272966693616,0.03667054714784633,0.0034157449577098243,0.8066810827789823,72156.0,10.350080531200204,16.365370685055858
7-Eleven Store Owen Road,7-Eleven Store Owen Road,1,210045,Authorised Retailer (7-Eleven),ROCHOR,CENTRAL REGION,residential,13120,1.5885,8259.6,1,0,,unique,1.31559567579803,103.850825476141,395740,5264,0,58042,12316,30,0.9869,1334648,258096,34814,368795,112256,79,0.8307,2844715,676804,162642,737136,270785,250,0.7942,11.0,12,36,48,2127,4162,2056,79.0,258096.0,213.98305751176386,0,439949.1662441865,0.0017427156225174542,32.142646941711924,0.023346303501945526,0.002602472348731295,2.796983321844008,162424.0,23.29815233937111,5.117627821460472
7-Eleven Store Plaza Singapura,7-Eleven Store Plaza Singapura,1,238839,Authorised Retailer (7-Eleven),MUSEUM,CENTRAL REGION,mixed,510,0.8295,614.8,1,0,,unique,1.30082071769235,103.845067272666,138909,111896,39662,451630,20454,0,0.5465,675406,413598,157306,668735,333755,19,0.605,1731049,1180904,275701,959910,543155,53,0.5863,11.0,10,38,48,2164,4167,2019,19.0,413598.0,235.30991034634596,0,475090.7089892725,0.0018819174218163192,34.71008492798019,0.0237741456166419,0.002602472348731295,2.2557676673652023,38361.0,5.502514541512432,18.1168477443018
7-Eleven Store Sin Ming,7-Eleven Store Sin Ming,1,574369,Authorised Retailer (7-Eleven),BISHAN,CENTRAL REGION,residential,87320,7.6081,11477.2,1,0,,unique,1.35327556197146,103.834836368264,366654,70503,11473,32956,13718,11,0.8301,1096694,415418,11473,234993,47978,49,0.7236,2992336,424655,48726,612731,354671,133,0.8704,11.0,12,25,37,1416,4095,2767,49.0,415418.0,266.26176223351746,1,736746.2961001428,0.0029183809825268758,53.8266188417257,0.013371882905674015,0.002006072435480373,-2.2934976901849398,135583.0,19.448070412186336,3.9800324125497784
7-Eleven Store Sixth Avenue,7-Eleven Store Sixth Avenue,1,276472,Authorised Retailer (7-Eleven),BUKIT TIMAH,CENTRAL REGION,mixed,77860,17.5149,4445.3,1,0,,unique,1.33109923987903,103.795114609687,364700,4602,2102,0,11293,0,0.9848,1975723,4602,5519,84832,46296,0,0.9963,4012551,17689,5519,534916,322622,0,0.9949,11.0,19,29,48,1283,4148,2900,0.0,4602.0,2.4068254861335987,0,6979.793909787436,2.7648184885495233e-05,0.5099431220280741,0.016551724137931035,0.002602472348731295,66.50308933197053,0.0,0.0,
7-Eleven Store Tai Thong Crescent,7-Eleven Store Tai Thong Crescent,1,347857,,TOA PAYOH,CENTRAL REGION,residential,121850,8.1802,14895.7,1,0,,unique,1.32908239719806,103.869753021979,250108,102215,39249,115523,4219,4,0.6888,1217231,467552,45071,340279,86627,139,0.7167,2907445,927013,75999,859638,274862,343,0.7532,0.0,0,6,6,3422,4046,761,139.0,467552.0,383.52761184109875,1,291864.5126110761,0.0011561264000747177,21.323595322978093,0.00788436268068331,0.00032530904359141186,-3.3184131699636095,105779.0,15.172974783937946,-2.35491280725026
7-Eleven Store Upper Thomson Road,7-Eleven Store Upper Thomson Road,1,787113,Authorised Retailer (7-Eleven),YISHUN,NORTH REGION,mixed,221610,21.011,10547.3,1,0,,unique,1.3989655869656,103.818134405398,286548,0,26092,0,164900,0,0.9583,1206048,0,26092,7532,469240,0,0.9894,2268566,0,26092,7532,473826,0,0.9943,11.0,10,36,46,1364,3837,2819,0.0,0.0,0.0,1,0.0,0.0,0.0,0.016317843206810925,0.002494036000867491,,0.0,0.0,
7-Eleven Store Yishun Ring Road,7-Eleven Store Yishun Ring Road,1,760103,Authorised Retailer (7-Eleven),YISHUN,NORTH REGION,residential,221610,21.011,10547.3,1,0,,unique,1.43136934951878,103.828892847163,523226,2044,50385,61710,20701,83,0.9527,1281057,39548,91239,238871,132145,185,0.9397,2185151,320033,201084,404206,240643,376,0.8446,12.0,41,117,158,1245,4156,2938,185.0,39548.0,205.68342771091082,0,604297.9106146559,0.0023937297539923068,44.14995158263411,0.053778080326752895,0.008566471481240512,17.134368539931366,543530.0,77.96412316540894,9.064363384161156
A.P. Mini Mart - Bedok Reservoir Road,A.P. Mini Mart - Bedok Reservoir Road,1,470121,Authorised Retailer,GEYLANG,CENTRAL REGION,residential,110110,9.6448,11416.5,1,0,,unique,1.33130517787872,103.909992224709,460413,6875,2497,51839,30887,89,0.9827,1440535,612754,38230,232941,94216,180,0.6979,2753415,1263769,74552,372185,155787,297,0.682,11.0,2,19,21,3349,4179,834,180.0,612754.0,500.4676105889411,0,417389.98723117687,0.0016533547674151194,30.494475330204462,0.025179856115107913,0.0011385816525699415,-1.7193345389617156,150120.0,21.53326250545727,-0.11491748993496528
A.P. Mini Mart - Lorong 8 Toa Payoh,A.P. Mini Mart - Lorong 8 Toa Payoh,1,310234,Authorised Retailer,TOA PAYOH,CENTRAL REGION,residential,121850,8.1802,14895.7,1,0,,unique,1.33860148626926,103.857914069837,291744,120546,0,71913,17775,59,0.7076,1265562,224068,19938,273962,110718,230,0.845,3315183,372856,101922,659689,321170,509,0.8882,11.0,10,19,29,1494,4120,2689,230.0,224068.0,347.1865651949116,1,933584.6738091174,0.0036980922361539064,68.20761320362264,0.010784678319077723,0.0015723270440251573,-4.7473798139425885,618470.0,88.71354157840499,-6.339833773199662
ACE Signature Geylang Road,ACE Signature Geylang Road,1,389409,Authorised Retailer,GEYLANG,CENTRAL REGION,residential,110110,9.6448,11416.5,1,0,,unique,1.31318416956181,103.883694389395,378660,131081,3412,54095,14008,22,0.7412,1420605,402161,9329,223349,170529,125,0.7779,2893819,1019589,29514,422499,659619,247,0.7377,11.0,0,2,2,4058,4088,125,125.0,402161.0,335.3284103278953,1,41916.051290986914,0.00016603681294057016,3.062382977875876,0.016,0.00010843634786380394,-0.6070875862731613,15625.0,2.2412551735129886,-0.16115024965633964
Afro Asia Co Pte Ltd,Afro Asia Co Pte Ltd,1,760604,Authorised Retailer,YISHUN,NORTH REGION,residential,221610,21.011,10547.3,1,0,,unique,1.42171348124463,103.83554529409,414860,0,0,89191,91218,99,1.0,1173284,14894,135753,295527,417799,300,0.9375,3539852,21855,246267,483660,541827,572,0.9619,11.0,8,31,39,2144,4162,2039,300.0,14894.0,307.7894956085341,0,627582.781545801,0.0024859652017519378,45.85114218111274,0.019127023050514957,0.002114508783344177,-1.0117842185143822,611700.0,87.74245053682527,-5.203582924337115
B.H. Mini Mart,B.H. Mini Mart,1,350137,Authorised Retailer,TOA PAYOH,CENTRAL REGION,residential,121850,8.1802,14895.7,1,0,,unique,1.33385759374197,103.865845367722,314782,0,36968,145049,6555,44,0.9475,1402449,155428,64874,280586,53913,152,0.8842,3107841,522994,70513,633136,294830,402,0.8492,11.0,6,18,24,1610,4062,2573,152.0,155428.0,233.28815116444437,1,600250.4129461154,0.002377696907563059,43.85424176309306,0.009327633113097552,0.0013012361743656475,-2.998109583850119,391096.0,56.09893973377509,-4.285617046087019
Balestier Khalsa Football Club,Balestier Khalsa Football Club,1,310070,Authorised Retailer,TOA PAYOH,CENTRAL REGION,residential,121850,8.1802,14895.7,2,1,310070,concurrent,1.33444874946936,103.852333287558,415070,82015,45015,52340,86166,88,0.8072,1587824,282645,50722,200471,230096,323,0.8397,3276366,469329,165152,749404,354341,533,0.8589,11.0,4,17,21,2334,4179,1849,323.0,282645.0,470.8220750821884,0,870550.0168269663,0.0034484009310865107,63.6023067729596,0.011357490535424553,0.0011385816525699415,-5.341911413652982,597227.0,85.66643862474507,-6.986723999872808
Bedok Betting Centre - Lottery Lobby (Public),Bedok Betting Centre - Lottery Lobby (Public),1,460215,Betting Centre,BEDOK,EAST REGION,residential,276990,21.734,12744.6,2,1,,unique,1.32607594879214,103.933497473796,457952,32867,118031,19897,79481,82,0.8491,1691020,289446,265515,233145,157307,271,0.812,4016634,475015,344552,452709,355501,432,0.8662,8.0,1,6,7,2164,4109,2019,271.0,289446.0,422.3789677660638,1,852783.1359196828,0.00337802320725797,62.304260034665994,0.003467062902426944,0.0003795272175233138,-7.006477225450032,547149.0,78.48323372367733,-8.068926254045525
Bukit Merah Betting Centre,Bukit Merah Betting Centre,1,150169,Betting Centre,BUKIT MERAH,CENTRAL REGION,residential,151250,14.4612,10459.0,3,1,150169,name_duplicate,1.28331722010432,103.818863104657,158103,156103,63674,96689,47896,47,0.5026,1201379,277342,89893,294866,210580,205,0.7945,2890938,621731,134472,574611,1434161,469,0.8111,0.0,2,7,9,2264,4100,1919,205.0,277342.0,350.04862972083106,1,671743.3204342749,0.0026608928227694487,49.077507223159714,0.004689942678478374,0.00048796356538711777,-5.7208354108323265,393395.0,56.4287090549851,-6.313806188979497
Bukit Merah Betting Centre - Lottery Lobby (Public),Bukit Merah Betting Centre - Lottery Lobby (Public),1,150169,Betting Centre,BUKIT MERAH,CENTRAL REGION,residential,151250,14.4612,10459.0,3,1,150169,name_duplicate,1.28333217787948,103.819138070812,158103,145078,63674,75672,47896,52,0.5178,1190613,261447,89893,294866,210794,208,0.8013,2887610,598785,136460,572922,1434161,472,0.8159,8.0,2,6,8,2264,4100,1919,208.0,261447.0,344.73561557435266,1,661547.6462871828,0.002620505973602487,48.33261217712427,0.004168837936425221,0.00043374539145521576,-5.801445497909824,399152.0,57.254495041155614,-6.509401754756706
Cheers Bedok North Street 3,Cheers Bedok North Street 3,1,460539,,BEDOK,EAST REGION,residential,276990,21.734,12744.6,1,0,,unique,1.33131386579703,103.925307290709,678200,0,44562,14728,138776,71,0.9692,1473797,209603,285867,175088,223017,244,0.821,3144790,616111,361239,356062,824701,381,0.8067,0.0,6,39,45,2201,4087,1982,244.0,209603.0,353.6214346740679,1,700877.6835240027,0.002776299132416559,51.20606119829101,0.022704339051463168,0.002439817826935589,-0.8672720859732167,483608.0,69.36889164494524,-2.9258590397890574
Cheers Changi Village Road,Cheers Changi Village Road,1,500004,Authorised Retailer,CHANGI,EAST REGION,residential,1850,41.4711,44.6,2,1,500004,concurrent,1.38909635615366,103.98746284567,48051,7044,48160,28350,151097,7,0.6986,119287,7044,48160,28350,813694,7,0.8216,119287,73374,48160,28350,836124,7,0.5953,0.0,18,78,96,1889,4066,2294,7.0,7044.0,10.683980600679067,1,24509.051497957782,9.708464117163272e-05,1.790629121769594,0.041848299912816043,0.00520494469746259,70.40301886027076,16058.0,2.3033648368813804,61.736588686634725
Cheers Haig Road,Cheers Haig Road,1,430012,,GEYLANG,CENTRAL REGION,residential,110110,9.6448,11416.5,1,0,,unique,1.31561468089698,103.896129520656,279188,178622,64768,19455,18676,34,0.5962,1237435,384434,70685,175622,54088,66,0.752,3564301,812580,85515,469216,118836,230,0.8083,0.0,8,25,33,1996,4007,2187,66.0,384434.0,267.05726834773657,1,584054.2458764999,0.0023135410560630345,42.67095123802661,0.015089163237311385,0.0017891997397527651,-1.4804816584289693,144342.0,20.704464272333556,2.702187354565898
Cheers Harbourfront Centre,Cheers Harbourfront Centre,1,099253,Authorised Retailer,BUKIT MERAH,CENTRAL REGION,mixed,151250,14.4612,10459.0,1,0,,unique,1.26401293230767,103.82005101011,58761,173210,1338,0,3542,0,0.2547,304352,218765,14323,20159,800511,9,0.5796,1119893,422419,14323,152323,1323774,66,0.724,11.0,18,61,79,1946,4175,2237,9.0,218765.0,123.41311983355426,0,276075.1490676609,0.001093581968517721,20.170025827340847,0.03531515422440769,0.004283235740620256,13.099219832146176,20133.0,2.887884186133568,44.788230913146236
Cheers Hougang Avenue 3,Cheers Hougang Avenue 3,1,530023,Authorised Retailer,HOUGANG,NORTH-EAST REGION,residential,227560,13.933,16332.4,1,0,,unique,1.36486665431312,103.890727968932,548022,0,5246,99658,14700,46,0.9953,1728843,324786,151972,201626,110785,192,0.8183,3244153,1302081,159561,383479,440269,415,0.7063,11.0,4,22,26,2256,4144,1927,192.0,324786.0,361.86163023454736,0,697307.3614619728,0.002762156462052991,50.94521378610536,0.013492475350285417,0.0014096725222294514,-3.494906293231217,369984.0,53.07062746348989,-3.715961545752821
Cheers Hougang Central,Cheers Hougang Central,1,530810,Authorised Retailer,HOUGANG,NORTH-EAST REGION,residential,227560,13.933,16332.4,1,0,,unique,1.37158744105995,103.893369990045,523626,24019,45723,31369,18176,89,0.921,1677026,24019,45723,184360,309812,302,0.9732,3348496,1134538,129158,683632,431124,531,0.74,11.0,13,66,79,1668,4181,2515,302.0,24019.0,314.5618299329515,0,791123.0022813731,0.003133776629646877,57.799376157207,0.03141153081510934,0.004283235740620256,2.788605406450844,759530.0,108.94723468405249,-2.869119388570911
Cheers Maude Rd,Cheers Maude Rd,1,208358,,KALLANG,CENTRAL REGION,mixed,101290,8.5847,11798.9,1,0,,unique,1.30830240671003,103.857735757768,223188,185239,20642,57847,58284,38,0.5442,778149,786788,153316,197640,153507,120,0.4975,1638766,1342474,211905,458526,389106,209,0.5464,0.0,0,4,4,2883,3137,1300,120.0,786788.0,531.4866168153155,1,690932.6018599102,0.002736904923919284,50.479474416767275,0.003076923076923077,0.00021687269572760788,-6.541898419239284,156000.0,22.376691652353678,-3.8848064806006986
Cheers New Upper Changi Road,Cheers New Upper Changi Road,1,461059,,BEDOK,EAST REGION,residential,276990,21.734,12744.6,1,0,,unique,1.32405898618809,103.940695612461,477330,0,30407,40567,44796,57,0.9701,2000768,4136,184934,182457,153817,206,0.9559,3806577,483761,338957,418995,290059,314,0.8589,0.0,9,42,51,2259,3956,1924,206.0,4136.0,208.16310956337432,1,400505.8227999322,0.0015864736379912893,29.26091977911134,0.02650727650727651,0.0027651268705270004,4.018807262580464,396344.0,56.85171459141324,-0.7760886862063436
Cheers Northshore Plaza II,Cheers Northshore Plaza II,1,820418,Authorised Retailer,PUNGGOL,NORTH-EAST REGION,residential,174450,9.3743,18609.4,1,0,,unique,1.41796176594116,103.901323351032,214554,10654,0,21574,41054,51,0.9527,465414,53497,0,427363,162704,94,0.8969,870033,617047,73668,612727,402780,172,0.581,11.0,0,6,6,3755,4035,428,94.0,53497.0,121.97869253187508,1,52206.880403642535,0.00020680058757477056,3.814230037229068,0.014018691588785047,0.00032530904359141186,1.119182762417002,40232.0,5.770891401009571,0.09537179108465307
Cheers Woodlands Centre,Cheers Woodlands Centre,1,731005,,WOODLANDS,NORTH REGION,residential,255130,13.6125,18742.3,1,0,,unique,1.4416756560120672,103.77002767602397,208240,91347,0,210752,59480,19,0.6951,811224,216434,28001,318649,108816,107,0.7817,1094657,874111,69198,359999,510697,207,0.5541,0.0,12,30,42,1678,3287,2505,107.0,216434.0,220.1940172242154,1,551586.0131466596,0.0021849287054661022,40.29882504361679,0.016766467065868262,0.002277163305139883,0.2679802504600092,268035.0,38.44702914768345,0.5730074271463091
Cheng Chew Wah Agency - Bedok South Road,Yeo Kean Fatt Dept Store | Cheng Chew Wah Agency - Bedok South Road,2,460017,Authorised Retailer,BEDOK,EAST REGION,residential,276990,21.734,12744.6,2,1,460017,replacement_merged,1.32014883000628,103.935563486677,346249,56079,24258,84635,46011,48,0.8401,1555382,387331,172696,128709,130147,146,0.7761,3792745,426008,299990,392609,462586,307,0.8725,11.0,9,48,57,1632,4160,2551,146.0,387331.0,348.57238643407493,0,889208.1577933251,0.003522309091946984,64.96546889187017,0.022344178753430026,0.0030904359141184124,-0.9882573595373833,372446.0,53.42377755866998,0.48927973374440636
Cheng Chew Wah Agency - Marine Terrace,Cheng Chew Wah Agency - Marine Terrace,1,440058,Authorised Retailer,MARINE PARADE,CENTRAL REGION,residential,46220,6.1331,7536.2,1,0,,unique,1.30611781253448,103.914026029355,440625,6545,0,131218,2047,49,0.9854,1457536,73145,5165,227381,376984,77,0.9507,2924406,172737,35703,405402,688756,78,0.9392,11.0,18,42,60,1223,4162,2960,77.0,73145.0,115.25450894898785,0,341153.34648900403,0.0013513680948096434,24.924633140669062,0.02027027027027027,0.0032530904359141183,7.025671421106005,227920.0,32.69292026541314,4.775824958072804
Cheng Tai Boon Beng,Cheng Tai Boon Beng,1,238841,Authorised Retailer,NEWTON,CENTRAL REGION,mixed,8260,2.0687,3992.8,1,0,,unique,1.30125729409965,103.841150144584,155039,164928,36066,412804,24117,0,0.4861,1070374,387588,91857,586135,279349,0,0.7203,2000506,986971,269606,916750,471335,27,0.6556,11.0,10,37,47,1224,4167,2959,0.0,387588.0,202.70679628847225,0,599809.4102175893,0.0023759500185960084,43.82202214298478,0.015883744508279823,0.0025482541747993926,0.48007010227666613,0.0,0.0,
China Square Betting Centre - Level 2,China Square Betting Centre - Level 2,1,048441,,DOWNTOWN CORE,CENTRAL REGION,commercial,3190,5.0836,627.5,2,1,048441,concurrent,1.28286636225753,103.849289233227,17995,328196,20798,15001,55716,8,0.0774,72696,795207,103600,144542,341082,24,0.1281,407991,1135336,185929,464953,808585,73,0.2897,0.0,0,1,1,3782,3782,401,24.0,795207.0,439.8897162867972,1,176395.77623100567,0.0006987345324647008,12.887459716778942,0.0024937655860349127,5.421817393190197e-05,-3.3113523714189412,9624.0,1.380469746552896,-0.32382224729122244
China Square Betting Centre - Lottery Lobby (Public),China Square Betting Centre - Lottery Lobby (Public),1,048441,,DOWNTOWN CORE,CENTRAL REGION,commercial,3190,5.0836,627.5,2,1,048441,concurrent,1.28286636225753,103.849289233227,17995,328196,20798,15001,55716,8,0.0774,72696,795207,103600,144542,341082,24,0.1281,407991,1135336,185929,464953,808585,73,0.2897,0.0,1,6,7,2615,3959,1568,24.0,795207.0,439.8897162867972,1,689747.075137698,0.002732208845148755,50.39285993992364,0.004464285714285714,0.0003795272175233138,-6.112709703094142,37632.0,5.39794654013701,0.6895451603414208
Chng Siow Eng Agency,Chng Siow Eng Agency,1,510625,Authorised Retailer,PASIR RIS,EAST REGION,residential,147110,15.8032,9308.9,1,0,,unique,1.37860239032585,103.941978177673,342639,0,19965,78575,15959,178,0.9725,1426811,110922,32965,183915,728036,326,0.9189,2067335,979277,56801,233057,947821,427,0.6753,11.0,18,46,64,1195,4152,2988,326.0,110922.0,384.0117115543049,0,1147426.994124263,0.004545159081512453,83.83091409941568,0.0214190093708166,0.003469963131641726,-2.1659111271327105,974088.0,139.72350524524288,-6.406133327211931
Choice Decor Bedok North,Choice Decor Bedok North,1,460416,,BEDOK,EAST REGION,residential,276990,21.734,12744.6,1,0,,unique,1.32840382815915,103.930684870347,446550,16679,173709,23453,45564,84,0.8375,1587110,220747,289887,163309,262673,273,0.8257,3490995,577820,377673,464039,362690,460,0.8276,0.0,2,26,28,2323,3556,1860,273.0,220747.0,388.44969699859485,1,722516.4364173864,0.0028620140186181257,52.78698655939271,0.015053763440860216,0.0015181088700932553,-3.411617206959157,507780.0,72.83613132841121,-5.253572106478542
Choice Decor Co-Operative Society Ltd,Choice Decor Co-Operative Society Ltd,1,570022,,BISHAN,CENTRAL REGION,residential,87320,7.6081,11477.2,1,0,,unique,1.3572844410824,103.839396679952,266111,223158,0,65097,24678,32,0.5439,1475642,367086,48726,306913,243444,145,0.793,2790505,531719,97203,662198,710969,301,0.8303,0.0,3,39,42,2064,3551,2119,145.0,367086.0,336.9843416781482,1,714069.8200159961,0.002828555493203067,52.169877516637364,0.019820670127418595,0.002277163305139883,-1.4080102418688256,307255.0,44.07275893361493,-0.3122221260135304
Chong Hoe Tong,Chong Hoe Tong,1,310021,Authorised Retailer,TOA PAYOH,CENTRAL REGION,residential,121850,8.1802,14895.7,1,0,,unique,1.33544818177957,103.857495922448,525944,84177,0,44226,7235,92,0.862,1313124,229239,45015,237987,153041,270,0.8414,3407966,398658,146033,606008,345528,521,0.8807,11.0,13,39,52,1331,4179,2852,270.0,229239.0,389.89097514467187,0,1111969.061112604,0.00440470400501096,81.24036066842216,0.0182328190743338,0.0028193450444589027,-3.244119203590801,770040.0,110.45479256396428,-5.561959747432443
Chop Yeo Thong Heng,Chop Yeo Thong Heng,1,370076,Authorised Retailer,GEYLANG,CENTRAL REGION,mixed,110110,9.6448,11416.5,1,0,,unique,1.32551693484516,103.889903603926,289393,204874,0,40342,7399,72,0.5855,1058483,946133,0,174301,43307,148,0.528,2073547,2281211,70183,412170,96193,268,0.4765,11.0,11,23,34,1419,4151,2764,148.0,946133.0,642.8233415193481,0,1776763.7159594782,0.007038071947626206,129.81019900201773,0.012301013024602027,0.0018434179136846672,-8.409251364692217,409072.0,58.677423125715535,-3.2215456599408228
Chop Yeo Thong Heng (International Plaza),Chop Yeo Thong Heng (International Plaza),1,079903,,OUTRAM,CENTRAL REGION,commercial,18340,1.3732,13355.8,1,0,,unique,1.27573568143134,103.845703218601,65155,244818,32963,23521,27129,12,0.2381,221395,549329,86602,90092,173557,49,0.3087,558703,886036,122403,422933,344665,75,0.3956,0.0,1,3,4,3396,3541,787,49.0,549329.0,336.2966183120999,1,264665.4386116226,0.0010483861091190412,19.336433396591595,0.005082592121982211,0.00021687269572760788,-3.4876764360943415,38563.0,5.531489488395608,-0.6511678867813773
Chua Hong Kim Trading,Chua Hong Kim Trading,1,550237,Authorised Retailer,SERANGOON,NORTH-EAST REGION,residential,116900,10.1005,11573.6,1,0,,unique,1.35381198342473,103.87013457465,509911,0,83592,4088,25809,90,0.9296,1889970,19983,105806,235333,124600,139,0.9638,4444602,81356,110969,395175,232334,197,0.9705,11.0,17,57,74,1306,4160,2877,139.0,19983.0,149.4510199238174,0,429970.5843208227,0.0017031887136318843,31.413612634226475,0.025721237400069517,0.004012144870960746,7.598219895862463,399903.0,57.36221872981534,2.196759129309309
Chua Seng Dept Store,Chua Seng Dept Store,1,469526,,TAMPINES,EAST REGION,residential,259900,20.7954,12497.9,1,0,,unique,1.33127233921191,103.947268283784,411007,83713,16892,11072,29791,0,0.8199,1205845,386993,54033,218126,64385,59,0.7486,3189635,1023551,88875,489601,211487,233,0.7517,0.0,12,24,36,1216,3158,2967,59.0,386993.0,261.3956139407431,1,775560.7865621848,0.0030721319703642105,56.6624020613975,0.012133468149646108,0.001951854261548471,-2.7449429165318198,175053.0,25.109660280894026,2.1733066509988195
Chua Yan Kee,Chua Yan Kee,1,142049,,QUEENSTOWN,CENTRAL REGION,residential,95930,21.684,4424.0,1,0,,unique,1.3004269308691,103.797359760167,517325,74762,0,32368,40248,45,0.8737,1358483,464939,36202,180258,262756,155,0.7402,3132040,910044,53321,436405,372946,244,0.7713,10.5,16,24,40,1243,3766,2940,155.0,464939.0,398.1610244888025,1,1170593.4119970794,0.004636925315983089,85.52345052799208,0.013605442176870748,0.002168726957276079,-4.9225775354775685,455700.0,65.3657588844716,-3.1374203280647177
Chuan Hao Departmental Store,Chuan Hao Departmental Store,1,131019,Authorised Retailer,QUEENSTOWN,CENTRAL REGION,residential,95930,21.684,4424.0,1,0,,unique,1.30735380231593,103.78454843987,321348,13350,0,31766,10789,49,0.9601,959406,166029,40861,693285,117730,87,0.8401,2242959,556100,46930,2617405,255508,116,0.7964,11.0,5,23,28,2237,4144,1946,87.0,166029.0,173.83242690944704,0,338277.90276578395,0.0013399779591244127,24.714553478090668,0.014388489208633094,0.0015181088700932553,0.6608730139209222,169302.0,24.28473493671014,0.7539162771316378
Clifford Gift Shop,Clifford Gift Shop,1,560532,Authorised Retailer,ANG MO KIO,NORTH-EAST REGION,residential,162280,13.9426,11639.2,1,0,,unique,1.37380851539559,103.854594160601,756508,0,38897,160862,11062,70,0.9755,1394848,317150,179697,532123,102974,178,0.7848,2849905,690104,236955,850019,553774,305,0.7859,11.0,22,89,111,1344,4179,2839,178.0,317150.0,343.8680362727664,0,976241.3549783839,0.003867062813625501,71.32410653450874,0.039098274040154986,0.006018217306441119,4.697951678316604,505342.0,72.48642380117764,4.5236136950173895
Clifford Gift Shop - Ang Mo Kio Avenue 10,Premier Security Co-operative Ltd | Clifford Gift Shop - Ang Mo Kio Avenue 10,2,560555,Authorised Retailer,SERANGOON,NORTH-EAST REGION,residential,116900,10.1005,11573.6,2,1,560555,replacement_merged,1.37119666371478,103.85702400572,494395,41380,71543,32540,33841,81,0.873,1596543,427319,97734,313710,142898,170,0.7756,3116890,900314,236955,859157,476269,286,0.7605,11.0,6,25,31,1775,4155,2408,170.0,427319.0,393.4859321836426,0,947514.1246982114,0.003753269228270401,69.22529764621927,0.01287375415282392,0.0016807633918889612,-4.594290578943203,409360.0,58.71873394107373,-3.617304331357469
Cold Storage Aperia Mall,Cold Storage Aperia Mall,1,339511,Authorised Retailer,KALLANG,CENTRAL REGION,mixed,101290,8.5847,11798.9,1,0,,unique,1.3097112065077,103.864326436447,100370,262996,42055,30122,89751,16,0.2994,563280,843898,73359,112613,197855,100,0.4052,1623714,1253671,121857,291674,801694,236,0.5617,10.0,0,2,2,4108,4179,75,100.0,843898.0,541.3548922418886,0,40601.61691814165,0.00016083010841175656,2.966350519546438,0.02666666666666667,0.00010843634786380394,-0.5610782714524445,7500.0,1.0758024832862345,0.8910427195014097
Cold Storage Compass One,Cold Storage Compass One,1,545078,Authorised Retailer,SENGKANG,NORTH-EAST REGION,residential,249370,10.603,23518.7,1,0,,unique,1.39205314156706,103.89507054384,314635,17465,27086,100310,39003,105,0.9137,1698039,42614,36764,383653,111304,442,0.9657,3451451,183826,111908,623406,448736,869,0.936,10.5,12,61,73,2391,4166,1792,442.0,42614.0,464.2869320439151,0,832002.1822226959,0.0032957062137568384,60.786005406531125,0.040736607142857144,0.003957926697028844,1.5665920606133152,792064.0,113.61392241621706,-3.8102998881880943
Dawn Florist,Dawn Florist,1,538719,Authorised Retailer,SENGKANG,NORTH-EAST REGION,residential,249370,10.603,23518.7,1,0,,unique,1.3792452907016,103.887832017102,414070,0,16525,245811,23311,95,0.9808,1187038,158371,122839,499011,125843,363,0.8503,3438379,264917,143587,807794,416703,739,0.9125,11.0,19,47,66,1273,4177,2910,363.0,158371.0,445.8273270457332,0,1297357.5217030838,0.005139060133614623,94.7848251043881,0.02268041237113402,0.0035783994795055302,-2.9566110010586444,1056330.0,151.5203249559664,-6.947585432561917
Dawn Florist - Aljunied Avenue 2,Li Thoe Trading | Dawn Florist - Aljunied Avenue 2,2,380119,Authorised Retailer,GEYLANG,CENTRAL REGION,residential,110110,9.6448,11416.5,2,1,380119,replacement_merged,1.32012887290025,103.886058091225,440343,67766,0,85311,26382,64,0.8666,1418575,527520,7601,248583,44467,138,0.728,2544899,1730070,71589,411016,142138,269,0.5937,11.0,23,79,102,1198,4177,2985,138.0,527520.0,413.89060852785656,0,1235463.466455652,0.004893886951582066,90.26285093497962,0.034170854271356785,0.005530253741054001,1.2354014223664984,411930.0,59.087375592013146,5.582615602718811
Delisia Agency Pte Ltd,Delisia Agency Pte Ltd,1,188425,Authorised Retailer,ROCHOR,CENTRAL REGION,commercial,13120,1.5885,8259.6,1,0,,unique,1.30151258571919,103.854497235401,81316,178487,84465,102716,21802,14,0.3589,424508,922805,155246,316134,162489,69,0.3342,1029553,1416488,239885,993625,652690,114,0.428,11.0,36,160,196,1709,4167,2474,69.0,922805.0,551.6229015061963,0,1364715.0583263296,0.0054058751212863335,99.70596073700513,0.07922392886014551,0.010626762090652787,9.643592337770999,170706.0,24.486125161581327,34.66085137430381
Everbright  Services,Everbright  Services,1,100108,Authorised Retailer,BUKIT MERAH,CENTRAL REGION,residential,151250,14.4612,10459.0,1,0,,unique,1.28084469467756,103.810292618353,178849,110802,0,25979,443586,35,0.6175,782510,348308,106643,208552,558870,172,0.6754,2680922,937525,166322,515595,1473600,308,0.7303,11.0,12,30,42,1672,4097,2511,172.0,348308.0,354.16353138292516,1,889304.6273025251,0.003522691224551563,64.97251694562904,0.016726403823178016,0.002277163305139883,-2.849992617452899,431892.0,61.95073148152778,-2.5347527571642936
Evercool Engineering,Evercool Engineering,1,310095,Authorised Retailer,TOA PAYOH,CENTRAL REGION,residential,121850,8.1802,14895.7,1,0,,unique,1.33889072150034,103.848993316875,587803,55049,0,40733,14369,109,0.9144,1582354,255633,63447,316499,223354,311,0.8489,3109994,614233,101627,813206,332862,480,0.8262,11.0,15,55,70,1881,4160,2302,311.0,255633.0,444.69491949082794,0,1023687.7046678859,0.004055006106122681,74.79053262132672,0.030408340573414423,0.003795272175233138,-0.553937145639665,715922.0,102.692088725233,-3.226072887027207
Everstream Trading,Everstream Trading,1,650283,Authorised Retailer,BUKIT BATOK,WEST REGION,residential,158030,11.1402,14185.6,1,0,,unique,1.34694365753899,103.757539380939,522250,0,45304,77950,15445,108,0.9601,958365,343673,45304,185531,526388,160,0.7281,2596491,728235,82297,254119,1266120,275,0.7742,11.0,18,75,93,1390,4177,2793,160.0,343673.0,339.73944704389226,0,948892.275593591,0.0037587283250930356,69.32598522801595,0.03329752953813104,0.0050422901756668834,2.843307883074225,446880.0,64.10061516412699,3.609586881444919
Fatt Chye Heng Trading,Fatt Chye Heng Trading,1,530007,Authorised Retailer,HOUGANG,NORTH-EAST REGION,mixed,227560,13.933,16332.4,1,0,,unique,1.36232721881747,103.893510807642,467558,43414,17819,39005,9619,50,0.9011,1263841,951063,117997,156384,66152,145,0.567,2601534,1823593,158435,302165,268162,307,0.5849,12.0,33,84,117,1214,4175,2969,145.0,951063.0,642.4017095433896,0,1907290.6756343239,0.007555112072345535,139.34648706234105,0.03940720781407881,0.006343526350032531,-1.8930463525325607,430505.0,61.751779742285386,7.030618829707839
Food Republic i12 Katong,Food Republic i12 Katong,1,428802,,MARINE PARADE,CENTRAL REGION,residential,46220,6.1331,7536.2,1,0,,unique,1.30520653617341,103.905046110228,444975,150844,28577,39649,25971,18,0.7355,1630893,178844,31877,138527,383462,49,0.8942,3255849,226927,55753,334045,477362,99,0.928,0.0,0,2,2,3114,3183,1069,49.0,178844.0,142.53461478532753,1,152369.50320551512,0.0006035622612910982,11.132102347253015,0.0018709073900841909,0.00010843634786380394,-2.7370464946109476,52381.0,7.513547983602166,-2.0114471511665055
Fortune Supermarket Sembawang Drive,Fortune Supermarket Sembawang Drive,1,750463,Authorised Retailer,SEMBAWANG,NORTH REGION,mixed,102640,12.6362,8122.7,1,0,,unique,1.45551208632599,103.814540285666,484752,87606,7381,106220,33490,61,0.8425,1156417,954120,15945,165023,72418,167,0.5476,1625471,2161858,15945,260350,246081,279,0.4295,11.0,0,1,1,4152,4152,31,167.0,954120.0,666.0005069165122,0,20646.01571441188,8.178248054293677e-05,1.5083960711339257,0.03225806451612903,5.421817393190197e-05,-0.41394676165155625,5177.0,0.7425905941297114,0.29870995071137085
Gerk Chwee Trading,Gerk Chwee Trading,1,557256,Authorised Retailer,SERANGOON,NORTH-EAST REGION,residential,116900,10.1005,11573.6,1,0,,unique,1.3646888567179,103.866035308524,566997,21597,0,4140,33227,0,0.9633,1765531,185483,40928,237078,130839,74,0.8966,3640344,958267,151819,454541,261407,300,0.7823,11.0,12,57,69,1265,4173,2918,74.0,185483.0,171.00678219133383,0,498997.79043431213,0.0019766175542855857,36.45673417124334,0.023646333104866347,0.003741054001301236,5.389795071731061,215932.0,30.97335757612842,6.832723362792487
Geylang International FC,Geylang International FC,1,469642,,BEDOK,EAST REGION,residential,276990,21.734,12744.6,1,0,,unique,1.32609868101702,103.93881875464,468317,0,30407,18402,46147,79,0.9695,1979016,31464,184934,217978,167749,238,0.9435,3785669,526539,282407,452288,283718,373,0.8547,0.0,3,15,18,2201,3246,1982,238.0,31464.0,254.45553174613377,1,504330.8639208371,0.0019977427914586506,36.846368045663354,0.009081735620585268,0.0009759271307742355,-3.104776375648461,471716.0,67.66309922744658,-6.037510167037858
Giant Beauty World Centre,Giant Beauty World Centre,1,588177,Authorised Retailer,BUKIT PANJANG,WEST REGION,residential,138270,9.0199,15329.4,1,0,,unique,1.34241264188642,103.776539385406,401394,20110,87661,39844,47175,7,0.8744,1427095,23006,92816,395014,214051,21,0.955,2589813,36093,92816,560843,2430195,21,0.9697,11.0,8,37,45,2279,4128,1904,21.0,23006.0,33.032035448498384,1,62892.99549394092,0.0002491301591270126,4.5949566549386205,0.023634453781512604,0.002439817826935589,18.849284415187864,39984.0,5.735318198895573,16.395449331722734
Giant Buangkok Crescent,Giant Buangkok Crescent,1,530982,Authorised Retailer,SENGKANG,NORTH-EAST REGION,residential,249370,10.603,23518.7,1,0,,unique,1.3808503546459,103.879309094304,335476,0,758,160423,40695,77,0.9989,1239500,326336,60608,441474,152631,233,0.7807,3486078,545471,129094,705917,316645,606,0.8534,11.0,5,28,33,2218,4146,1965,233.0,326336.0,403.67227332527034,0,793216.0170841562,0.003142067427481793,57.95229163247419,0.016793893129770993,0.0017891997397527651,-3.2777447509487985,457845.0,65.67343839469147,-4.031809116693441
Giant Compassvale Bow,Giant Compassvale Bow,1,540266,,SENGKANG,NORTH-EAST REGION,residential,249370,10.603,23518.7,1,0,,unique,1.38187771301641,103.897039857818,392723,0,37256,84167,32125,106,0.9567,1738211,32400,52607,219815,255529,375,0.9678,3226265,346960,164478,653281,423886,709,0.8852,0.0,7,32,39,2340,3996,1843,375.0,32400.0,391.94505557382195,1,722354.7374225538,0.00286137350060818,52.77517284521727,0.021161150298426478,0.002114508783344177,-1.896191627866942,691125.0,99.13519883482651,-6.039692255595281
Giant Edgefield Plains,Giant Edgefield Plains,1,820671,,PUNGGOL,NORTH-EAST REGION,residential,174450,9.3743,18609.4,1,0,,unique,1.40566048045603,103.911991277154,422800,13270,0,82787,58691,91,0.9696,1494045,121145,43679,409443,338918,276,0.9138,2748997,247405,100260,692401,1000573,569,0.9039,0.0,1,10,11,3180,3705,1003,276.0,121145.0,339.3582949842796,1,340376.36986923247,0.0013482903544762177,24.86786729795936,0.010967098703888335,0.0005963999132509217,-2.780932237640967,276828.0,39.70829997908823,-4.555822850610724
Giant Paya Lebar Square,Giant Paya Lebar Square,1,409051,,GEYLANG,CENTRAL REGION,residential,110110,9.6448,11416.5,1,0,,unique,1.31881487007651,103.892580778514,124827,265230,0,29144,12689,1,0.32,1211338,573355,70685,94786,51959,130,0.6719,3054691,1170387,72369,558509,114001,323,0.7192,0.0,3,26,29,3122,4008,1061,130.0,573355.0,429.8621092138482,1,456083.697875893,0.0018066273252639721,33.3214343871687,0.027332704995287466,0.0015723270440251573,-0.7486280222096537,137930.0,19.784724869289377,2.0717783881495118
Giant Pioneer Mall,Giant Pioneer Mall,1,640638,Authorised Retailer,JURONG WEST,WEST REGION,residential,262730,14.6804,17896.7,1,0,,unique,1.34169239214292,103.697174842118,445120,3117,10155,35631,66823,134,0.9821,1757660,151935,73345,208650,131022,427,0.9049,2496018,1180956,100619,480805,362883,537,0.6741,12.0,7,47,54,2156,4160,2027,427.0,151935.0,506.46132773483447,0,1026597.1113185094,0.004066530774905627,75.0030936123594,0.026640355204736062,0.0029277813923227064,-2.4251783336201114,865529.0,124.1517663408335,-6.295962884796424
Giant Plantation Plaza,Giant Plantation Plaza,1,690127,Authorised Retailer,TENGAH,WEST REGION,residential,10,7.3635,1.4,1,0,,unique,1.35759319436135,103.734174851203,432120,0,65989,26977,84126,126,0.9338,1355713,0,264697,353587,217952,259,0.9183,2862839,159095,432153,697679,1028664,452,0.8914,11.0,0,2,2,4040,4162,143,259.0,0.0,259.0,0,37037.0,0.00014671003712132127,2.7059199246656496,0.013986013986013986,0.00010843634786380394,-0.429138985136884,37037.0,5.312599543129635,-1.437194006251931
Giant Sembawang Shopping Centre,Giant Sembawang Shopping Centre,1,758459,,SEMBAWANG,NORTH REGION,residential,102640,12.6362,8122.7,1,0,,unique,1.44175296834191,103.82479165671,513141,68914,0,15146,19456,33,0.8816,1188878,243380,37163,121107,223741,154,0.8217,2873209,485328,121213,298100,298326,423,0.8431,0.0,2,18,20,2716,3972,1467,154.0,243380.0,281.2866551097773,1,412647.5230460433,0.0016345690370199069,30.147991318795164,0.013633265167007498,0.0010843634786380394,-1.848208214881091,225918.0,32.405752722541266,-2.1792751339920415
Giant Sunshine Place,Giant Sunshine Place,1,680475,Authorised Retailer,CHOA CHU KANG,WEST REGION,residential,192070,6.1173,31397.9,1,0,,unique,1.37805614752086,103.738931794069,530921,11337,0,64545,27140,129,0.9791,1403253,29656,0,234875,278994,255,0.9793,2300984,59030,57555,442904,558602,345,0.9637,11.0,11,40,51,2161,4046,2022,255.0,29656.0,270.5099558054711,1,546971.1306386626,0.0021666483484161585,39.96166213818763,0.025222551928783383,0.0027651268705270004,1.7461514583087079,515610.0,73.95926912096205,-2.669695647038629
Giant Tanjong Katong,Giant Tanjong Katong,1,400845,,GEYLANG,CENTRAL REGION,residential,110110,9.6448,11416.5,1,0,,unique,1.31639445681762,103.894359081999,187195,211490,66487,30357,15080,25,0.4739,1174352,422184,70685,182782,58873,83,0.7256,3402165,911369,72937,448666,118303,278,0.7839,0.0,0,2,2,3381,3461,802,83.0,422184.0,303.8003500734088,1,243647.8807588739,0.0009651318851598577,17.800892489888415,0.0024937655860349127,0.00010843634786380394,-3.745076811520407,66566.0,9.548249080324199,-2.4427799848866765
Goh Geok Kwee Agency - Bukit Merah,Goh Geok Kwee Agency - Bukit Merah,1,150124,Authorised Retailer,QUEENSTOWN,CENTRAL REGION,residential,95930,21.684,4424.0,1,0,,unique,1.28582331821306,103.803532208512,164994,128718,47495,139565,9285,19,0.5532,1491171,369023,57388,187100,246662,103,0.7926,2549283,1051814,90742,426028,810194,310,0.7028,11.0,4,21,25,3533,4167,650,103.0,369023.0,295.99738404378076,0,192398.2996284575,0.00076212332749872,14.05660265238639,0.038461538461538464,0.0013554543482975493,2.918851391767522,66950.0,9.603330167468453,4.968392146575845
Goh Geok Kwee Agency - Redhill Lane,Goh Geok Kwee Agency - Redhill Lane,1,150084,Authorised Retailer,RIVER VALLEY,CENTRAL REGION,residential,10070,1.4757,6823.9,2,1,150084,concurrent,1.28708575062296,103.818851050403,368798,24236,67739,63224,41070,65,0.8739,1088152,358261,76756,365622,231258,170,0.7396,3164177,618383,126208,553072,681676,439,0.8257,11.0,4,25,29,1672,4144,2511,170.0,358261.0,357.3689060164514,0,897353.3230073095,0.0035545735164657878,65.56055393769499,0.011549183592194345,0.0015723270440251573,-4.515350420439865,426870.0,61.23037413871932,-4.118906091078384
Golden Lagoon Trading,Golden Lagoon Trading,1,730136,Authorised Retailer,WOODLANDS,NORTH REGION,residential,255130,13.6125,18742.3,1,0,,unique,1.43832145748732,103.777752029807,467106,31244,0,64270,139647,103,0.9373,1315871,316666,69198,162739,386812,238,0.7936,2680864,882359,79197,851492,654976,355,0.7469,11.0,8,28,36,1709,4156,2474,238.0,316666.0,403.6149064302439,0,998543.2785084234,0.003955404634749484,72.95348308331948,0.014551333872271624,0.001951854261548471,-4.326456720756287,588812.0,84.45938823849791,-5.27295374320422
Hao Mart Geylang Lorong 24,Hao Mart Geylang Lorong 24,1,389407,,GEYLANG,CENTRAL REGION,residential,110110,9.6448,11416.5,1,0,,unique,1.31317460794729,103.8836465666,378640,133357,3412,54095,15465,22,0.7379,1419855,402161,9329,223349,170529,125,0.7779,2887687,1019589,29514,422499,659619,248,0.7373,0.0,1,6,7,3439,3840,744,125.0,402161.0,335.3284103278953,1,249484.3372839541,0.0009882511106222736,18.227303484317215,0.009408602150537635,0.0003795272175233138,-2.6297487046897094,93000.0,13.339950792749306,-1.735836328772396
Hao Mart Punggol Walk,NTUC FP Punggol Walk | Hao Mart Punggol Walk,2,823308,,PUNGGOL,NORTH-EAST REGION,residential,174450,9.3743,18609.4,2,1,823308,replacement_merged,1.40800694944027,103.899074357998,330587,0,29989,60033,73098,73,0.9584,961086,7990,73668,316092,316832,237,0.957,2003557,149255,73668,872255,505496,502,0.9164,0.0,0,11,11,3133,3861,1050,237.0,7990.0,241.17873438379127,1,253237.67110298082,0.0010031187225756748,18.501521719185746,0.010476190476190476,0.0005963999132509217,-1.7439966488549068,248850.0,35.69512639543726,-4.133393871943186
Hao Mart Westgate,Hao Mart Westgate,1,608532,,BUKIT BATOK,WEST REGION,mixed,158030,11.1402,14185.6,1,0,,unique,1.33402529481694,103.742586014944,60109,122686,55941,63528,21358,16,0.3689,727605,573688,55941,132570,99902,108,0.5567,1323117,1262513,127253,218262,674561,220,0.5112,0.0,0,1,1,3854,3854,329,108.0,573688.0,408.036266729468,1,134243.93175399498,0.0005317637014591011,9.807849709711661,0.00303951367781155,5.421817393190197e-05,-2.812438240690809,35532.0,5.096721844816864,-1.8146422213952371
Hin Teck Leong Trading Company - Rowell Road,Hin Teck Leong Trading Company - Rowell Road,1,200640,,ROCHOR,CENTRAL REGION,mixed,13120,1.5885,8259.6,1,0,,unique,1.30743547948389,103.854713903431,177962,250704,37590,39297,24793,31,0.422,877589,593345,157670,262976,150216,96,0.5873,1541909,1416775,207887,978202,422025,177,0.5198,0.0,9,35,44,1239,3956,2944,96.0,593345.0,406.3167901064624,1,1196196.6300734254,0.004738344142410877,87.39401936262621,0.014945652173913044,0.0023855996530036867,-4.641827762094247,282624.0,40.539680138171825,0.5434706394836338
Hin Teck Leong Trading Company - Whampoa Drive,Hin Teck Leong Trading Company - Whampoa Drive,1,320074,Authorised Retailer,TOA PAYOH,CENTRAL REGION,residential,121850,8.1802,14895.7,1,0,,unique,1.32471579654689,103.857752875203,404437,12059,0,70105,50766,112,0.971,1644815,61542,67470,211777,244461,245,0.9463,3074826,655533,178499,748142,378773,448,0.8095,11.0,1,15,16,3148,4120,1035,245.0,61542.0,277.1861916704985,1,286887.7083789659,0.0011364124077524876,20.959990448586883,0.015458937198067632,0.0008674907829104315,-1.0833911908317793,253575.0,36.37288195990759,-3.37803085649834
Hock Soon Ann,Hock Soon Ann,1,460073,Authorised Retailer,BEDOK,EAST REGION,residential,276990,21.734,12744.6,1,0,,unique,1.31983803117222,103.943971359147,516035,0,0,14093,27766,48,1.0,1924143,0,113780,128839,144717,102,0.9721,3451595,173322,135106,304081,746074,198,0.9359,11.0,2,25,27,2196,4160,1987,102.0,0.0,102.0,0,202674.0,0.0008028271745423946,14.807344407259926,0.013588324106693507,0.0014638906961613532,3.1685438186927732,202674.0,29.071625666340573,-0.3842170419606059
Holland Drive Betting Centre – Lottery Lobby (Public),Holland Drive Betting Centre – Lottery Lobby (Public),1,270047,Betting Centre,QUEENSTOWN,CENTRAL REGION,residential,95930,21.684,4424.0,2,1,,unique,1.30853249504926,103.792385082436,279113,190063,36967,15740,78986,45,0.588,1583040,375179,57215,154703,145070,132,0.7997,3850551,546936,63284,483989,299442,192,0.8703,8.0,2,12,14,2529,4169,1654,132.0,375179.0,328.2169446028069,0,542870.8263730427,0.002150406325816655,39.662094273362385,0.008464328899637243,0.0007590544350466276,-4.074781022471908,218328.0,31.3170406094556,-3.0944489161837017
Hougang United Football Club,Hougang United Football Club,1,538856,,HOUGANG,NORTH-EAST REGION,residential,227560,13.933,16332.4,1,0,,unique,1.36949523794775,103.885957512282,353672,0,0,38004,77214,70,1.0,1809317,24019,67734,268729,167187,251,0.9696,4074030,141459,231422,797135,251750,588,0.9422,0.0,7,18,25,1784,3512,2399,251.0,24019.0,263.5618299329515,1,632284.8300091507,0.00250459083840189,46.19467342348446,0.010421008753647354,0.0013554543482975493,-3.1183925094240688,602149.0,86.37245193444305,-6.603677415972374
Jake Merchandise Associates,Jake Merchandise Associates,1,520503,Authorised Retailer,PASIR RIS,EAST REGION,residential,147110,15.8032,9308.9,1,0,,unique,1.3558033565401,103.945102946956,352018,161736,35313,58464,107524,61,0.6733,1573949,169877,77315,175488,435723,335,0.8855,3558802,192220,251260,570492,590004,772,0.9206,11.0,18,73,91,1881,4170,2302,335.0,169877.0,423.84491375660957,0,975690.9914677152,0.0038648827274662435,71.28389702538739,0.03953084274543875,0.00493385382780308,2.3352068755319184,771170.0,110.61688013811272,-1.8651734971835245
Jurong East Betting Centre - Lottery Lobby (Public),Jurong East Betting Centre - Lottery Lobby (Public),1,600352,Betting Centre,TENGAH,WEST REGION,residential,10,7.3635,1.4,4,1,600352,concurrent,1.34492289474517,103.730400848037,363418,0,43091,65516,225945,41,0.947,899033,0,128848,206545,556787,143,0.9373,2854151,4879,181715,608707,1412485,446,0.9685,0.0,0,2,2,3638,3654,545,143.0,0.0,143.0,1,77935.0,0.0003087141707765255,5.693924165802236,0.003669724770642202,0.00010843634786380394,-1.548039849327057,77935.0,11.179022204655023,-2.745329716423171
Keppel Credit Union Co-operative Ltd,Keppel Credit Union Co-operative Ltd,1,150001,,TANGLIN,CENTRAL REGION,residential,21810,7.5523,2887.9,1,0,,unique,1.28645354030174,103.808242400418,251391,255387,47452,44951,94184,37,0.4964,1023906,496899,64804,313172,503269,170,0.6662,2850193,667647,137298,548386,814152,358,0.7986,0.0,3,20,23,1880,3475,2303,170.0,496899.0,429.87596202396765,1,990004.3405411975,0.00392158040745925,72.32962903517841,0.00998697351280938,0.0012470180004337454,-5.800290306352564,391510.0,56.15832403085249,-4.424717031976187
Kim Chwee Trading,Kim Chwee Trading,1,600256,Authorised Retailer,TENGAH,WEST REGION,residential,10,7.3635,1.4,1,0,,unique,1.34416527251747,103.738263367232,489107,0,44833,78674,59929,62,0.958,1424941,0,122919,288477,414523,248,0.9603,2675956,339170,193558,551665,896592,452,0.8641,11.0,21,53,74,1280,4169,2903,248.0,0.0,248.0,0,719944.0,0.002851824147886506,52.59904458361872,0.02549087151222873,0.004012144870960746,2.9508303011651296,719944.0,103.26900573693663,-2.880202161172767
Kis Store,Kis Store,1,500004,Authorised Retailer,CHANGI,EAST REGION,residential,1850,41.4711,44.6,2,1,500004,concurrent,1.38909635615366,103.98746284567,48051,7044,48160,28350,151097,7,0.6986,119287,7044,48160,28350,813694,7,0.8216,119287,73374,48160,28350,836124,7,0.5953,10.0,21,67,88,1366,4156,2817,7.0,7044.0,10.683980600679067,0,30096.773352112934,0.00011921858508303809,2.1988675832715545,0.03123890663826766,0.004771199306007373,57.862005387474305,19719.0,2.8284998890561677,50.642625550057154
Kwek Lee Eng Agency,Kwek Lee Eng Agency,1,199018,Authorised Retailer,KALLANG,CENTRAL REGION,mixed,101290,8.5847,11798.9,1,0,,unique,1.30397881313463,103.861554245252,155983,183933,54273,78891,45571,44,0.4645,357664,660222,126946,134779,229130,72,0.3679,1096988,1702724,204029,287733,448113,134,0.3992,11.0,8,53,61,1247,4118,2936,72.0,660222.0,417.2931629956751,1,1225172.726555302,0.004853123530333417,89.51101039346955,0.02077656675749319,0.0033073086098460206,-3.013522085684305,211392.0,30.322138472912492,5.571154075522567
Laura's Gifts,Laura's Gifts,1,510442,Authorised Retailer,PASIR RIS,EAST REGION,residential,147110,15.8032,9308.9,1,0,,unique,1.36893288711175,103.957951722203,554637,0,33122,82924,50149,129,0.9718,1599188,123767,48784,256272,243009,374,0.9164,3288324,559678,97322,365840,969313,535,0.8458,11.0,30,54,84,1378,4155,2805,374.0,123767.0,438.72958929645745,0,1230636.4979765632,0.004874766484893334,89.91019304737264,0.029946524064171122,0.004554326610279766,-0.6233001072236731,1049070.0,150.47894815214534,-5.419338342087818
Lee Ah Lan Trading,Lee Ah Lan Trading,1,600061,,JURONG EAST,WEST REGION,residential,78600,17.8601,4400.9,1,0,,unique,1.32213636287766,103.738292803395,604869,59684,10924,20089,54515,42,0.9036,662541,183804,25539,105859,61915,47,0.7745,876306,1252058,81480,181079,386221,69,0.415,0.0,7,20,27,1443,3545,2740,47.0,183804.0,143.128672675641,1,392172.5631312564,0.0015534641384277975,28.652092569162296,0.009854014598540146,0.0014638906961613532,-0.30864283893843897,128780.0,18.47224583968017,1.984151465177984
Lee Eng Trading Store,Lee Eng Trading Store,1,522201,Authorised Retailer,TAMPINES,EAST REGION,residential,259900,20.7954,12497.9,1,0,,unique,1.35345315769813,103.953009918868,595817,0,42002,94712,26009,113,0.9671,2135063,42520,142595,287174,113455,383,0.9509,3505406,254946,194330,520615,501979,631,0.911,11.0,25,84,109,1254,4170,2929,383.0,42520.0,405.2377704629293,0,1186941.4296859198,0.004701682674354171,86.71783524578834,0.03721406623420963,0.0059097809585773155,2.3927821878756235,1121807.0,160.91236751571745,-4.092381600753589
Lee Wah TV & Electric Co,Lee Wah TV & Electric Co,1,389561,,GEYLANG,CENTRAL REGION,residential,110110,9.6448,11416.5,1,0,,unique,1.31431455112293,103.887423323191,523988,48938,5917,36712,6770,25,0.9103,1466061,462618,27553,159701,65284,129,0.7565,2942715,960236,74097,454051,247386,253,0.7492,0.0,12,39,51,1268,3567,2915,129.0,462618.0,370.9471518348877,1,1081310.9475986976,0.004283261853333046,79.0004816228747,0.017495711835334476,0.0027651268705270004,-3.1502907065532377,376035.0,53.93858490700522,-0.40011835022788317
Li Li Cheng Supermarket (Punggol) Pte Ltd,Li Li Cheng Supermarket (Punggol) Pte Ltd,1,823273,Authorised Retailer,PUNGGOL,NORTH-EAST REGION,residential,174450,9.3743,18609.4,1,0,,unique,1.40230301367166,103.901262391698,433082,0,0,43149,41184,112,1.0,1440059,0,73668,291995,270344,416,0.9757,3067787,38725,123291,845587,518243,764,0.9689,12.0,6,23,29,3246,4160,937,416.0,0.0,416.0,0,389792.0,0.001544034311353351,28.478168838601206,0.030949839914621132,0.0015723270440251573,0.09778539161821113,389792.0,55.91189354201439,-3.59908543347061
Lim Heng Ee Trading Pte. Ltd.,Lim Heng Ee Trading Pte. Ltd.,1,380016,Authorised Retailer,KALLANG,CENTRAL REGION,mixed,101290,8.5847,11798.9,1,0,,unique,1.31543175817283,103.871651573593,397951,3945,244,49914,29755,42,0.9899,891977,763950,1965,71945,116786,104,0.5386,1887454,1566006,63036,308818,743143,240,0.5457,11.0,12,29,41,1268,4104,2915,104.0,763950.0,503.5424446179406,1,1467826.2260612969,0.005814316497370246,107.23925347749682,0.014065180102915952,0.0022229451312079807,-6.396443060000891,303160.0,43.48537077774065,-0.37689432569104186
Livewire (Resorts World Sentosa),Livewire (Resorts World Sentosa),1,098138,,BUKIT MERAH,CENTRAL REGION,commercial,151250,14.4612,10459.0,1,0,,unique,1.2570386446855,103.822038714405,0,0,0,0,17489,0,0.5,0,513140,0,8504,741475,0,0.0,259112,726567,1338,102564,1031059,1,0.2632,0.0,9,54,63,2600,3795,1583,0.0,513140.0,268.3699326281171,1,424829.60335030936,0.0016828243885239108,31.03801302193501,0.03979785217940619,0.0034157449577098243,5.737025955538002,0.0,0.0,
Livewire Marina Bay Sands,Livewire Marina Bay Sands,1,018972,Livewire,DOWNTOWN CORE,CENTRAL REGION,commercial,3190,5.0836,627.5,1,0,,unique,1.28332249857386,103.857629111139,0,9560,0,14705,75919,0,0.0,45495,387748,0,99375,838889,0,0.105,106992,1057128,34547,179975,1059652,8,0.1037,12.0,12,45,57,2609,4160,1574,0.0,387748.0,202.79047557525655,0,319192.2085554538,0.0012643761850583781,23.320154357216726,0.03621346886912325,0.0030904359141184124,6.974360340416436,0.0,0.0,
Livewire Singapore Pools,Livewire Singapore Pools,1,188994,Livewire,ROCHOR,CENTRAL REGION,mixed,13120,1.5885,8259.6,2,1,,unique,1.30117342723628,103.851274599853,134929,158572,76015,107698,16779,15,0.468,419117,728385,153369,716422,341989,48,0.3811,1179093,1438491,282153,1046893,656857,104,0.4553,0.0,18,54,72,1195,4160,2988,48.0,728385.0,428.9421081524166,0,1281679.0191594209,0.005076954841874269,93.63935510352901,0.024096385542168676,0.003903708523096942,-2.2362229834708183,143424.0,20.572786048379317,11.338260803711854
Lucky Hill,Lucky Hill,1,090112,,BUKIT MERAH,CENTRAL REGION,residential,151250,14.4612,10459.0,1,0,,unique,1.27446978398017,103.825878114028,488457,0,12985,103602,47833,34,0.9871,1178868,155507,29062,157590,108910,142,0.8753,1853061,525614,79873,546547,900756,295,0.77,0.0,6,31,37,2303,4031,1880,142.0,155507.0,223.32946781229413,1,419859.39948711294,0.0016631365414177715,30.674890369909377,0.019680851063829788,0.002006072435480373,1.1420274628223979,266960.0,38.29283079174576,-0.20892141131205566
Majestic Betting Centre - Lottery Lobby (Public),Majestic Betting Centre - Lottery Lobby (Public),1,059810,Livewire,OUTRAM,CENTRAL REGION,commercial,18340,1.3732,13355.8,3,1,,unique,1.28471077015851,103.843197416212,70387,203661,86285,49501,93916,23,0.3151,345030,796781,162349,266438,264520,57,0.3268,1180428,1271316,198918,693773,801578,168,0.4829,8.0,0,6,6,3893,4162,290,57.0,796781.0,473.7129112705378,0,137376.74426845595,0.0005441733199565686,10.036732713278951,0.020689655172413793,0.00032530904359141186,-1.2741888922935423,16530.0,2.3710686731628607,2.3567129241069913
Mee Lee Cheong Pte. Ltd.,Mee Lee Cheong Pte. Ltd.,1,521139,Authorised Retailer,TAMPINES,EAST REGION,residential,259900,20.7954,12497.9,1,0,,unique,1.34607675043696,103.944284625086,293057,46631,51735,66840,55662,48,0.8148,1453689,374339,75631,283880,205045,203,0.7835,3230022,618461,202783,839612,420690,575,0.8223,11.0,24,90,114,1708,4160,2475,203.0,374339.0,398.7776283471893,0,986974.6301592935,0.003909579194547946,72.10827866424232,0.04606060606060606,0.006180871828236825,4.933278593285195,502425.0,72.06800835534486,4.939400376146762
Metro Woodlands,Metro Woodlands,1,738099,Authorised Retailer,WOODLANDS,NORTH REGION,residential,255130,13.6125,18742.3,1,0,,unique,1.4360700650803,103.785981524253,190041,102399,0,18587,14762,54,0.6498,1408656,230595,21560,381896,302296,296,0.8547,3121656,532226,121345,759403,546941,595,0.843,9.5,11,52,63,2075,4155,2108,296.0,230595.0,416.6001571001689,0,878193.1311671559,0.0034786766442536604,64.16071202661452,0.02988614800759013,0.0034157449577098243,-0.1449071773542039,623968.0,89.50217651881935,-2.8013330427647247
NTUC FP Coronation,NTUC FP Coronation,1,269707,,BUKIT TIMAH,CENTRAL REGION,residential,77860,17.5149,4445.3,1,0,,unique,1.32383512178759,103.809999570047,374395,4851,14649,82591,12781,0,0.9691,1813219,8658,16859,458623,37701,10,0.9907,3980182,8658,18513,683575,775574,10,0.9955,11.14,7,26,33,1253,3705,2930,10.0,8658.0,14.528095406115753,1,42567.31953991915,0.0001686166004227309,3.1099645781968484,0.011262798634812287,0.0017891997397527651,16.94918064496025,29300.0,4.2028017013715555,14.046909592926303
NTUC FP Hougang Point,NTUC FP Hougang Point,1,538692,,SENGKANG,NORTH-EAST REGION,residential,249370,10.603,23518.7,1,0,,unique,1.37571530699875,103.879472337592,328345,62947,15461,77630,28367,111,0.8262,1557074,232536,91546,502411,137569,314,0.8521,3412007,596534,148509,737372,343982,496,0.8386,0.0,7,28,35,1595,3239,2588,314.0,232536.0,435.615291447971,1,1127372.374267349,0.0044657192234337255,82.36572535701163,0.013523956723338485,0.001897636087616569,-5.219043645420963,812632.0,116.56420314638123,-7.554696087161924
NTUC FP Jurong Point,NTUC FP Jurong Point,1,648886,,JURONG WEST,WEST REGION,mixed,262730,14.6804,17896.7,1,0,,unique,1.3394520043632,103.706685012926,340270,67785,60340,7689,140652,65,0.7909,1041344,895052,92984,179504,182711,253,0.536,2320950,2240488,112503,391113,311823,497,0.5086,10.71,12,57,69,1210,3748,2973,253.0,895052.0,721.1082062179161,1,2143854.6970858644,0.008492183551372578,156.62983342151583,0.02320887991927346,0.003741054001301236,-7.001881284312697,752169.0,107.89137040678983,-3.744207353219115
NTUC FP Shaw Plaza,NTUC FP Shaw Plaza,1,329783,,NOVENA,CENTRAL REGION,residential,49330,8.968,5500.7,1,0,,unique,1.32525301846661,103.850995830211,465536,36096,60735,25865,5804,12,0.8818,1295656,186601,148697,413601,243536,164,0.84,3436758,370218,154805,707116,349304,435,0.887,0.0,6,20,26,1720,3287,2463,164.0,186601.0,261.5914912077392,1,644299.8428446616,0.002552184406431454,47.07248919222174,0.010556232237109216,0.0014096725222294514,-3.0713708461010496,403932.0,57.9401398238367,-4.196111729013274
NTUC FP Square 2,NTUC FP Square 2,1,307506,,NOVENA,CENTRAL REGION,residential,49330,8.968,5500.7,1,0,,unique,1.32044103104797,103.844192628979,234253,80446,0,220368,8141,0,0.7444,1577330,112092,99322,396525,32290,28,0.9096,3017773,258243,110179,736998,286534,129,0.9075,0.0,4,28,32,2196,3153,1987,28.0,112092.0,86.62361633891511,1,172121.12566542433,0.0006818018936668199,12.575154126790826,0.01610468042274786,0.001734981565820863,5.477733801245131,55636.0,7.9804462613483915,8.50259211363399
NTUC FairPrice AMK Hub,NTUC FairPrice AMK Hub,1,569933,Authorised Retailer (FairPrice),ANG MO KIO,NORTH-EAST REGION,residential,162280,13.9426,11639.2,1,0,,unique,1.36923561405404,103.848693181185,347455,19300,108154,61603,28657,86,0.8455,1502032,19300,210764,131393,555769,271,0.928,3055447,525211,345948,930950,833967,486,0.8222,13.5,23,98,121,2211,4160,1972,271.0,19300.0,281.0938139683569,0,554317.0011455999,0.0021957466267529886,40.49835078383212,0.06135902636916836,0.0065603990457601385,12.649871353319783,534412.0,76.65623422639509,5.064759542440112
NTUC FairPrice Anchorvale Village,NTUC FairPrice Anchorvale Village,1,540339,Authorised Retailer (FairPrice),SENGKANG,NORTH-EAST REGION,residential,249370,10.603,23518.7,1,0,,unique,1.39690459918221,103.888683684536,317309,0,9678,129822,126186,74,0.9852,1314321,18205,36764,316475,368176,271,0.9733,2633040,183826,36764,536358,475095,610,0.9291,11.0,1,1,2,4144,4179,39,271.0,18205.0,280.5211338494268,0,10940.324220127646,4.333653839280226e-05,0.7992991141168448,0.05128205128205128,0.00010843634786380394,1.3430128413653883,10569.0,1.5160208594469615,0.3930737622374859
NTUC FairPrice Bedok North Street 1,NTUC FairPrice Bedok North Street 1,1,460212,Authorised Retailer (FairPrice),BEDOK,EAST REGION,residential,276990,21.734,12744.6,1,0,,unique,1.32594069200441,103.931640022396,313295,35152,143484,16136,79481,82,0.7827,1488394,360294,232442,216551,131538,255,0.771,4013480,500132,344552,456528,356197,419,0.8616,11.0,16,75,91,1522,4176,2661,255.0,360294.0,443.4321559541545,0,1179972.966994005,0.004674079374405219,86.20871998152985,0.034197670048853816,0.00493385382780308,0.5160311932700832,678555.0,97.33215387283877,-0.6418348474553595
NTUC FairPrice Bedok North Street 4,NTUC FairPrice Bedok North Street 4,1,460089,Authorised Retailer (FairPrice),BEDOK,EAST REGION,residential,276990,21.734,12744.6,1,0,,unique,1.33233468349262,103.938051284737,527741,0,37141,104485,20342,85,0.9671,1548656,127570,160495,225321,98943,225,0.8869,3240259,546148,306304,319581,400588,398,0.8291,11.0,19,41,60,1205,4160,2978,225.0,127570.0,291.71854134421187,0,868737.816123063,0.003441222487029461,63.469907550771374,0.020147750167897917,0.0032530904359141183,-0.4355459413567698,670050.0,96.11219385679219,-3.6835335331996406
NTUC FairPrice Bishan Street 13,NTUC FairPrice Bishan Street 13,1,570510,Authorised Retailer (FairPrice),BISHAN,CENTRAL REGION,residential,87320,7.6081,11477.2,1,0,,unique,1.34888843900173,103.849691980373,417096,107064,0,142088,22311,82,0.7957,1208306,282449,19938,420513,171735,194,0.8064,2936677,505619,57191,888972,578819,406,0.8473,11.0,9,34,43,1532,4109,2651,194.0,282449.0,341.7195679558776,1,905898.5746510315,0.003588422753333285,66.18486926247911,0.016220294228592985,0.002331381479071785,-2.849871601125863,514294.0,73.7705016452281,-3.582557818592099
NTUC FairPrice Boon Lay Place,NTUC FairPrice Boon Lay Place,1,640221,Authorised Retailer (FairPrice),JURONG WEST,WEST REGION,residential,262730,14.6804,17896.7,1,0,,unique,1.34633552457315,103.712430373455,371480,0,42009,81113,25357,76,0.9492,1393918,643236,88868,257165,91160,236,0.6765,2633309,1469986,190131,492653,403144,478,0.6355,11.0,18,82,100,1423,4169,2760,236.0,643236.0,572.4095607124362,0,1579850.387566324,0.00625806380122551,115.4237287498033,0.036231884057971016,0.005421817393190197,-1.4356276985003082,651360.0,93.4312940684429,0.6795691226077042
NTUC FairPrice Bukit Batok MRT Station,NTUC FairPrice Bukit Batok MRT Station,1,659958,Authorised Retailer (FairPrice),BUKIT BATOK,WEST REGION,residential,158030,11.1402,14185.6,1,0,,unique,1.34903331201636,103.749566478309,410406,54661,0,13062,87345,83,0.8825,1503213,290949,80299,210390,319636,289,0.8234,2944136,621579,176665,518438,995544,520,0.8103,11.0,16,50,66,1395,4150,2788,289.0,290949.0,441.16503006629387,0,1229968.1038248274,0.004872118858713761,89.8613602301166,0.023672883787661407,0.0035783994795055302,-2.5171477203361317,805732.0,115.5744648617579,-4.611339413379097
NTUC FairPrice Bukit Merah Central,NTUC FairPrice Bukit Merah Central,1,150166,Authorised Retailer (FairPrice),BUKIT MERAH,CENTRAL REGION,residential,151250,14.4612,10459.0,1,0,,unique,1.28315092773625,103.817689706645,139250,129793,42491,96793,24339,40,0.5152,1094004,323490,82995,291038,211131,193,0.7568,2695398,676165,160394,549438,1429281,469,0.7859,11.0,18,58,76,1195,4155,2988,193.0,323490.0,362.1838280115945,0,1082205.2780986445,0.004286804452918486,79.06582132962855,0.025435073627844713,0.00412058121882455,-0.3447882427694785,576684.0,82.71974390285853,-0.7388361410373057
NTUC FairPrice Bukit Panjang Plaza,NTUC FairPrice Bukit Panjang Plaza,1,677743,Authorised Retailer (FairPrice),CHOA CHU KANG,WEST REGION,residential,192070,6.1173,31397.9,1,0,,unique,1.37948804026655,103.764594965051,379129,11499,61364,27709,57524,87,0.9067,1720204,18647,117139,120827,145558,321,0.9584,3027242,18647,156363,623179,555202,515,0.9698,11.0,9,51,60,1503,4160,2680,321.0,18647.0,330.75229787916845,0,886416.1583161715,0.0035112494935201155,64.76148565848501,0.022388059701492536,0.0032530904359141183,-0.5916761710669217,860280.0,123.39884804286424,-5.707235771953296
NTUC FairPrice Bukit Timah Plaza,NTUC FairPrice Bukit Timah Plaza,1,588996,Authorised Retailer (FairPrice),BUKIT TIMAH,CENTRAL REGION,residential,77860,17.5149,4445.3,1,0,,unique,1.33875930729064,103.778600077834,210615,0,92035,380683,33713,8,0.848,1405064,34679,92816,453784,94197,21,0.9471,3668789,36093,94578,561721,524514,21,0.9781,11.0,7,36,43,1537,4155,2646,21.0,34679.0,39.1369624149559,0,103556.40254997333,0.00041020502908597014,7.565821556461633,0.016250944822373395,0.002331381479071785,12.882327058523737,55566.0,7.9704054381710545,12.407803411922107
NTUC FairPrice Canberra Plaza,NTUC FairPrice Canberra Plaza,1,750133,Authorised Retailer (FairPrice),SEMBAWANG,NORTH REGION,residential,102640,12.6362,8122.7,1,0,,unique,1.44349544527985,103.830345369213,386398,88191,28599,20188,21390,62,0.7963,1298175,293187,28599,144942,207309,174,0.8102,3298410,591320,121213,334538,293306,380,0.8375,12.0,1,7,8,3792,4142,391,174.0,293187.0,327.33549409018934,0,127988.17818926403,0.0005069835670609717,9.350804910872561,0.020460358056265986,0.00043374539145521576,-0.4417414299891854,68034.0,9.75881948638609,-0.563018449275808
NTUC FairPrice Changi Business Park,NTUC FairPrice Changi Business Park,1,486018,Authorised Retailer (FairPrice),TAMPINES,EAST REGION,commercial,259900,20.7954,12497.9,1,0,,unique,1.33491977663975,103.963653900382,0,398524,0,0,0,0,0.0,252548,1431224,0,316194,21182,0,0.15,1004687,1856281,0,474380,1450523,52,0.3512,12.0,6,27,33,2844,4128,1339,0.0,1431224.0,748.523772178634,1,1002273.3309471909,0.003970180025082288,73.22600038261773,0.024645257654966394,0.0017891997397527651,-4.700826221386656,0.0,0.0,
NTUC FairPrice Clementi Avenue 2,NTUC FairPrice Clementi Avenue 2,1,120352,Authorised Retailer (FairPrice),CLEMENTI,WEST REGION,residential,91990,9.5213,9661.5,1,0,,unique,1.31427860227337,103.771350557894,392214,0,35585,50830,18240,50,0.9584,1504789,3788,111419,769974,148564,161,0.9633,4087988,17819,167701,952265,305410,246,0.9762,11.0,17,45,62,1241,4142,2942,161.0,3788.0,162.98110711461845,0,479490.4171312075,0.001899345435554642,35.03152721336982,0.02107409925220938,0.0033615267837779224,4.556452190897054,473662.0,67.94223411177659,-0.7209080023452825
NTUC FairPrice Clementi Avenue 3,NTUC FairPrice Clementi Avenue 3,1,120451,Authorised Retailer (FairPrice),CLEMENTI,WEST REGION,residential,91990,9.5213,9661.5,1,0,,unique,1.31248109025097,103.765476495005,371402,3788,57538,50698,93773,74,0.9248,1686508,14300,144008,307389,190680,198,0.9532,2876682,598462,202558,1020973,391298,255,0.8097,11.0,22,59,81,1672,4177,2511,198.0,14300.0,205.47883625634734,0,515957.35783968813,0.0020437973680827145,37.69579865691759,0.03225806451612903,0.00439167208848406,7.053157124200203,497178.0,71.3153769380378,1.1468091016702415
NTUC FairPrice Compassvale Link,Ichido Kopitiam City | NTUC FairPrice Compassvale Link,2,543277,Authorised Retailer (FairPrice),SENGKANG,NORTH-EAST REGION,residential,249370,10.603,23518.7,2,1,543277,replacement_merged,1.38233698966981,103.893607838756,287550,0,37256,66106,55102,109,0.9426,1438242,171329,53781,381912,202266,379,0.8808,3297334,199856,170563,875283,384504,794,0.9223,12.0,2,19,21,3298,4031,885,379.0,171329.0,468.60430328417715,1,414714.80840649677,0.001642757916032043,30.299027003295002,0.023728813559322035,0.0011385816525699415,-1.6893637376282065,335415.0,48.11203865752698,-3.908726608121874
NTUC FairPrice Dawson Place,NTUC FairPrice Dawson Place,1,142057,Authorised Retailer (FairPrice),TANGLIN,CENTRAL REGION,residential,21810,7.5523,2887.9,1,0,,unique,1.29270339855062,103.810958956467,241707,179612,0,53686,26364,64,0.5737,1437882,350061,21638,302710,118331,198,0.8006,3563409,522622,132543,588992,295726,306,0.8604,11.0,4,27,31,2673,4177,1510,198.0,350061.0,381.08034256875567,0,575431.317278821,0.0022793841271902863,42.04096084189764,0.02052980132450331,0.0016807633918889612,-1.7028270990622902,298980.0,42.88579019372245,-1.814977943257672
NTUC FairPrice E!Hub @ Downtown East,NTUC FairPrice E!Hub @ Downtown East,1,519599,Authorised Retailer (FairPrice),PASIR RIS,EAST REGION,residential,147110,15.8032,9308.9,1,0,,unique,1.37912717878008,103.955444758145,118376,0,0,33933,342917,2,1.0,909003,11525,0,84728,821031,90,0.9875,1986054,558311,53086,281353,1171869,424,0.7748,11.0,5,22,27,2252,4127,1931,90.0,11525.0,96.02752362618203,1,185429.1481221575,0.0007345172990354702,13.547437063410213,0.013982392542723977,0.0014638906961613532,3.6549081005217308,173790.0,24.928495142708623,0.4148947361107972
NTUC FairPrice Eastpoint Mall,NTUC FairPrice Eastpoint Mall,1,528833,Authorised Retailer (FairPrice),TAMPINES,EAST REGION,residential,259900,20.7954,12497.9,1,0,,unique,1.34270592355576,103.953024618234,602181,15710,0,51143,27281,65,0.9746,1592576,218238,49225,354754,108170,154,0.8694,2749304,924342,110628,758949,237873,325,0.7411,11.0,7,73,80,2178,4160,2005,154.0,218238.0,268.13750118270843,0,537615.6898713304,0.0021295898106765566,39.27815446811841,0.0399002493765586,0.004337453914552158,6.4975841885701895,308770.0,44.290071035238746,5.365816268491031
NTUC FairPrice Greenridge Shopping Centre,Giant Greenridge Shopping Centre | NTUC FairPrice Greenridge Shopping Centre,2,671524,Authorised Retailer (FairPrice),CHOA CHU KANG,WEST REGION,residential,192070,6.1173,31397.9,2,1,671524,replacement_merged,1.38529556252963,103.766170532051,414630,0,12466,66808,61272,117,0.9854,1409602,15415,86719,193601,165518,346,0.9611,2508190,18647,117139,350035,434183,459,0.9708,11.0,3,26,29,2143,4102,2040,346.0,15415.0,354.06197628612546,1,722286.4316236959,0.002861102929387885,52.770182429630154,0.014215686274509804,0.0015723270440251573,-3.2721877695836863,705840.0,101.2459233070341,-7.180002130689902
NTUC FairPrice Havelock Road,NTUC FairPrice Havelock Road,1,160050,Authorised Retailer (FairPrice),RIVER VALLEY,CENTRAL REGION,residential,10070,1.4757,6823.9,1,0,,unique,1.28977813992267,103.826793758887,414723,15386,19898,89928,31474,56,0.9437,1770417,97270,104139,235010,91554,235,0.9243,3554913,407235,151307,559637,221635,356,0.8826,11.0,10,26,36,2169,4177,2014,235.0,97270.0,285.87177640943395,0,575745.7576886,0.002280629680669,42.06393383025904,0.01787487586891758,0.001951854261548471,-0.934973949973274,473290.0,67.88887430860558,-3.870257714302937
NTUC FairPrice Hillion Mall,NTUC FairPrice Hillion Mall,1,678278,Authorised Retailer (FairPrice),CHOA CHU KANG,WEST REGION,residential,192070,6.1173,31397.9,1,0,,unique,1.37843100800213,103.762842789877,320502,11499,61364,32639,22961,63,0.8928,1713375,15415,73830,104959,138910,264,0.971,3033423,18647,156363,651703,459998,498,0.9698,12.0,3,27,30,3298,4177,885,264.0,15415.0,272.06197628612546,0,240774.84901322104,0.0009537513037397787,17.590989046176478,0.03389830508474576,0.0016265452179570592,2.9586394164695253,233640.0,33.513398959332775,-0.6069015267425739
NTUC FairPrice Hougang Mall,NTUC FairPrice Hougang Mall,1,538766,Authorised Retailer (FairPrice),HOUGANG,NORTH-EAST REGION,residential,227560,13.933,16332.4,1,0,,unique,1.37253315637342,103.893883460466,336276,24019,45723,50653,13862,90,0.8845,1732288,24019,45723,211111,309812,288,0.974,3095412,819349,126427,685345,434495,555,0.7816,11.0,12,59,71,1362,4160,2821,288.0,24019.0,300.5618299329515,0,847884.9222408562,0.003358620525867771,61.94639697910517,0.025168380007089684,0.0038494903491650403,1.150306098098579,812448.0,116.53781012545794,-4.21831216546011
NTUC FairPrice Hougang Street 21,NTUC FairPrice Hougang Street 21,1,530202,Authorised Retailer (FairPrice),HOUGANG,NORTH-EAST REGION,residential,227560,13.933,16332.4,1,0,,unique,1.35754686861981,103.883962381949,436931,0,84426,15157,34934,20,0.919,1835457,46571,121657,237790,84100,114,0.9464,3853927,591967,211929,381666,297023,267,0.8502,11.0,10,33,43,1326,4066,2857,114.0,46571.0,138.35642540519945,1,395284.3073826548,0.0015657903018490985,28.879436327304774,0.015050752537626881,0.002331381479071785,2.627590465386819,325698.0,46.718228960181335,-0.5439925396014458
NTUC FairPrice Jem,NTUC FairPrice Jem,1,608549,Authorised Retailer (FairPrice),BUKIT BATOK,WEST REGION,mixed,158030,11.1402,14185.6,1,0,,unique,1.33329334473462,103.743278742341,13549,183642,55941,63528,18161,11,0.164,691834,659594,55941,124208,90875,92,0.5115,1257459,1300898,126313,240593,395991,217,0.4919,11.0,6,59,65,2921,4160,1262,92.0,659594.0,436.96472179504667,0,551449.4789053489,0.002184387869447769,40.28884986409465,0.05150554675118859,0.0035241813055736284,3.8931445087845913,116104.0,16.653996202595327,11.846808033474327
NTUC FairPrice Joo Koon,NTUC FairPrice Joo Koon,1,629117,Authorised Retailer (FairPrice),PIONEER,WEST REGION,commercial,80,12.2198,6.5,1,0,,unique,1.32561767765205,103.678409741897,0,469641,0,0,0,0,0.0,0,1851998,0,20719,0,0,0.0,0,3488434,0,20719,0,0,0.0,11.0,5,23,28,3153,4152,1030,0.0,1851998.0,968.5866985372561,0,997644.2994933738,0.003951843621582403,72.88780375646584,0.027184466019417475,0.0015181088700932553,-5.2577620192524455,0.0,0.0,
NTUC FairPrice Jurong Gateway Road,NTUC FairPrice Jurong Gateway Road,1,600135,Authorised Retailer (FairPrice),JURONG EAST,WEST REGION,mixed,78600,17.8601,4400.9,1,0,,unique,1.333825407445,103.739676885744,197827,40431,55941,18742,21201,18,0.7675,617347,342640,55941,118983,243754,106,0.6352,1873807,939463,129702,195476,666926,218,0.6587,12.0,27,95,122,1202,4177,2981,106.0,342640.0,285.19919264859107,0,850178.79328545,0.003367706950419,62.11398699352803,0.040925863804092584,0.006614617219692041,7.598549498644053,315986.0,45.32513646449121,11.388943843375275
NTUC FairPrice Jurong Point,NTUC FairPrice Jurong Point,1,648331,Authorised Retailer (FairPrice),JURONG WEST,WEST REGION,mixed,262730,14.6804,17896.7,1,0,,unique,1.33931504032005,103.705350996191,311033,45940,60340,7689,123142,84,0.8176,1158829,859843,70494,191109,182711,276,0.5716,2481524,2191069,142628,386374,334005,512,0.5302,13.5,15,103,118,2401,4162,1782,276.0,859843.0,725.6940561654872,0,1293186.8080868982,0.005122539207258466,94.48011313867515,0.06621773288439955,0.006397744523964433,2.419719508839442,491832.0,70.54854492795137,5.649441344917816
NTUC FairPrice Kallang Bahru,NTUC FairPrice Kallang Bahru,1,330071,Authorised Retailer (FairPrice),KALLANG,CENTRAL REGION,mixed,101290,8.5847,11798.9,1,0,,unique,1.3209929422065,103.870389998344,391582,31496,0,48192,38657,43,0.9256,1055640,693227,13589,145101,80559,126,0.6028,2263776,1551485,54246,441228,209162,271,0.592,11.0,11,39,50,1245,4167,2938,126.0,693227.0,488.5546308726502,0,1435373.5055038463,0.005685765593202213,104.86826060102162,0.01701837985023826,0.0027109086965950986,-5.357956216464615,370188.0,53.099889291035275,-0.42540185169985223
NTUC FairPrice Kallang Wave Mall,NTUC FairPrice Kallang Wave Mall,1,397628,Authorised Retailer (FairPrice),KALLANG,CENTRAL REGION,mixed,101290,8.5847,11798.9,1,0,,unique,1.30307515150401,103.873149707591,0,58347,0,7166,417064,0,0.0,327424,207116,1961,13118,789008,12,0.6121,1306957,708443,54110,192690,1315270,131,0.6446,0.0,3,14,17,3440,4169,743,12.0,207116.0,120.3207447601144,0,89398.313356765,0.00035412236064353225,6.531432819709309,0.02288021534320323,0.0009217089568423336,4.096217534532726,8916.0,1.2789139921306754,13.901506728684248
NTUC FairPrice Killiney Road,NTUC FairPrice Killiney Road,1,239571,Authorised Retailer (FairPrice),RIVER VALLEY,CENTRAL REGION,mixed,10070,1.4757,6823.9,1,0,,unique,1.29731616717126,103.838541255824,466036,88325,28357,28918,3770,0,0.8241,1070841,383096,154023,496584,292203,2,0.7139,2376194,931287,256456,894400,518244,81,0.7027,11.0,5,32,37,1786,4150,2397,2.0,383096.0,202.35750031200286,0,485050.9282478708,0.0019213715929739578,35.437777660811676,0.01543596161869003,0.002006072435480373,0.26242765775851595,4794.0,0.687652947316561,43.78946771369652
NTUC FairPrice Le Quest,NTUC FairPrice Le Quest,1,657991,Authorised Retailer (FairPrice),TENGAH,WEST REGION,residential,10,7.3635,1.4,1,0,,unique,1.35594171176111,103.741127005764,548193,0,14697,96947,17213,86,0.9869,1497906,0,164545,339273,254387,313,0.9505,3308369,48261,247154,611461,872680,601,0.9523,12.0,2,8,10,3755,4157,428,313.0,0.0,313.0,0,133964.0,0.0005306548428037013,9.787397920671467,0.02336448598130841,0.0005421817393190197,0.067956950953185,133964.0,19.215840516127617,-2.1023511544655977
NTUC FairPrice Limbang Shopping Centre,NTUC FairPrice Limbang Shopping Centre,1,680533,Authorised Retailer (FairPrice),CHOA CHU KANG,WEST REGION,residential,192070,6.1173,31397.9,1,0,,unique,1.39206782341869,103.743102282335,326796,14509,0,55993,46770,91,0.9575,933431,39402,8500,123190,269719,196,0.9555,1825196,112410,8500,341128,398389,386,0.9401,11.0,11,40,51,1991,4175,2192,196.0,39402.0,216.60707036172013,0,474802.6982328905,0.0018807765608189345,34.68904288774443,0.023266423357664233,0.0027651268705270004,2.7693846911656306,429632.0,61.626556333230866,-1.3536568918710536
NTUC FairPrice Lorong 4 Toa Payoh,NTUC FairPrice Lorong 4 Toa Payoh,1,310192,Authorised Retailer (FairPrice),TOA PAYOH,CENTRAL REGION,residential,121850,8.1802,14895.7,1,0,,unique,1.33166814812852,103.850487239503,241673,117007,45015,10695,170562,50,0.6544,1511838,225417,112241,234612,217867,289,0.8478,3261210,478488,149318,853916,367110,466,0.8578,11.0,12,45,57,1290,4162,2893,289.0,225417.0,406.8920861816118,0,1177138.8053234029,0.004662852764153258,86.0016563820427,0.0197027307293467,0.0030904359141184124,-3.1272989190245033,836077.0,119.92716170913401,-5.746181847962847
NTUC FairPrice Lot 1 Shoppers' Mall,NTUC FairPrice Lot 1 Shoppers' Mall,1,689812,Authorised Retailer (FairPrice),CHOA CHU KANG,WEST REGION,residential,192070,6.1173,31397.9,3,1,689812,concurrent,1.38493874036122,103.745022476677,405645,17623,0,20208,130652,62,0.9584,1259567,48764,39224,179594,243694,285,0.9493,2732545,67371,47724,533903,409848,538,0.968,11.0,10,53,63,2200,4073,1983,285.0,48764.0,310.50335462968684,1,615728.152230669,0.0024390069409078495,44.985044018104375,0.03177004538577912,0.0034157449577098243,2.6859574621401348,565155.0,81.06602032555092,-2.0065180362227455
NTUC FairPrice Marine Parade Central,NTUC FairPrice Marine Parade Central,1,449411,Authorised Retailer (FairPrice),MARINE PARADE,CENTRAL REGION,residential,46220,6.1331,7536.2,1,0,,unique,1.30134714783304,103.907183612906,197153,91164,8964,11297,25949,28,0.6783,1029550,152787,28577,81718,427655,62,0.862,2289804,185946,32444,268334,491937,78,0.9194,11.0,13,50,63,1572,4042,2611,62.0,152787.0,141.90691993696092,1,370518.96795540495,0.0014676904593485193,27.07008283222409,0.024128686327077747,0.0034157449577098243,6.905759088412213,161882.0,23.220407679912295,8.255158340197955
NTUC FairPrice Marsiling MRT Station,NTUC FairPrice Marsiling MRT Station,1,739044,Authorised Retailer (FairPrice),WOODLANDS,NORTH REGION,residential,255130,13.6125,18742.3,1,0,,unique,1.43252114855026,103.774074641403,501649,0,41197,74148,28321,88,0.9621,1230180,376934,51197,294024,373210,202,0.7573,1861475,912656,79197,524943,1656134,285,0.6663,11.0,6,38,44,1727,4181,2456,202.0,376934.0,399.13480177972224,0,980275.0731709978,0.0038830410771396985,71.6188096267646,0.017915309446254073,0.0023855996530036867,-3.2635585406974195,496112.0,71.16246954508006,-3.2199101041891485
NTUC FairPrice NEX,NTUC FairPrice NEX,1,556083,Authorised Retailer (FairPrice),SERANGOON,NORTH-EAST REGION,residential,116900,10.1005,11573.6,1,0,,unique,1.35067551435975,103.871861623874,492073,19983,83592,60658,17617,81,0.8963,1931025,19983,109843,183555,129935,171,0.9637,4178321,59759,146503,508814,331179,219,0.9697,13.5,20,99,119,2609,4160,1574,171.0,19983.0,181.4510199238174,0,285603.90536008857,0.0011313270393761084,20.866195914252945,0.07560355781448538,0.006451962697896335,21.48310217274237,269154.0,38.60753887818975,12.938361032968249
NTUC FairPrice New Upper Changi Road,NTUC FairPrice New Upper Changi Road,1,461057,Authorised Retailer (FairPrice),BEDOK,EAST REGION,residential,276990,21.734,12744.6,1,0,,unique,1.32424554153984,103.941568704132,582172,0,30407,32812,25031,52,0.9752,2088361,0,91806,113196,162684,198,0.9789,3640692,487933,308732,428720,290273,298,0.8553,11.0,14,52,66,1459,4179,2724,198.0,0.0,198.0,0,539352.0,0.0021364676388870283,39.40500913163235,0.024229074889867842,0.0035783994795055302,4.236665042033389,539352.0,77.36482946205295,-1.2920851552805899
NTUC FairPrice Parkway Parade,Giant Parkway Parade | NTUC FairPrice Parkway Parade,2,449269,Authorised Retailer (FairPrice),MARINE PARADE,CENTRAL REGION,residential,46220,6.1331,7536.2,2,1,449269,replacement_merged,1.301041960873,103.905505005847,258680,110610,14136,5616,14876,23,0.6931,1107774,155182,28577,80470,437881,46,0.8688,2433852,188743,32444,220720,489596,79,0.9228,12.0,13,62,75,2296,4169,1887,46.0,155182.0,127.15949426101349,0,239949.96567053246,0.0009504837964949532,17.53072314255292,0.0397456279809221,0.004066363044892648,13.725741543204729,86802.0,12.450907620561562,17.726398439206633
NTUC FairPrice Paya Lebar Quarter,NTUC FairPrice Paya Lebar Quarter,1,409057,Authorised Retailer (FairPrice),GEYLANG,CENTRAL REGION,residential,110110,9.6448,11416.5,1,0,,unique,1.31770886898996,103.893414663597,146441,232667,24141,26125,12689,12,0.3931,1079869,517432,70685,145295,52408,110,0.6686,3157525,1079089,72937,500310,111672,308,0.7411,12.0,1,6,7,3732,4178,451,110.0,517432.0,380.6146294961061,0,171657.19790274385,0.0006799641946284403,12.541259605726953,0.015521064301552107,0.0003795272175233138,-1.5647246280247369,49610.0,7.116074826110679,-0.043512875959177605
NTUC FairPrice Punggol Oasis Terraces,NTUC FairPrice Punggol Oasis Terraces,1,820681,Authorised Retailer (FairPrice),PUNGGOL,NORTH-EAST REGION,residential,174450,9.3743,18609.4,1,0,,unique,1.40287845827053,103.913195741417,385716,13270,0,96478,38924,115,0.9667,1679908,104441,0,232690,317951,362,0.9415,2787838,247405,100260,566256,1009967,559,0.9051,12.0,4,20,24,3391,4156,792,362.0,104441.0,416.6221774439981,0,329964.7645356465,0.0013070481640994878,24.107196338650954,0.030303030303030304,0.0013012361743656475,-0.021832657386228804,286704.0,41.12491668907954,-2.670397740032734
NTUC FairPrice Punggol Plaza,NTUC FairPrice Punggol Plaza,1,820168,Authorised Retailer (FairPrice),PUNGGOL,NORTH-EAST REGION,residential,174450,9.3743,18609.4,1,0,,unique,1.39423719717117,103.913047323223,469070,7910,26592,146896,39395,94,0.9579,1585139,21180,49128,263731,185688,373,0.9724,2903001,1392869,49128,421198,411123,666,0.6738,11.0,6,58,64,2154,4170,2029,373.0,21180.0,384.0770455880725,0,779292.3254981991,0.0030869132489726916,56.935027964052324,0.031542631838344014,0.003469963131641726,0.9363121910286177,756817.0,108.5580810657651,-4.2765681809607825
NTUC FairPrice Rivervale Mall,NTUC FairPrice Rivervale Mall,1,545082,Authorised Retailer (FairPrice),PUNGGOL,NORTH-EAST REGION,residential,174450,9.3743,18609.4,1,0,,unique,1.39250410994833,103.904483668323,561801,0,22536,41290,6533,121,0.9807,1891610,19667,64974,261525,181405,473,0.9736,3536697,25597,135244,612691,365685,918,0.9748,0.0,12,34,46,1752,4087,2431,473.0,19667.0,483.2857533324184,1,1174867.666351109,0.004653856385317691,85.83572717079949,0.018922254216371864,0.002494036000867491,-4.2997054357028865,1149863.0,164.9367294451946,-9.260987599225425
NTUC FairPrice Seletar Mall,NTUC Foodfare - Seletar Mall | NTUC FairPrice Seletar Mall,2,797653,Authorised Retailer (FairPrice),SENGKANG,NORTH-EAST REGION,residential,249370,10.603,23518.7,2,1,797653,replacement_merged,1.39130622992517,103.876085067727,435952,9253,0,76410,37766,127,0.9792,1537848,117340,41450,169108,119444,246,0.9186,2734140,477904,79749,488617,471670,375,0.8427,12.0,4,19,23,3285,4124,898,246.0,117340.0,307.36829694544036,1,276016.73065700545,0.0010933505629720282,20.16575778345609,0.025612472160356347,0.0012470180004337454,0.6311457896750928,220908.0,31.687116663706064,-1.5432429174930367
NTUC FairPrice Sengkang East Ave,NTUC FairPrice Sengkang East Ave,1,540279,Authorised Retailer (FairPrice),SENGKANG,NORTH-EAST REGION,residential,249370,10.603,23518.7,1,0,,unique,1.38621835522425,103.89299549602,485973,25149,37256,34300,23395,120,0.9202,1610897,171329,80867,429941,105802,402,0.8863,3429776,175836,157054,882982,428465,819,0.9324,11.0,2,10,12,3119,4107,1064,402.0,171329.0,491.60430328417715,1,523066.9786943645,0.002071959820211885,38.215226923988006,0.011278195488721804,0.0006506180871828237,-4.240679003977891,427728.0,61.35344594280726,-6.300833466774271
NTUC FairPrice Sengkang East Drive,NTUC FairPrice Sengkang East Drive,1,542170,Authorised Retailer (FairPrice),PUNGGOL,NORTH-EAST REGION,mixed,174450,9.3743,18609.4,1,0,,unique,1.38671838587829,103.909029340508,308230,0,0,6739,46472,79,1.0,1010874,639684,37888,161578,151075,252,0.6099,2495583,1785241,64480,341070,248365,566,0.5817,11.0,0,1,1,4066,4066,117,252.0,639684.0,586.5518805458246,1,68626.57002386148,0.0002718418510060122,5.013851099954889,0.008547008547008548,5.421817393190197e-05,-1.7925675960867973,29484.0,4.229194722294845,-1.5702376749021938
NTUC FairPrice Senja Road,NTUC FairPrice Senja Road,1,670628,Authorised Retailer (FairPrice),CHOA CHU KANG,WEST REGION,residential,192070,6.1173,31397.9,1,0,,unique,1.38512867383046,103.760410617887,560731,3916,0,51639,35694,95,0.9931,1294613,15415,80215,264506,118166,249,0.9601,2539902,297787,125943,495909,436211,482,0.8783,11.0,4,20,24,2282,4042,1901,249.0,15415.0,257.06197628612546,1,488674.8169199245,0.0019357264500520293,35.70253864475963,0.01262493424513414,0.0013012361743656475,-1.9585313831590196,473349.0,67.89733728814078,-5.327357064681174
NTUC FairPrice Serangoon North Avenue 1,NTUC FairPrice Serangoon North Avenue 1,1,552152,Authorised Retailer (FairPrice),SERANGOON,NORTH-EAST REGION,residential,116900,10.1005,11573.6,1,0,,unique,1.36979940374161,103.87303579046,533701,2480,47464,57679,40082,99,0.9551,1410210,484587,62925,184545,91083,169,0.7364,3607942,786913,67066,391517,384603,314,0.8161,11.0,19,50,69,1243,4179,2940,169.0,484587.0,422.4368409059153,0,1241964.312263391,0.004919637939236935,90.73780215128603,0.02346938775510204,0.003741054001301236,-2.2820308114711256,496860.0,71.26976291274646,-0.268861017857458
NTUC FairPrice Sun Plaza,NTUC FairPrice Sun Plaza,1,757713,Authorised Retailer (FairPrice),SEMBAWANG,NORTH REGION,residential,102640,12.6362,8122.7,1,0,,unique,1.44819666623789,103.819498634275,366454,0,8564,51604,91875,120,0.9886,1403712,314067,8564,162739,254069,260,0.8156,3204002,862580,44544,365067,291186,379,0.7848,11.0,17,70,87,1868,4152,2315,260.0,314067.0,424.2556410155413,0,982151.8089509781,0.0038904751559243685,71.75592377586905,0.03758099352051836,0.0047169811320754715,1.7995844497258855,601900.0,86.33673529199794,0.07138206018304595
NTUC FairPrice Tai Seng,NTUC FairPrice Tai Seng,1,539775,Authorised Retailer (FairPrice),GEYLANG,CENTRAL REGION,commercial,110110,9.6448,11416.5,1,0,,unique,1.33631557522577,103.888825620348,12672,495283,0,22643,4916,0,0.0249,490447,1405485,0,114535,30175,49,0.2587,1602105,2554496,10093,656065,100838,171,0.3857,11.0,2,16,18,3298,4128,885,49.0,1405485.0,784.0623899127512,1,693895.2150727848,0.002748640353204511,50.695922674504,0.020338983050847456,0.0009759271307742355,-4.592055007381096,43365.0,6.220289958361008,4.723123324630281
NTUC FairPrice Tampines Mall,NTUC FairPrice Tampines Mall,1,529510,Authorised Retailer (FairPrice),TAMPINES,EAST REGION,residential,259900,20.7954,12497.9,1,0,,unique,1.35250468330971,103.944682574769,265893,169877,35313,40700,117067,56,0.6019,1593682,169877,129050,284780,317109,310,0.8761,3646360,352505,251320,526070,570224,760,0.8875,11.0,26,99,125,1446,4162,2737,310.0,169877.0,398.84491375660957,0,1091638.5289518405,0.004324171210022115,79.75501379764789,0.04567044208987943,0.006777271741487747,5.066306532451944,848470.0,121.70481773251618,0.2986933520530564
NTUC FairPrice Tampines North Drive 2,NTUC FairPrice Tampines North Drive 2,1,520633,Authorised Retailer (FairPrice),PASIR RIS,EAST REGION,residential,147110,15.8032,9308.9,1,0,,unique,1.36551980812276,103.941330282181,436667,0,23836,41756,177547,71,0.9741,1378500,80872,23836,159568,328018,230,0.9374,2837818,819548,127651,465006,480757,621,0.7666,11.0,0,1,1,4100,4100,83,230.0,80872.0,272.2956955051274,1,22600.542726925574,8.9524704010294e-05,1.6511936407658625,0.012048192771084338,5.421817393190197e-05,-0.5067702913812296,19090.0,2.738275920791229,-1.0504614288737746
NTUC FairPrice Tampines Street 11,NTUC FairPrice Tampines Street 11,1,521107,Authorised Retailer (FairPrice),TAMPINES,EAST REGION,residential,259900,20.7954,12497.9,1,0,,unique,1.34836421842072,103.948158723814,485200,0,49225,87920,54397,66,0.9539,1592722,270267,129050,272190,212804,271,0.8319,3509238,608565,152946,563196,428462,598,0.8396,11.0,9,35,44,1237,4124,2946,271.0,270267.0,412.34843625833753,1,1214778.4932170624,0.0048119501534697184,88.75160863059548,0.01493550577053632,0.0023855996530036867,-4.750294491446416,798366.0,114.51788338283971,-6.589654003552116
NTUC FairPrice Tampines Street 44,NTUC FairPrice Tampines Street 44,1,520475,Authorised Retailer (FairPrice),PASIR RIS,EAST REGION,residential,147110,15.8032,9308.9,1,0,,unique,1.36032331939995,103.953129640464,494150,0,48538,44221,27760,127,0.9553,1705787,0,90540,287130,188184,399,0.9748,3827371,173261,175717,472840,496404,752,0.9375,11.0,13,34,47,1278,4058,2905,399.0,0.0,399.0,1,1159095.0,0.004591378094260817,84.68337757054651,0.016179001721170396,0.0025482541747993926,-4.094970109853495,1159095.0,166.26097058195438,-9.24917898420327
NTUC FairPrice Tampines Street 83,NTUC FairPrice Tampines Street 83,1,521866,Authorised Retailer (FairPrice),PAYA LEBAR,EAST REGION,residential,40,11.6853,3.4,1,0,,unique,1.35536454193962,103.934477898052,656319,4495,0,85714,44358,134,0.9932,1396570,537393,49837,273327,136825,334,0.7165,2421969,963073,135391,763789,545075,515,0.7072,12.0,4,32,36,2300,4160,1883,334.0,537393.0,615.0541435179907,0,1158146.9522443765,0.004587622711227086,84.61411328587238,0.019118428040361127,0.001951854261548471,-5.284950997979543,628922.0,90.21277991911269,-5.7077855103025925
NTUC FairPrice Tanjong Pagar Plaza,NTUC FairPrice Tanjong Pagar Plaza,1,081005,Authorised Retailer (FairPrice),OUTRAM,CENTRAL REGION,mixed,18340,1.3732,13355.8,1,0,,unique,1.27624052001347,103.843006115698,152531,218874,30056,29815,25252,36,0.4174,322035,578995,95367,214961,182957,60,0.3711,755213,942532,123894,456868,345083,118,0.4486,11.0,27,54,81,1270,4174,2913,60.0,578995.0,362.811804072995,0,1056870.7852646345,0.004186450094192686,77.2148855372899,0.027806385169927908,0.00439167208848406,0.43075318885527514,174780.0,25.07050107050241,11.170160708552855
NTUC FairPrice Telok Blangah Street 32,NTUC FairPrice Telok Blangah Street 32,1,101078,Authorised Retailer (FairPrice),BUKIT MERAH,CENTRAL REGION,residential,151250,14.4612,10459.0,1,0,,unique,1.27338251992557,103.808934807512,449548,0,25938,55327,5972,68,0.9727,1173989,111532,25938,65405,486326,97,0.9051,1604662,732518,80017,205793,1609047,157,0.6804,11.0,14,25,39,1314,4172,2869,97.0,111532.0,155.33073883517005,0,445643.8897181029,0.0017652734185661064,32.55870293203326,0.013593586615545486,0.002114508783344177,1.1288592119653613,278293.0,39.91844006415681,-0.14536640140647197
NTUC FairPrice The Woodgrove,NTUC FairPrice The Woodgrove,1,739065,Authorised Retailer (FairPrice),WOODLANDS,NORTH REGION,residential,255130,13.6125,18742.3,1,0,,unique,1.42898765704375,103.780916973423,460461,0,10000,45578,75855,42,0.9894,1247779,75806,51197,358365,228141,195,0.9262,2266829,198670,66387,521489,3299730,364,0.9084,12.0,5,28,33,1864,4156,2319,195.0,75806.0,234.64620008731933,0,544144.5380024936,0.002155451720433892,39.7551515316827,0.014230271668822769,0.0017891997397527651,-1.0713673053618928,452205.0,64.86443492726022,-3.956424674787845
NTUC FairPrice The Woodleigh Mall,NTUC FairPrice The Woodleigh Mall,1,367803,Authorised Retailer (FairPrice),TOA PAYOH,CENTRAL REGION,residential,121850,8.1802,14895.7,1,0,,unique,1.33869419209869,103.871750105256,358004,0,25441,63736,132981,57,0.9668,1553009,2427,62410,519860,167722,161,0.9792,2998331,655735,116998,787897,242954,240,0.8106,11.0,2,18,20,3892,4177,291,161.0,2427.0,162.26931018140945,0,47220.36926279015,0.00018704814448865839,3.4499159769488155,0.06872852233676977,0.0010843634786380394,8.910374220101685,46851.0,6.72032295259245,5.122623545952323
NTUC FairPrice Thomson Plaza,NTUC FairPrice Thomson Plaza,1,574408,Authorised Retailer (FairPrice),BISHAN,CENTRAL REGION,residential,87320,7.6081,11477.2,1,0,,unique,1.35466902496424,103.830919782333,427690,34933,0,10891,8977,13,0.9245,1797786,220371,11473,72407,24105,36,0.8886,2407376,419274,11473,400509,460924,81,0.8502,11.0,13,60,73,1343,4160,2840,36.0,220371.0,151.25305067465172,0,429558.6639160109,0.0017015570248374093,31.38351776610118,0.025704225352112677,0.003957926697028844,7.428729697614933,102240.0,14.665339452157948,15.232830693185623
NTUC FairPrice Tiong Bahru Plaza,NTUC FairPrice Tiong Bahru Plaza,1,168732,Authorised Retailer (FairPrice),SINGAPORE RIVER,CENTRAL REGION,residential,3260,0.9576,3404.4,1,0,,unique,1.28646345355064,103.826935079694,465283,15386,5392,38319,35471,103,0.9628,1507640,291578,108675,203540,92422,279,0.8187,3320662,425577,155864,874811,331866,387,0.871,11.0,9,52,61,1981,4151,2202,279.0,291578.0,431.49399426246464,0,950149.7753659472,0.0037637095017078377,69.41785804949936,0.027702089009990917,0.0033073086098460206,-1.0103363851096072,614358.0,88.12371493690193,-2.8893674298619105
NTUC FairPrice Toa Payoh HDB Centre,NTUC FairPrice Toa Payoh HDB Centre,1,310500,Authorised Retailer (FairPrice),NOVENA,CENTRAL REGION,residential,49330,8.968,5500.7,1,0,,unique,1.33285542884681,103.847092284316,327310,71451,45015,42587,76291,83,0.7883,1486870,230950,106269,250073,227697,229,0.8443,3151712,365160,149301,817048,408225,419,0.88,12.0,22,69,91,1754,4164,2429,229.0,230950.0,349.78582051772156,0,849629.7580375457,0.0033655321257409494,62.07387452716607,0.037463976945244955,0.00493385382780308,3.6714349572490566,556241.0,79.78739321408244,1.2552766607053465
NTUC FairPrice VivoCity,Giant VivoCity | NTUC FairPrice VivoCity,2,098585,Authorised Retailer (FairPrice),BUKIT MERAH,CENTRAL REGION,mixed,151250,14.4612,10459.0,2,1,098585,replacement_merged,1.26431382492761,103.82207343835,6973,209384,1338,12922,13065,0,0.0351,188344,209894,14323,12922,759725,17,0.4739,953835,382474,14323,248358,1620177,50,0.7115,11.0,2,15,17,3252,4167,931,17.0,209894.0,126.7736263769069,0,118026.24615690032,0.00046752261130677565,8.62298704294217,0.018259935553168637,0.0009217089568423336,2.8527277084227616,15827.0,2.2702301203961643,9.775996137188168
NTUC FairPrice White Sands,NTUC FairPrice White Sands,1,518457,Authorised Retailer (FairPrice),PASIR RIS,EAST REGION,residential,147110,15.8032,9308.9,1,0,,unique,1.37244981663527,103.949715694737,324746,11525,0,0,20806,71,0.9657,1407635,11525,33122,122565,531475,246,0.9807,2818382,27786,101624,401704,1290713,660,0.9733,11.0,20,61,81,1406,4152,2777,246.0,11525.0,252.02752362618205,0,699880.4331099075,0.002772348849043955,51.133202171766705,0.0291681670867843,0.00439167208848406,4.176737357545996,683142.0,97.99011467161664,-1.716347323535894
NTUC FairPrice Wisteria Mall,NTUC FairPrice Wisteria Mall,1,768698,Authorised Retailer (FairPrice),YISHUN,NORTH REGION,residential,221610,21.011,10547.3,1,0,,unique,1.41795288501536,103.841268831617,453114,0,10071,106072,57531,115,0.9891,1432304,4918,107446,219794,283672,287,0.962,2236970,19812,186878,438106,537264,463,0.9537,12.0,1,13,14,3630,4175,553,287.0,4918.0,289.5720920775326,0,160133.36691887552,0.0006343162838521044,11.699329539368213,0.02531645569620253,0.0007590544350466276,0.672626431572066,158711.0,22.765558389978874,-1.8371323026256214
NTUC FairPrice Woodlands Civic Centre,NTUC FairPrice Woodlands Civic Centre,1,730900,Authorised Retailer (FairPrice),WOODLANDS,NORTH REGION,residential,255130,13.6125,18742.3,1,0,,unique,1.43505698925938,103.787004308703,440315,73322,0,87174,19219,52,0.8572,1558431,182377,52147,254997,239767,302,0.8837,3006121,483620,80148,736427,491498,598,0.8533,11.0,8,53,61,2137,4179,2046,302.0,182377.0,397.3823580366335,0,813044.3045429521,0.0032206107433316775,59.40094455000946,0.029814271749755622,0.0033073086098460206,0.20747551366458947,617892.0,88.6306330670264,-2.9349378547714893
NTUC FairPrice Xpress Macpherson Road,NTUC FairPrice Xpress Macpherson Road,1,348501,Authorised Retailer (FairPrice),TOA PAYOH,CENTRAL REGION,mixed,121850,8.1802,14895.7,1,0,,unique,1.32869206523005,103.872188869956,228234,249539,0,52165,219,0,0.4777,1169931,685558,44340,282613,77686,120,0.6275,2630358,1000580,70513,798606,279296,280,0.7202,12.0,8,46,54,2176,4152,2007,120.0,685558.0,478.5437780579699,0,960437.3625623456,0.003804460434544526,70.16946825473924,0.026905829596412557,0.0029277813923227064,-1.9302859310180547,240840.0,34.546169343287566,3.309826145500908
NTUC FairPrice Yew Tee Point,NTUC FairPrice Yew Tee Point,1,689578,Authorised Retailer (FairPrice),CHOA CHU KANG,WEST REGION,residential,192070,6.1173,31397.9,1,0,,unique,1.39696992267974,103.746443198224,462636,7270,8500,61204,66431,105,0.9759,1120442,113333,8500,153959,236065,246,0.9053,1377809,819189,8500,161088,410353,271,0.6266,12.0,13,66,79,1383,4160,2800,246.0,113333.0,305.2726538070359,0,854763.4306597005,0.003385867501202381,62.448940192176714,0.028214285714285713,0.004283235740620256,2.094417566566288,688800.0,98.80170006500778,-1.9921418969078544
NTUC FairPrice Yishun MRT Station,NTUC FairPrice Yishun MRT Station,1,769093,Authorised Retailer (FairPrice),YISHUN,NORTH REGION,residential,221610,21.011,10547.3,1,0,,unique,1.42944308477331,103.835005047246,353806,14894,79431,56657,61080,88,0.8781,1348952,16937,172486,324985,225175,322,0.9329,2942168,489309,279932,511800,461219,592,0.8304,11.0,18,85,103,1468,4169,2715,322.0,16937.0,330.8579755016612,0,898279.4034870102,0.0035582418832761182,65.62821329514472,0.03793738489871087,0.005584471914985904,4.613160566940444,874230.0,125.39984066177664,-2.0003059957721048
NTUC FairPrice Yishun Ring Road,NTUC FairPrice Yishun Ring Road,1,760849,Authorised Retailer (FairPrice),YISHUN,NORTH REGION,residential,221610,21.011,10547.3,1,0,,unique,1.4169831658118,103.835218177871,491485,0,46251,83114,83410,110,0.957,1905053,0,56322,278875,274872,251,0.9856,2646905,19812,135753,375692,568533,389,0.9687,11.0,12,61,73,1973,4167,2210,251.0,0.0,251.0,0,554710.0,0.0021973033639757036,40.527063245167874,0.0330316742081448,0.003957926697028844,5.100925723081546,554710.0,79.56778606716094,-0.7362924732787809
NTUC FairPrice Yung Kuang Road,NTUC FairPrice Yung Kuang Road,1,610063,,JURONG WEST,WEST REGION,mixed,262730,14.6804,17896.7,1,0,,unique,1.33221936370928,103.722686866956,418312,70840,28317,58876,15641,69,0.8357,831091,745598,58253,114960,709265,132,0.5261,1049719,2288521,58253,169303,1139789,140,0.3176,0.0,14,38,52,1353,3861,2830,132.0,745598.0,521.9444304237807,1,1477102.7380992994,0.00585106238460333,107.91699462162381,0.018374558303886925,0.0028193450444589027,-5.3826841940426045,373560.0,53.58357008752077,-0.21633234938061374
NTUC FairPrice Zhongshan Mall,NTUC FairPrice Zhongshan Mall,1,329984,Authorised Retailer (FairPrice),NOVENA,CENTRAL REGION,residential,49330,8.968,5500.7,1,0,,unique,1.32702991607724,103.846490871841,262004,21987,60729,130835,70139,13,0.8481,1344957,234117,149301,389488,180198,99,0.8214,3347094,349238,149318,732140,390956,366,0.8898,11.0,1,5,6,3950,4170,233,99.0,234117.0,221.44214740050842,0,51596.02034431846,0.00020438086400160403,3.7696006556455846,0.02575107296137339,0.00032530904359141186,1.1487749493462427,23067.0,3.3087381175951425,1.4795333636259662
Nalayanee Trading Enterprise,Nalayanee Trading Enterprise,1,534839,Authorised Retailer,GEYLANG,CENTRAL REGION,commercial,110110,9.6448,11416.5,1,0,,unique,1.33843759646141,103.886437101573,45054,405445,0,12232,3431,0,0.1,528562,1063681,10093,388559,54217,59,0.333,1927045,2130760,12737,732841,206309,184,0.475,10.5,14,33,47,1216,4156,2967,59.0,1063681.0,615.300421537608,0,1825596.350702083,0.007231506557767942,133.3779069514719,0.015840916750926862,0.0025482541747993926,-7.4792961067044015,175053.0,25.109660280894026,4.368497414336143
Nan Huat Wine Store,Nan Huat Wine Store,1,570513,Authorised Retailer,BISHAN,CENTRAL REGION,residential,87320,7.6081,11477.2,1,0,,unique,1.34946633905282,103.849467349041,445950,107064,0,147620,14644,74,0.8064,1164150,284256,22747,361620,165444,191,0.799,2756071,537965,57191,873313,591594,388,0.8309,11.0,19,74,93,1261,4160,2922,191.0,284256.0,339.6646209009979,0,992500.0222727158,0.0039314662394508825,72.51196332043207,0.03182751540041068,0.0050422901756668834,2.405999378906329,558102.0,80.05433567026853,1.4468779993754157
Nel's Store,Nel's Store,1,470741,Authorised Retailer,BEDOK,EAST REGION,residential,276990,21.734,12744.6,1,0,,unique,1.33773088769346,103.922272109998,237275,0,33122,27609,27356,40,0.9388,1103384,207481,77684,137326,676400,115,0.8226,2049745,574407,175748,639630,742464,272,0.7635,11.0,16,36,52,1264,4177,2919,115.0,207481.0,223.51163813309108,0,652430.4717104929,0.002584391249931894,47.66651221374385,0.017814319972593355,0.0028193450444589027,0.6276693025431747,335685.0,48.15076754692528,0.5547183487121683
Ng Nam Thye Trading - Ang Mo Kio Avenue 3,7-Eleven Big Mac Centre | Ng Nam Thye Trading - Ang Mo Kio Avenue 3,2,569922,Authorised Retailer,ANG MO KIO,NORTH-EAST REGION,residential,162280,13.9426,11639.2,2,1,569922,replacement_merged,1.36929729654979,103.84715944541,366103,19300,108154,8873,17265,91,0.8513,1592959,19300,228174,155461,559198,270,0.9275,3299366,204060,380365,979822,924221,527,0.8985,12.0,8,50,58,2142,4169,2041,270.0,19300.0,280.0938139683569,0,571671.4743094165,0.002264490731353375,41.76626704908165,0.028417442430181284,0.0031446540880503146,2.511918629968025,551070.0,79.04566326193937,-2.367138087313437
Ng Nam Thye Trading - Taman Jurong,The Little Plaza | Ng Nam Thye Trading - Taman Jurong,2,610399,Authorised Retailer,JURONG WEST,WEST REGION,mixed,262730,14.6804,17896.7,2,1,610399,replacement_merged,1.3350420286067,103.72026802061,468899,167353,28317,48093,18555,82,0.7269,870348,744276,28317,121576,583531,132,0.5384,1532275,2154556,90897,262794,1196015,204,0.4176,11.0,15,56,71,1507,4105,2676,132.0,744276.0,521.2530303167255,1,1394873.1091275574,0.00552533643706663,101.90930524525692,0.026532137518684603,0.0038494903491650403,-3.0618388059179464,353232.0,50.66771503682176,2.856409890459362
Ng Teo Guan Self Service,Ng Teo Guan Self Service,1,400301,Authorised Retailer,GEYLANG,CENTRAL REGION,mixed,110110,9.6448,11416.5,1,0,,unique,1.33068802490987,103.901953040703,325812,228605,0,49938,14570,62,0.5877,919001,1221914,0,126304,43229,149,0.4293,2143071,2159462,38230,297593,100037,263,0.4981,12.0,33,126,159,1198,4160,2985,149.0,1221914.0,788.0555751984898,0,2352345.891967492,0.00931805365263759,171.8621815692477,0.053266331658291456,0.008620689655172414,-0.9811253022143817,444765.0,63.79723886384028,11.919241048696856
OCN (Singapore) Pte Ltd,OCN (Singapore) Pte Ltd,1,120501,Authorised Retailer,CLEMENTI,WEST REGION,mixed,91990,9.5213,9661.5,1,0,,unique,1.31129566365301,103.758864434999,289211,112937,34305,61494,28387,19,0.7019,1116809,679159,91842,148690,162111,93,0.6159,2502060,1248154,178865,351134,251199,243,0.6596,11.0,15,55,70,1218,4156,2965,93.0,679159.0,448.1971295821401,0,1328904.4892110454,0.005264023191479951,97.08964374365623,0.023608768971332208,0.003795272175233138,-2.749266498137488,275745.0,39.5529541005017,4.841229815382554
Ong Eng Siang Trading,Ong Eng Siang Trading,1,160071,Authorised Retailer,SINGAPORE RIVER,CENTRAL REGION,residential,3260,0.9576,3404.4,1,0,,unique,1.28424655193409,103.83250362707,366823,57154,3790,60515,12319,107,0.862,1329976,257491,49480,425819,116926,249,0.8276,2739055,694769,238244,711512,357413,377,0.7784,11.0,8,36,44,1403,4100,2780,249.0,257491.0,383.6666452086107,1,1066593.2736799377,0.004224962571885824,77.92520967586213,0.015827338129496403,0.0023855996530036867,-3.843116508057508,692220.0,99.2922659973863,-5.548897181447582
Overseas Emporium (Private) Limited,Overseas Emporium (Private) Limited,1,059108,Authorised Retailer,OUTRAM,CENTRAL REGION,commercial,18340,1.3732,13355.8,1,0,,unique,1.28413397178419,103.842519972666,79403,193374,83344,46958,84855,24,0.34,386732,798267,149389,267658,228903,67,0.3458,1325682,1224779,201490,649865,762011,187,0.5183,9.5,10,52,62,1514,4124,2669,67.0,798267.0,484.490082646547,1,1293104.030583634,0.0051222113110849996,94.47406542165173,0.023229674035219184,0.0033615267837779224,-3.3410298751819245,178823.0,25.650430329159242,7.177148728714513
PFG Framing & Trading,PFG Framing & Trading,1,640960,Authorised Retailer,JURONG WEST,WEST REGION,residential,262730,14.6804,17896.7,1,0,,unique,1.34138531163603,103.691459639611,494287,0,30125,71758,65460,99,0.9713,1211432,118298,40280,179533,110616,275,0.899,2031681,853034,40280,2073480,224124,424,0.7015,11.0,22,95,117,1917,4177,2266,275.0,118298.0,336.86932667506136,0,763345.894245689,0.003023746644738862,55.76998311556357,0.05163283318623124,0.006343526350032531,8.199061097576877,623150.0,89.3848423279756,2.9208925971916573
Papillon Florist Pte Ltd,Papillon Florist Pte Ltd,1,160133,Authorised Retailer,BUKIT MERAH,CENTRAL REGION,residential,151250,14.4612,10459.0,1,0,,unique,1.27955093259631,103.82740093837,442768,64064,6898,28220,23044,87,0.8686,1670224,240394,39712,359391,104228,260,0.8666,2543038,444091,108302,716395,1050060,404,0.839,12.0,8,25,33,1340,4150,2843,260.0,240394.0,385.7249904201652,0,1096616.1477645298,0.004343888429040541,80.11867818522373,0.01160745691171298,0.0017891997397527651,-5.264125213460492,739180.0,106.02822394606918,-7.092184014657267
Pinthely Floral Centre,Pinthely Floral Centre,1,199588,,KALLANG,CENTRAL REGION,mixed,101290,8.5847,11798.9,1,0,,unique,1.30274220636743,103.86510408137,72321,76836,48737,27954,97769,26,0.4886,400035,387179,67042,117717,263989,55,0.5075,838926,1560814,162032,180224,1206729,107,0.3591,0.0,11,35,46,1230,3756,2953,55.0,387179.0,257.4928911116299,1,760376.507452643,0.003011984384117447,55.5530399806622,0.015577378936674569,0.002494036000867491,-1.2817038256382112,162415.0,23.29686137639117,4.703673771881207
Poon Long Heng,Poon Long Heng,1,760716,,YISHUN,NORTH REGION,residential,221610,21.011,10547.3,1,0,,unique,1.42621096565013,103.827704108295,429075,2044,0,100883,7906,36,0.9953,922721,8839,91239,156160,131245,170,0.9468,2500977,58961,209733,379100,314986,336,0.9408,0.0,5,21,26,1784,3153,2399,170.0,8839.0,174.6227575992905,1,418919.99548069795,0.0016594153977869952,30.60625759678334,0.010837849103793247,0.0014096725222294514,-0.8326128455101024,407830.0,58.49927023448333,-4.249114018598502
Precise Optics,Precise Optics,1,179098,,DOWNTOWN CORE,CENTRAL REGION,commercial,3190,5.0836,627.5,1,0,,unique,1.29222075807721,103.850612609298,0,161545,0,138144,366207,0,0.0,64716,881544,134627,345894,522683,14,0.1221,673528,1575003,293754,494144,733023,49,0.3227,0.0,9,45,54,1434,3732,2749,14.0,881544.0,475.04358243115104,1,1305894.8081032343,0.005172877818758707,95.4085584891856,0.019643506729719897,0.0029277813923227064,-4.239322391850717,38486.0,5.520444582900535,20.63343818279166
Prime Admiralty Place,Prime Admiralty Place,1,731678,Authorised Retailer,MANDAI,NORTH REGION,residential,2090,11.7673,177.6,1,0,,unique,1.44054545356313,103.801759723219,568369,0,22793,36909,39948,133,0.9807,1560765,269569,52723,247489,143250,382,0.8428,2310973,1288954,79474,356149,252658,556,0.6389,11.0,2,15,17,3843,4180,340,382.0,269569.0,522.983385369741,0,177814.35102571192,0.0007043537554252733,12.991100665063742,0.05,0.0009217089568423336,1.112249392116445,129880.0,18.630030203895483,-0.37764946371305863
Prime Bidadari,Prime Bidadari,1,340106,,TOA PAYOH,CENTRAL REGION,residential,121850,8.1802,14895.7,1,0,,unique,1.33369947750043,103.870796085779,446017,0,36968,94653,17210,56,0.9617,1020296,294941,64690,372109,150028,123,0.7628,2895880,924346,70513,799691,252655,292,0.7534,0.0,0,1,1,3952,3952,231,123.0,294941.0,277.2528282715623,1,64045.40333073089,0.0002536950481977893,4.679151468960026,0.004329004329004329,5.421817393190197e-05,-1.7008425650614107,28413.0,4.075570127681571,-1.5234613785992661
Prime Buangkok Square,Prime Buangkok Square,1,530991,Authorised Retailer,SENGKANG,NORTH-EAST REGION,residential,249370,10.603,23518.7,1,0,,unique,1.38433426615655,103.881623070164,208420,0,28621,119248,32984,52,0.9396,1247079,162464,45146,465893,107765,246,0.8728,3448681,390177,118886,759366,403083,688,0.8864,12.0,1,10,11,3705,4120,478,246.0,162464.0,330.9679478007842,1,158202.67904877485,0.0006266684913988237,11.558273655359905,0.02301255230125523,0.0005963999132509217,-0.16421039579448435,117588.0,16.8668616539549,-1.4285278311219944
Prime Century Square,NTUC FP Century Square | Prime Century Square,2,529509,,TAMPINES,EAST REGION,residential,259900,20.7954,12497.9,2,1,529509,replacement_merged,1.35236829566862,103.943812302253,294345,169877,35313,38160,116828,62,0.6246,1562713,169877,87048,292128,312584,314,0.8827,3572521,347428,251320,788656,570589,754,0.8866,0.0,4,25,29,2789,3892,1394,314.0,169877.0,402.84491375660957,1,561565.8097767137,0.002224460426017402,41.027948097464964,0.02080344332855093,0.0015723270440251573,-1.8778099963741064,437716.0,62.78612796988232,-4.263895694679216
Prime Chai Chee Road,Prime Chai Chee Road,1,461025,Authorised Retailer,BEDOK,EAST REGION,residential,276990,21.734,12744.6,1,0,,unique,1.32328959946584,103.924149636877,417883,107127,37039,51592,19369,53,0.7764,1646955,471615,222520,151374,79759,131,0.751,4057081,616593,282828,332112,353626,306,0.8471,11.0,8,29,37,2015,4160,2168,131.0,471615.0,377.6525427298777,0,818750.7126383749,0.0032432148242104984,59.81785421773843,0.017066420664206643,0.002006072435480373,-2.9502538523229913,284008.0,40.73820155642091,-0.5856818797113812
Prime Compassvale Street,Prime Compassvale Street,1,540263,Authorised Retailer,SENGKANG,NORTH-EAST REGION,residential,249370,10.603,23518.7,1,0,,unique,1.39484816528775,103.896042268385,363063,17465,27086,166459,41593,97,0.9239,1805123,17465,36764,379365,123511,426,0.9807,3659614,50604,141897,645552,436908,914,0.9684,12.0,8,40,48,1915,4178,2268,426.0,17465.0,435.13411714804937,0,986884.177691776,0.003909220896498234,72.10167021501343,0.021164021164021163,0.002602472348731295,-2.8384057445015167,966168.0,138.58745782289262,-7.694955416590402
Prime Hougang,Prime Hougang,1,531159,,SERANGOON,NORTH-EAST REGION,residential,116900,10.1005,11573.6,1,0,,unique,1.35209060355776,103.879314590828,418384,0,23236,36456,3099,23,0.9737,1912220,19983,121062,170015,157902,123,0.9608,3813812,196559,213136,569389,251169,294,0.9282,0.0,1,4,5,3077,3738,1106,123.0,19983.0,133.4510199238174,1,147596.82803574204,0.0005846568598999106,10.783411123993952,0.0045207956600361665,0.00027109086965950986,-1.7611890813992865,136038.0,19.513335762839034,-3.2855000940652355
Prime Joo Seng,Prime Joo Seng,1,360001,Authorised Retailer,GEYLANG,CENTRAL REGION,mixed,110110,9.6448,11416.5,1,0,,unique,1.33429242412799,103.878746207181,306695,97146,0,321240,15221,23,0.7594,1135817,620053,25441,468670,169883,110,0.6448,2453702,1487438,73172,741311,255406,255,0.6204,11.0,2,5,7,3771,4124,412,110.0,620053.0,434.2849550529327,1,178925.40148180825,0.0007087548206750926,13.072273912531408,0.01699029126213592,0.0003795272175233138,-1.6794836648350868,45320.0,6.500715805670953,0.19582459086296028
Prime Keat Hong,Prime Keat Hong,1,680253,Authorised Retailer,CHOA CHU KANG,WEST REGION,residential,192070,6.1173,31397.9,1,0,,unique,1.37743962648904,103.744383226772,646914,16632,0,46469,42050,119,0.9749,1734389,45591,90395,411247,155731,329,0.9515,2831800,45591,96779,635394,658271,424,0.9684,11.0,5,24,29,2723,4179,1460,329.0,45591.0,352.84388977364557,0,515152.07906952256,0.002040607517979736,37.636965061618255,0.01986301369863014,0.0015723270440251573,-1.4078418298798303,480340.0,68.90012864289464,-4.806891058052961
Prime Punggol Field,Prime Punggol Field,1,820108,Authorised Retailer,PUNGGOL,NORTH-EAST REGION,residential,174450,9.3743,18609.4,1,0,,unique,1.39649861628108,103.908866307025,544185,0,0,75622,38424,148,1.0,1847169,21180,49128,310550,149155,494,0.9761,3501639,25687,138148,516789,549866,829,0.9741,12.0,11,60,71,2154,4117,2029,494.0,21180.0,505.0770455880725,1,1024801.3254981991,0.004059417353074494,74.87189366010597,0.03499260719566289,0.0038494903491650403,-0.4474700910869187,1002326.0,143.7739733149811,-6.069262894672167
Prime Serangoon North,Prime Serangoon North,1,552542,,SERANGOON,NORTH-EAST REGION,residential,116900,10.1005,11573.6,1,0,,unique,1.37368393003779,103.871416978631,319018,287433,40928,46266,13319,72,0.5244,1290369,670043,62925,171659,214707,168,0.6533,3512921,978145,62925,510807,389253,305,0.7783,12.29,1,14,15,2924,3742,1259,168.0,670043.0,518.4295022176043,1,652702.7432919638,0.002585469765303676,47.686404351261,0.011914217633042097,0.0008132726089785296,-4.7333635313450175,211512.0,30.33935131264507,-2.784863086660059
Prime Woodlands,Prime Woodlands,1,730678,,MANDAI,NORTH REGION,residential,2090,11.7673,177.6,1,0,,unique,1.43998366608733,103.801293104268,464199,0,22793,66177,39948,130,0.9766,1646362,227595,52723,247489,143250,392,0.8682,2444193,1175840,79474,373519,245586,572,0.6714,0.0,7,45,52,2147,3454,2036,392.0,227595.0,511.03117047296314,1,1040459.463082953,0.0041214419756494865,76.01587579887914,0.025540275049115914,0.0028193450444589027,-2.754522201544475,798112.0,114.48144953873908,-5.839605871190007
Prime Yishun Avenue 6,Prime Yishun Avenue 6,1,760461,Authorised Retailer,SIMPANG,NORTH REGION,residential,,,,1,0,,unique,1.42841338853064,103.84997365333,432524,0,0,72427,29986,104,1.0,1255538,4918,51124,157432,257399,247,0.9768,2008284,115959,98706,315150,383506,390,0.9256,11.0,3,3,6,3505,4155,678,247.0,4918.0,249.5720920775326,0,169209.8784285671,0.0006702699339997662,12.362458662691688,0.008849557522123894,0.00032530904359141186,-1.8095581659052475,167466.0,24.021378488801673,-3.676961180431482
Rangoon Betting Centre - Lottery Lobby (Public),Rangoon Betting Centre - Lottery Lobby (Public),1,210677,Betting Centre,KALLANG,CENTRAL REGION,residential,101290,8.5847,11798.9,2,1,,unique,1.31252896906352,103.855137853723,294353,136148,2995,33255,32769,20,0.6825,1211116,468901,49232,247962,154716,132,0.7146,2281802,1179582,212711,629417,343618,253,0.65,8.0,1,8,9,2259,4152,1924,132.0,468901.0,377.2331328277989,0,725796.5475606851,0.002875007112756296,53.02663118767712,0.004677754677754678,0.00048796356538711777,-6.046004095788176,253968.0,36.42925401003179,-4.54452877195507
Rangoon Provision Shop,Rangoon Provision Shop,1,210681,Authorised Retailer,KALLANG,CENTRAL REGION,residential,101290,8.5847,11798.9,1,0,,unique,1.3137206738217,103.855272733514,303413,93069,2995,21327,77370,18,0.7633,1327401,442329,58398,218136,145829,149,0.7421,2412710,1107984,216794,629236,284744,283,0.6745,11.0,16,60,76,1700,4096,2483,149.0,442329.0,380.3360952750953,1,944374.5245680617,0.0037408327228396054,68.99591874005368,0.030608135320177206,0.00412058121882455,0.8432172355289426,369967.0,53.068188977861105,3.147902124265929
River Hong Bao,River Hong Bao,1,039805,,DOWNTOWN CORE,CENTRAL REGION,commercial,3190,5.0836,627.5,1,0,,unique,1.28866180924693,103.858941046991,0,206242,0,48957,69930,0,0.0,0,536070,9588,127513,843762,0,0.0088,193215,1107498,51652,312585,1269482,14,0.162,0.0,1,2,3,3035,3239,1148,0.0,536070.0,280.3622204153929,1,321855.8290368711,0.0012749272518215026,23.514758232595792,0.002613240418118467,0.00016265452179570593,-4.2305432975590485,0.0,0.0,
S E Store,S E Store,1,600352,Betting Centre,TENGAH,WEST REGION,residential,10,7.3635,1.4,4,1,600352,replacement_unmerged,1.34492289474517,103.730400848037,363418,0,43091,65516,225945,41,0.947,899033,0,128848,206545,556787,143,0.9373,2854151,4879,181715,608707,1412485,446,0.9685,0.0,13,31,44,1365,3601,2818,143.0,0.0,143.0,1,402974.0,0.0015962505197215575,29.441244585744407,0.015613910574875798,0.0023855996530036867,2.683157506736736,402974.0,57.80272398663827,-1.8154765801391903
STC Racecourse - Kranji 1,STC Racecourse - Kranji 1,1,738078,,SUNGEI KADUT,NORTH REGION,mixed,750,17.5891,42.6,2,1,738078,concurrent,1.41993788166264,103.767403498455,0,0,0,0,1229340,0,0.5,40405,17793,0,0,1382706,3,0.6943,447420,576992,40789,458013,1462290,44,0.4392,0.0,3,4,7,1590,3494,2593,3.0,17793.0,12.305659685957218,1,31908.575565687068,0.00012639545065017238,2.3312376917917796,0.002699575780948708,0.0003795272175233138,3.057795843472805,7779.0,1.1158223356644825,5.5704239817010945
Seah Geok Eng Agency - Rivervale Plaza,Seah Geok Eng Agency - Rivervale Plaza,1,540118,Authorised Retailer,SENGKANG,NORTH-EAST REGION,residential,249370,10.603,23518.7,1,0,,unique,1.3849334568541,103.901558018707,334600,0,15351,63536,58944,111,0.9781,1504806,72745,37888,184815,140070,356,0.9432,3066605,821492,102230,450944,400808,735,0.7813,11.0,22,81,103,1196,4179,2987,356.0,72745.0,394.0453107320271,0,1177013.343156565,0.00466235578655912,85.9924901272964,0.034482758620689655,0.005584471914985904,1.834047034861196,1063372.0,152.53043176760661,-4.010456998346233
Seah Geok Eng Agency - Upper Serangoon View,Seah Geok Eng Agency - Upper Serangoon View,1,537476,Authorised Retailer,PAYA LEBAR,EAST REGION,mixed,40,11.6853,3.4,1,0,,unique,1.37791506138102,103.903623796196,217103,147104,0,40279,25961,29,0.5961,880269,1145908,15351,151031,275024,153,0.4349,2165052,1639314,57893,255747,380277,478,0.5681,11.0,2,18,20,3367,4131,816,153.0,1145908.0,752.3047760026901,0,613880.6972181952,0.0024316888483663364,44.85006911926871,0.024509803921568627,0.0010843634786380394,-3.710616254598743,124848.0,17.908238457775973,0.49429445636825464
Seah Koon Huat (Boon Tiong Rd),Seah Koon Huat (Boon Tiong Rd),1,161011,,SINGAPORE RIVER,CENTRAL REGION,residential,3260,0.9576,3404.4,1,0,,unique,1.28636578139912,103.828789865335,517718,23978,5392,40244,5568,132,0.9512,1440718,261966,90059,221204,117711,266,0.8288,3349893,428966,183744,761466,332917,373,0.8686,0.0,2,11,13,3183,3795,1000,266.0,261966.0,403.0070502608593,1,403007.05026085925,0.0015963814375874086,29.443659234862164,0.013,0.0007048362611147257,-3.0304182783591083,266000.0,38.155128073885116,-4.0723966824751745
Seah Koon Huat - Bukit Merah View,Seah Koon Huat - Bukit Merah View,1,151116,Authorised Retailer,RIVER VALLEY,CENTRAL REGION,residential,10070,1.4757,6823.9,1,0,,unique,1.28513427067055,103.821532226321,361396,94923,67739,37985,63730,60,0.7542,1470278,205181,95317,255412,159693,256,0.8572,3060644,592252,174454,622892,699780,453,0.8225,11.0,27,54,81,1286,4134,2897,256.0,205181.0,363.3087483855667,0,1052505.4440729867,0.004169158213957411,76.89595409823049,0.027959958577839145,0.00439167208848406,0.46801574575128313,741632.0,106.37993963793822,-2.4607115916268545
Seng Yeok Chan Agency,Seng Yeok Chan Agency,1,560338,Authorised Retailer,BISHAN,CENTRAL REGION,residential,87320,7.6081,11477.2,1,0,,unique,1.36389570157547,103.848986957428,359052,0,31067,42788,344621,60,0.9602,1532926,159702,235311,201524,395661,291,0.8561,3073617,413302,291618,547485,884317,461,0.852,11.0,12,57,69,1329,4178,2854,291.0,159702.0,374.52343411267015,0,1068889.8809575606,0.004234059835134822,78.09299959922664,0.024176594253679046,0.003741054001301236,-1.0289662249764235,830514.0,119.12920314719784,-4.59284387579555
Serangoon Avenue 3 Betting Centre - Lottery Lobby (Public),Serangoon Avenue 3 Betting Centre - Lottery Lobby (Public),1,550267,Betting Centre,SERANGOON,NORTH-EAST REGION,residential,116900,10.1005,11573.6,2,1,,unique,1.35319405066769,103.870920824793,389614,19983,83592,11685,24761,80,0.8747,1930560,19983,107199,233515,112848,144,0.9642,4431128,81356,110969,470691,230817,204,0.9704,8.0,2,5,7,1565,3948,2618,144.0,19983.0,154.4510199238174,1,404352.770160554,0.0016017120695618965,29.54197741099962,0.00267379679144385,0.0003795272175233138,-4.14736472387446,376992.0,54.075857303872546,-6.401717879237557
Shell Station Geylang Road,Shell Station Geylang Road,1,389266,Authorised Retailer,KALLANG,CENTRAL REGION,mixed,101290,8.5847,11798.9,1,0,,unique,1.31198237882226,103.875582544247,170947,202517,1965,54938,32003,27,0.458,825668,512676,5373,76567,596778,78,0.6165,1922972,1188432,9223,268710,763817,210,0.6177,11.0,1,0,1,4160,4160,23,78.0,512676.0,346.1272626964426,0,7960.927042018179,3.1534624884699554e-05,0.5816246213733985,0.043478260869565216,5.421817393190197e-05,0.5485860086401453,1794.0,0.2573319540020673,1.4640229322640532
Shell Station Tuas South Avenue 5,Shell Station Tuas South Avenue 5,1,637365,Authorised Retailer,TUAS,WEST REGION,commercial,70,47.6951,1.5,1,0,,unique,1.28941779146838,103.625751502111,0,445616,0,4011,0,0,0.0,0,1983181,0,4011,0,0,0.0,0,4007506,0,4011,0,0,0.0,11.0,0,4,4,4034,4160,149,0.0,1983181.0,1037.1948227761661,0,154542.02859364875,0.000612168014466034,11.290826858811531,0.026845637583892617,0.00021687269572760788,-2.1697710530397516,0.0,0.0,
Sheng Moh Fruits & Provision Store,Sheng Moh Fruits & Provision Store,1,128632,Authorised Retailer,CLEMENTI,WEST REGION,residential,91990,9.5213,9661.5,1,0,,unique,1.30836839456285,103.762107951222,384404,62367,0,69586,102463,32,0.8604,1167720,545622,143280,247831,183926,140,0.6675,2277114,1170351,178865,646229,586297,216,0.6526,11.0,13,39,52,1385,4177,2798,140.0,545622.0,425.357873836416,0,1190151.330994292,0.0047143976550520425,86.95235034977988,0.01858470335954253,0.0028193450444589027,-3.7483119036253103,391720.0,56.1884465003845,-0.5587653411762387
Sheng Siong Canberra Street,Sheng Siong Canberra Street,1,750105,Authorised Retailer,SEMBAWANG,NORTH REGION,residential,102640,12.6362,8122.7,1,0,,unique,1.44885564679911,103.832409172149,312941,0,0,73723,12306,68,1.0,1850849,215053,28599,89319,176959,128,0.8905,2989654,407478,70829,191266,396933,247,0.8723,11.0,0,4,4,4019,4180,164,128.0,215053.0,240.47176038015837,0,39437.36870234597,0.00015621831752810463,2.8812906484883616,0.024390243902439025,0.00021687269572760788,0.6590581479691442,20992.0,3.0110994305526178,0.5698887432065611
Sheng Siong Clementi Avenue 6,Sheng Siong Clementi Avenue 6,1,121209,Authorised Retailer,CLEMENTI,WEST REGION,residential,91990,9.5213,9661.5,1,0,,unique,1.32220922708728,103.76364056113,306300,79225,5397,30871,17367,46,0.7904,1679972,138702,40198,96724,70402,124,0.9146,3442623,306355,151120,173881,239481,201,0.9021,12.0,0,1,1,4019,4019,164,124.0,138702.0,196.54052772222997,1,32232.646546445714,0.00012767915250553444,2.3549142888120773,0.006097560975609756,5.421817393190197e-05,-0.8829259278143292,20336.0,2.917002573347849,-1.1224171392930868
Sheng Siong Jalan Berseh,Sheng Siong Jalan Berseh,1,209037,Authorised Retailer,ROCHOR,CENTRAL REGION,mixed,13120,1.5885,8259.6,1,0,,unique,1.30730464109303,103.857706092553,197005,202098,17909,70245,63008,40,0.4939,713853,784735,156448,203398,139630,110,0.4786,1524130,1509474,207801,479095,405733,186,0.5023,12.0,0,9,9,3756,4150,427,110.0,784735.0,520.4129069667644,0,222216.31127480837,0.0008802376886921247,16.235103930237546,0.02107728337236534,0.00048796356538711777,-1.7956315909961522,46970.0,6.7373923519939245,0.8716925437894383
Sheng Siong Junction 9,Sheng Siong Junction 9,1,768897,Authorised Retailer,YISHUN,NORTH REGION,residential,221610,21.011,10547.3,1,0,,unique,1.4331228398318,103.84166098599,454049,40898,9004,77355,23314,104,0.9099,1275794,268477,122100,205383,98145,276,0.8022,2518974,555342,173225,459078,429144,542,0.8023,12.0,5,15,20,3371,4082,812,276.0,268477.0,416.4122742374381,1,338126.7666807998,0.0013393792826484994,24.70351148916892,0.024630541871921183,0.0010843634786380394,-0.9463305575030574,224112.0,32.14669948456594,-2.1423483619390753
Sheng Siong Marsiling Mall,Sheng Siong Marsiling Mall,1,738623,Authorised Retailer,WOODLANDS,NORTH REGION,residential,255130,13.6125,18742.3,1,0,,unique,1.43354318137534,103.77988189197,447972,7067,0,47037,166163,93,0.9845,1506973,188677,51197,228977,247265,250,0.8773,2424253,471260,79197,756647,574137,410,0.8283,12.0,2,5,7,3617,4050,566,250.0,188677.0,348.6772299537655,1,197351.31215383127,0.000781743076707888,14.418469306800286,0.012367491166077738,0.0003795272175233138,-1.9536858252564075,141500.0,20.296806851333624,-2.9514368872221017
Sheng Siong Sengkang West Ave,Sheng Siong Sengkang West Ave,1,790455,Authorised Retailer,SENGKANG,NORTH-EAST REGION,residential,249370,10.603,23518.7,1,0,,unique,1.39183688254074,103.871190376558,383869,224428,20427,55587,34012,95,0.6268,1521989,315440,41450,131371,104309,185,0.8211,2788332,1300118,42208,211718,364994,253,0.6801,12.0,2,15,17,3705,4152,478,185.0,315440.0,349.9737138952591,0,167287.43524193385,0.0006626548001802184,12.222005134523947,0.03556485355648536,0.0009217089568423336,1.3667039443124949,88430.0,12.684428479600228,1.2117216467154166
Sheng Siong Senja Close,Sheng Siong Senja Close,1,670643,Authorised Retailer,CHOA CHU KANG,WEST REGION,residential,192070,6.1173,31397.9,1,0,,unique,1.38790584193931,103.763017336135,338674,3916,12466,73748,39229,94,0.9714,1173518,15415,40980,147450,115984,240,0.9708,2112182,325447,125943,393992,361815,430,0.8485,0.0,0,2,2,3909,4046,274,240.0,15415.0,248.06197628612549,1,67968.98150239838,0.00026923702781854003,4.965807741085152,0.0072992700729927005,0.00010843634786380394,-1.3309080252400367,65760.0,9.432636173453705,-2.4200611111401433
Sheng Siong Serangoon North Avenue 5,Sheng Siong Serangoon North Avenue 5,1,554913,Authorised Retailer,SERANGOON,NORTH-EAST REGION,residential,116900,10.1005,11573.6,1,0,,unique,1.37565390082777,103.872017821492,289518,327352,0,22940,46991,45,0.4693,1391741,658214,62925,175395,185322,183,0.6736,3421987,971830,84706,456446,399700,333,0.7735,11.0,1,6,7,3950,4155,233,183.0,658214.0,527.2429879465321,0,122847.616191542,0.0004866209015775294,8.975235908695952,0.030042918454935622,0.0003795272175233138,-0.6593196751001031,42639.0,6.116152277978901,0.3573866305916311
Sheng Siong Tampines Avenue 9,Sheng Siong Tampines Avenue 9,1,521602,Authorised Retailer,PASIR RIS,EAST REGION,residential,147110,15.8032,9308.9,1,0,,unique,1.36113645824177,103.937425593435,484899,6021,0,85600,76979,114,0.9877,1309791,314664,23836,230648,327765,297,0.8019,2843911,1339092,108986,489837,519473,502,0.6753,12.0,0,7,7,3782,4018,401,297.0,314664.0,461.56786935435525,1,185088.71561109644,0.0007331687862959105,13.522565094441774,0.017456359102244388,0.0003795272175233138,-1.7737355957904588,119097.0,17.083313113592087,-2.439592013312614
Sheng Siong Tanglin Halt Road,Sheng Siong Tanglin Halt Road,1,141088,Authorised Retailer,QUEENSTOWN,CENTRAL REGION,residential,95930,21.684,4424.0,1,0,,unique,1.30178506364186,103.798226442608,349561,77521,0,68719,53687,52,0.8185,1597041,360247,36202,180258,263348,155,0.8102,3305915,832556,53321,422672,372946,241,0.795,12.0,4,22,26,3091,4173,1092,155.0,360247.0,343.4075751636616,0,375001.07207871845,0.0014854448579853677,27.397544960682122,0.023809523809523808,0.0014096725222294514,-0.2669992026410767,169260.0,24.27871044280374,0.3493342167282605
Sheng Siong Woodlands Drive 16,Sheng Siong Woodlands Drive 16,1,730573,Authorised Retailer,MANDAI,NORTH REGION,residential,2090,11.7673,177.6,1,0,,unique,1.43109807246887,103.798507621177,302843,97216,0,42069,36963,65,0.757,1121198,182873,30587,243473,159535,243,0.8515,2218592,286439,53380,482419,259543,465,0.8776,12.0,0,6,6,3830,4116,353,243.0,182873.0,338.64176382566484,1,119540.54263045969,0.0004735210045850806,8.733621408567227,0.0169971671388102,0.00032530904359141186,-0.9249988356682742,85779.0,12.304168161841321,-1.7972217272820359
Singapore Pools Anchorvale Road Branch,Singapore Pools Anchorvale Road Branch,1,540308,Branch,SENGKANG,NORTH-EAST REGION,residential,249370,10.603,23518.7,1,0,,unique,1.38955848510235,103.886426650492,358930,0,0,45906,19745,75,1.0,1051196,164079,38299,427100,197219,296,0.8538,3048134,185090,119166,897132,516729,725,0.927,12.0,10,43,53,2173,4160,2010,296.0,164079.0,381.8125856017633,0,767443.2970595442,0.003039977174180277,56.06933900058103,0.0263681592039801,0.0028735632183908046,-0.40990398425189567,594960.0,85.3412593941304,-3.5008814448830785
Singapore Pools Ang Mo Kio N2 Branch,Singapore Pools Ang Mo Kio N2 Branch,1,560202,Branch,ANG MO KIO,NORTH-EAST REGION,residential,162280,13.9426,11639.2,1,0,,unique,1.36844644010937,103.844516260527,607928,19300,108154,33719,28069,101,0.9002,1303532,19300,210960,200730,735595,257,0.9186,3523215,198400,380365,904260,886373,529,0.9053,12.0,17,65,82,1552,4160,2631,257.0,19300.0,267.0938139683569,0,702723.824550747,0.002783612020030698,51.34094009744619,0.031166856708475865,0.0044458902624159614,4.278848655643768,676167.0,96.98961836216044,-1.5220466044518464
Singapore Pools Ang Mo Kio N2A Branch,Singapore Pools Ang Mo Kio N2A Branch,1,561226,Branch,ANG MO KIO,NORTH-EAST REGION,residential,162280,13.9426,11639.2,1,0,,unique,1.36749458006861,103.839283930528,373292,0,17410,72915,172849,61,0.9777,1467963,105647,179893,281740,267119,222,0.8885,3186993,297383,282632,566679,878486,414,0.8835,12.0,12,49,61,1656,4180,2527,222.0,105647.0,277.2529100681348,0,700618.1037421766,0.0027752708914837716,51.187096322526685,0.024139295607439652,0.0033073086098460206,1.3715678255158041,560994.0,80.46916510782371,-2.170364016574414
Singapore Pools Ang Mo Kio N4 Branch,Singapore Pools Ang Mo Kio N4 Branch,1,560447,Branch,SERANGOON,NORTH-EAST REGION,residential,116900,10.1005,11573.6,1,0,,unique,1.36747901420817,103.855967139125,418517,0,32646,68130,38241,82,0.9638,1622056,199591,128801,249215,101581,208,0.8647,3049744,727952,236955,464649,577171,323,0.7892,12.0,15,69,84,1570,4163,2613,208.0,199591.0,312.38520330354004,0,816262.5362321502,0.0032333587221255126,59.63606827088295,0.03214695752009185,0.004554326610279766,3.1549528431244065,543504.0,77.96039371680021,0.6840244355478831
Singapore Pools Ang Mo Kio N6 Branch,Singapore Pools Ang Mo Kio N6 Branch,1,560630,Branch,ANG MO KIO,NORTH-EAST REGION,residential,162280,13.9426,11639.2,1,0,,unique,1.38054138917049,103.841068277331,517575,0,34418,107402,27782,55,0.9688,1259102,107319,88747,588702,371407,91,0.8958,2669416,437226,214311,749438,518315,215,0.8361,12.0,14,71,85,1807,4168,2376,91.0,107319.0,147.1273586150308,0,349574.6040693132,0.001384726169497533,25.539889470212497,0.03577441077441077,0.004608544784211668,11.765657597651671,216216.0,31.014094630162194,9.693951337011248
Singapore Pools Ang Mo Kio N7 Branch,Singapore Pools Ang Mo Kio N7 Branch,1,560726,Branch,ANG MO KIO,NORTH-EAST REGION,residential,162280,13.9426,11639.2,1,0,,unique,1.37278358482637,103.84644830631,314202,19300,108154,10684,215938,59,0.8339,1421997,19300,249858,550566,278737,250,0.9147,3272248,84558,343112,931084,898622,463,0.9308,12.0,14,74,88,1661,4179,2522,250.0,19300.0,260.0938139683569,0,655956.5988281962,0.0025983588563884847,47.92413074722921,0.034892942109436956,0.004771199306007373,5.789030382579326,630500.0,90.43912876159611,-0.2564817937573863
Singapore Pools Balestier Road Branch,Singapore Pools Balestier Road Branch,1,320002,Branch,NOVENA,CENTRAL REGION,residential,49330,8.968,5500.7,1,0,,unique,1.32589620218837,103.842935480003,296458,12730,41481,152873,4006,12,0.9046,1280897,192494,76451,460057,89724,46,0.8511,4277054,332596,153465,669583,335564,202,0.9141,12.0,5,23,28,2129,4124,2054,46.0,192494.0,146.67350393911363,1,301267.3770909394,0.0011933727914370713,22.010567765265343,0.013631937682570594,0.0015181088700932553,1.2766446597966146,94484.0,13.552816244108877,3.9243562163370136
Singapore Pools Bedok North Branch,Singapore Pools Bedok North Branch,1,460509,Branch,BEDOK,EAST REGION,residential,276990,21.734,12744.6,1,0,,unique,1.33306648174585,103.931091390071,494842,0,30226,89172,14304,58,0.9712,1606954,16679,255412,135810,234538,253,0.9232,3016412,355966,371163,659055,796999,477,0.8553,12.0,6,45,51,1601,4144,2582,253.0,16679.0,261.72304265172147,0,675768.8961267448,0.0026768388324159365,49.37161542507953,0.019752130131680867,0.0027651268705270004,0.23174923600061975,653246.0,93.7018225329066,-4.411358896120038
Singapore Pools Bedok Town Centre Branch,Singapore Pools Bedok Town Centre Branch,1,460204,Branch,BEDOK,EAST REGION,residential,276990,21.734,12744.6,1,0,,unique,1.32635909520616,103.929995919076,355098,116078,143484,26411,45564,73,0.6944,1755102,417566,277003,156456,142202,264,0.773,3723386,590850,344552,413581,363364,421,0.8362,12.0,11,68,79,2754,4156,1429,264.0,417566.0,482.38515665859677,0,689328.3888651348,0.0027305503555683374,50.36227075810241,0.055283414975507345,0.004283235740620256,4.035393841859623,377256.0,54.113725551284226,3.383032491741245
Singapore Pools Bencoolen Branch,Singapore Pools Bencoolen Branch,1,189646,Branch,ROCHOR,CENTRAL REGION,commercial,13120,1.5885,8259.6,1,0,,unique,1.30166188823652,103.853356123694,48844,197468,85158,109821,22119,15,0.2758,477376,960035,155507,279661,146874,54,0.3485,1096438,1390208,256936,1011360,671291,114,0.4465,12.0,10,58,68,3064,4160,1119,54.0,960035.0,556.0940255498194,0,622269.214590248,0.0024649172333609825,45.46293345210996,0.06076854334226988,0.0036868358273693344,3.3424787872041186,60426.0,8.667525447340534,20.153241026107317
Singapore Pools Beo Crescent Branch,Singapore Pools Beo Crescent Branch,1,160036,Branch,RIVER VALLEY,CENTRAL REGION,residential,10070,1.4757,6823.9,1,0,,unique,1.28835977080873,103.827056911096,454463,15386,1634,85270,32916,69,0.9656,1773764,164127,111037,176900,91338,265,0.8928,3455096,418829,151307,686030,301226,375,0.8772,12.0,10,40,50,1612,4160,2571,265.0,164127.0,350.8376893877986,0,902003.6994160302,0.0035729944710666335,65.90031002435299,0.019447685725398678,0.0027109086965950986,-1.958672669592619,681315.0,97.72804918668811,-4.827964507813283
Singapore Pools Bishan N1 Branch,Singapore Pools Bishan N1 Branch,1,570152,Branch,TOA PAYOH,CENTRAL REGION,residential,121850,8.1802,14895.7,1,0,,unique,1.34552772598093,103.854821241123,433247,24932,19938,135344,46417,84,0.927,1311166,243621,19938,349788,130268,208,0.839,3223499,552456,20559,717398,260409,402,0.8518,12.0,5,28,33,1595,4100,2588,208.0,243621.0,335.4126970354962,1,868048.0599278641,0.0034384902420581545,63.4195140245206,0.012751159196290572,0.0017891997397527651,-3.8198016914706567,538304.0,77.21450399505508,-5.031706658340193
Singapore Pools Bishan N2 Branch,Singapore Pools Bishan N2 Branch,1,570279,Branch,BISHAN,CENTRAL REGION,residential,87320,7.6081,11477.2,1,0,,unique,1.35722283118337,103.843785252615,480550,51671,37254,102806,18175,82,0.8766,1159545,363218,70633,265441,584999,159,0.7499,2862300,664920,123394,823791,684358,380,0.801,12.0,12,54,66,2091,4173,2092,159.0,363218.0,348.96139492013765,0,730027.238172928,0.002891765618487618,53.335725067385624,0.03154875717017208,0.0035783994795055302,1.7340883815875165,332628.0,47.71227045473781,2.647553523140588
Singapore Pools Bukit Batok Central Branch,Singapore Pools Bukit Batok Central Branch,1,650642,Branch,BUKIT BATOK,WEST REGION,residential,158030,11.1402,14185.6,1,0,,unique,1.34900647948549,103.751706683374,408675,58521,0,64738,46091,81,0.8747,1479649,300663,80299,155241,654272,282,0.8168,2921062,661903,131832,420217,940833,481,0.8041,12.0,19,75,94,1576,4168,2607,282.0,300663.0,439.2454087651861,0,1145112.7806508401,0.0045359920770414505,83.66183786895252,0.03605677023398542,0.005096508349598785,1.1302633318688193,735174.0,105.45360197966322,-1.115350529397208
Singapore Pools Bukit Batok N3 Branch,Singapore Pools Bukit Batok N3 Branch,1,650324,Branch,BUKIT BATOK,WEST REGION,residential,158030,11.1402,14185.6,1,0,,unique,1.36216472766267,103.747628122263,346021,0,0,103057,108549,99,1.0,1397080,0,109088,153889,482793,183,0.9638,2875675,13499,158892,646122,1180713,420,0.9695,12.0,5,29,34,1845,4160,2338,183.0,0.0,183.0,0,427854.0,0.0016948045528122093,31.25897517206839,0.01454234388366125,0.0018434179136846672,0.4902590299694207,427854.0,61.371519424526475,-3.4939402068933805
Singapore Pools Bukit Gombak Branch,Singapore Pools Bukit Gombak Branch,1,650374,Branch,BUKIT BATOK,WEST REGION,residential,158030,11.1402,14185.6,1,0,,unique,1.35798291106742,103.750736425731,358950,0,36836,22798,222514,68,0.9535,1328783,37963,36836,165455,913247,219,0.9598,3138327,71118,239191,427142,1149603,469,0.9447,12.0,12,62,74,1784,4160,2399,219.0,37963.0,238.8544797762038,0,573011.8969831129,0.002269800380088863,41.864198210358985,0.030846185910796166,0.004012144870960746,4.966697971924983,525381.0,75.36082459618736,-0.1567578612180685
Singapore Pools Bukit Panjang Branch,Singapore Pools Bukit Panjang Branch,1,670257,Branch,BUKIT PANJANG,WEST REGION,residential,138270,9.0199,15329.4,1,0,,unique,1.37850873559017,103.773212348159,388738,3232,30420,55940,103748,80,0.9563,1284674,3232,43309,116866,1091945,231,0.9813,2333586,14731,117139,388545,1320600,380,0.9703,12.0,20,82,102,1580,4171,2603,231.0,3232.0,232.69032159304297,0,605692.9071066908,0.0023992555791706566,44.25186990222359,0.039185555128697654,0.005530253741054001,8.681047104010666,601293.0,86.24966701101731,1.6959421203320957
Singapore Pools Canberra Branch,Singapore Pools Canberra Branch,1,750505,Branch,SEMBAWANG,NORTH REGION,residential,102640,12.6362,8122.7,1,0,,unique,1.45026201889682,103.822534715231,391737,0,8564,13979,161731,90,0.9893,2069316,34211,8564,237256,228840,273,0.9818,3529520,463901,44544,306840,320212,380,0.8796,12.0,8,56,64,1759,4177,2424,273.0,34211.0,290.8922005011118,0,705122.694014695,0.002793114361691875,51.51620128704494,0.026402640264026403,0.003469963131641726,1.7393013811737648,661752.0,94.9219259892843,-3.1738271108938503
Singapore Pools Chai Chee Branch,Singapore Pools Chai Chee Branch,1,461036,Branch,BEDOK,EAST REGION,residential,276990,21.734,12744.6,1,0,,unique,1.32534102499628,103.92543538387,498698,173480,84830,39597,24294,68,0.7148,1520504,466218,222520,127707,82389,189,0.7386,3857897,616046,348483,418612,352733,349,0.8361,12.0,7,28,35,1996,4178,2187,189.0,466218.0,432.82993578753457,0,946599.0695673381,0.0037496445347958082,69.15844379977389,0.01600365797896662,0.001897636087616569,-4.107480124612562,413343.0,59.290056779864265,-3.154551318054958
Singapore Pools Changi Road Branch,Singapore Pools Changi Road Branch,1,419799,Branch,GEYLANG,CENTRAL REGION,residential,110110,9.6448,11416.5,1,0,,unique,1.31786851894401,103.907753065671,500416,8394,1202,65555,17410,2,0.9824,2054528,24398,11133,167542,74776,70,0.9857,4194585,334643,75284,401640,170879,191,0.9191,12.0,4,27,31,1744,4124,2439,70.0,24398.0,82.76004524352184,1,201851.75034894978,0.0007995700998109485,14.747270920913133,0.012710127101271012,0.0016807633918889612,4.232241746231723,170730.0,24.489567729527842,1.315586067503903
Singapore Pools Cheong Chin Nam Road Branch,Singapore Pools Cheong Chin Nam Road Branch,1,599730,Branch,BUKIT PANJANG,WEST REGION,residential,138270,9.0199,15329.4,1,0,,unique,1.34248911530733,103.775237429914,433475,23006,69877,39844,23429,11,0.8899,1420468,23006,92816,395014,219603,21,0.9548,2446608,36093,92816,494861,2419744,21,0.968,11.0,6,39,45,2224,4144,1959,21.0,23006.0,33.032035448498384,0,64709.75744360833,0.0002563266710765849,4.727689121336532,0.022970903522205207,0.002439817826935589,18.521753297075918,41139.0,5.900991781321653,16.095454191386494
Singapore Pools Chin Swee Branch,Singapore Pools Chin Swee Branch,1,160052,Branch,SINGAPORE RIVER,CENTRAL REGION,mixed,3260,0.9576,3404.4,1,0,,unique,1.28708278284998,103.841580109275,131890,166770,47010,53864,105557,23,0.4495,518084,638607,158154,250395,237307,59,0.4542,1507554,1282622,268290,737367,733721,199,0.5368,12.0,10,39,49,1620,4169,2563,59.0,638607.0,392.98861434665776,0,1007229.8185704838,0.003989813539762329,73.5881209273764,0.01911822083495903,0.0026566905226631968,-2.866298944090812,151217.0,21.69061654867927,5.863756764902618
Singapore Pools Chinatown Point Branch,Singapore Pools Chinatown Point Branch,1,059413,Branch,OUTRAM,CENTRAL REGION,commercial,18340,1.3732,13355.8,1,0,,unique,1.28533894878838,103.845015574621,39322,279763,76120,43471,47242,21,0.1958,258628,845753,161064,191752,286300,43,0.268,964772,1230513,198099,737216,846845,127,0.4445,11.0,7,85,92,2821,4160,1362,43.0,845753.0,485.3250489730442,0,661012.7167012863,0.0026183870239196248,48.29353026917356,0.06754772393538913,0.004988072001734982,6.289284665061197,58566.0,8.400726431485548,28.843242583872485
Singapore Pools Choa Chu Kang Branch,Singapore Pools Choa Chu Kang Branch,1,680303,,CHOA CHU KANG,WEST REGION,residential,192070,6.1173,31397.9,1,0,,unique,1.3846968155873416,103.74378458764835,564050,17623,0,20208,105979,78,0.9697,1212117,60101,0,175428,243401,261,0.9528,2631968,61727,47724,527735,452842,510,0.9688,0.0,15,80,95,1638,3551,2545,261.0,60101.0,292.4325550938973,1,744240.8527139686,0.002948068232547726,54.37417048111026,0.03732809430255403,0.005150726523530687,5.5094204849129795,664245.0,95.27952273472864,-0.02863632944439562
Singapore Pools Circuit Road 64 Branch,Singapore Pools Circuit Road 64 Branch,1,370064,Branch,GEYLANG,CENTRAL REGION,mixed,110110,9.6448,11416.5,1,0,,unique,1.32698404492367,103.887148432844,490596,56078,0,35773,12620,101,0.8974,1069743,872720,0,173347,53032,144,0.5507,1953301,2501201,5917,337819,87916,213,0.4386,12.0,12,27,39,1648,4160,2535,144.0,872720.0,600.4286697649966,0,1522086.6778542663,0.006029251640518076,111.2035172577154,0.015384615384615385,0.002114508783344177,-6.846980516124221,365040.0,52.36145846650761,-1.8464944159542034
Singapore Pools Circuit Road 88 Branch,Singapore Pools Circuit Road 88 Branch,1,370088,Branch,GEYLANG,CENTRAL REGION,residential,110110,9.6448,11416.5,1,0,,unique,1.32354065999154,103.885851746701,535587,53100,0,51603,26209,95,0.9098,1308946,569714,0,270641,55521,160,0.6967,2190592,2203983,27553,353313,104509,212,0.4985,12.0,11,39,50,2012,4156,2171,160.0,569714.0,457.95788244396283,0,994226.5627858433,0.003938305368504866,72.63810421670375,0.023030861354214647,0.0027109086965950986,-2.6561818476616805,347360.0,49.825433412574185,0.024730652751426295
Singapore Pools Clementi N3 Branch,Singapore Pools Clementi N3 Branch,1,120325,Branch,CLEMENTI,WEST REGION,residential,91990,9.5213,9661.5,1,0,,unique,1.315096685325,103.766817400667,504801,3788,57538,41245,10107,96,0.9425,1507523,3788,151120,273569,168708,199,0.9523,3313731,332565,202558,928936,346522,252,0.8873,12.0,13,74,87,1749,4160,2434,199.0,3788.0,200.98110711461845,0,489188.0147169813,0.0019377593163170286,35.74003283015128,0.03574363188167625,0.0047169811320754715,8.574342950908676,484366.0,69.4776194159227,2.1021836029002574
Singapore Pools Clementi N7 Branch,Singapore Pools Clementi N7 Branch,1,120722,Branch,CLEMENTI,WEST REGION,residential,91990,9.5213,9661.5,1,0,,unique,1.30297959881951,103.76371403028,386354,86084,51438,63795,29336,36,0.7866,839460,392942,51438,255898,492648,67,0.6739,1547433,1003621,144370,561016,664519,155,0.6009,12.0,22,79,101,1722,4128,2461,67.0,392942.0,272.50691442249206,1,670639.516393753,0.002656520461839578,48.99686339816918,0.041040227549776515,0.005476035567122099,7.429257300210269,164887.0,23.651445874882313,15.904622011032401
Singapore Pools Clementi Town Centre Branch,Singapore Pools Clementi Town Centre Branch,1,120446,Branch,CLEMENTI,WEST REGION,residential,91990,9.5213,9661.5,1,0,,unique,1.31251305732378,103.764927758669,432508,3788,57538,37188,94113,70,0.9341,1666160,33782,144008,277695,201284,200,0.9426,2916488,692514,202558,1020973,393700,254,0.7917,12.0,15,98,113,1989,4167,2194,200.0,33782.0,217.6678354134214,0,477563.2308970465,0.0018917115136939768,34.89072715857171,0.05150410209662717,0.006126653654304923,13.223535467841238,438800.0,62.94161728879996,6.309687715772882
Singapore Pools Commonwealth Crescent Branch,Singapore Pools Commonwealth Crescent Branch,1,140116,Branch,QUEENSTOWN,CENTRAL REGION,residential,95930,21.684,4424.0,1,0,,unique,1.30697208675745,103.800028892853,556253,44917,16354,52067,14194,52,0.914,1969121,266811,36202,123004,81294,108,0.8746,3811908,428233,57215,270631,523032,208,0.8937,12.0,6,38,44,1903,4138,2280,108.0,266811.0,247.54096366379653,0,564393.3971534561,0.002235660994341123,41.23453137962767,0.01929824561403509,0.0023855996530036867,0.4306636365410624,246240.0,35.320747131253654,1.4603851255801048
Singapore Pools Empress Road Branch,Singapore Pools Empress Road Branch,1,260008,Branch,BUKIT TIMAH,CENTRAL REGION,residential,77860,17.5149,4445.3,1,0,,unique,1.31641190098174,103.805373811937,638215,3807,0,8019,2086,10,0.9941,2158483,3807,9277,71658,87223,10,0.9961,4087306,48620,33212,462112,1002496,59,0.9844,12.0,4,27,31,1901,3988,2282,10.0,3807.0,11.99104402992408,1,27363.56247628675,0.00010839185859188441,1.9991794398687162,0.013584574934268186,0.0016807633918889612,20.510884913309912,22820.0,3.2733083558122495,15.32514502332733
Singapore Pools Everton Park Branch,Singapore Pools Everton Park Branch,1,080007,,OUTRAM,CENTRAL REGION,mixed,18340,1.3732,13355.8,1,0,,unique,1.27692435153003,103.838679504443,218842,107612,30056,179180,60812,43,0.656,528029,497630,68507,356763,174337,75,0.5139,1575280,882486,136560,498967,275474,248,0.6335,0.0,4,30,34,2056,4046,2127,75.0,497630.0,335.2582717654634,1,713094.3440451407,0.0028246914622098666,52.098609328998776,0.015984955336154207,0.0018434179136846672,-2.5074491829766754,159525.0,22.88231881949821,2.3241502443996063
Singapore Pools Fajar Road Branch,Singapore Pools Fajar Road Branch,1,670445,Branch,BUKIT PANJANG,WEST REGION,residential,138270,9.0199,15329.4,1,0,,unique,1.38358032362676,103.770768501474,463647,0,12889,95001,53855,102,0.9865,1247814,14731,74729,147526,338975,332,0.961,2273368,18647,117139,246949,1232851,438,0.9679,12.0,6,39,45,2048,4124,2135,332.0,14731.0,339.70424733512255,1,725268.5680604866,0.0028729156935788946,52.98805705236913,0.02107728337236534,0.002439817826935589,-1.0973676681996822,708820.0,101.6733754937265,-5.620506561420542
Singapore Pools Funan Branch,Singapore Pools Funan Branch,1,179105,Branch,DOWNTOWN CORE,CENTRAL REGION,commercial,3190,5.0836,627.5,1,0,,unique,1.29134759697794,103.849989790085,0,182734,0,134099,355828,0,0.0,42379,883797,121869,362571,530293,16,0.0986,723072,1593321,305897,502540,794878,54,0.3341,11.0,6,12,18,3610,4160,573,16.0,883797.0,478.22189138818254,0,274021.14376542857,0.0010854456941397236,20.019960382713062,0.031413612565445025,0.0009759271307742355,-0.4514516502474859,9168.0,1.3150609555690929,14.549621064203297
Singapore Pools Gek Poh Shopping Centre (Jurong West N7) Branch,Singapore Pools Gek Poh Shopping Centre (Jurong West N7) Branch,1,640762,,JURONG WEST,WEST REGION,mixed,262730,14.6804,17896.7,1,0,,unique,1.34874357136408,103.697732091001,432555,13751,0,81047,14157,84,0.9692,1292992,760665,10155,237182,83313,285,0.629,2336684,1271025,74189,402233,269338,517,0.6447,0.0,17,78,95,1760,4073,2423,285.0,760665.0,682.8244042611503,1,1654483.5315247672,0.006553698742517302,120.87641960698912,0.039207593891869584,0.005150726523530687,-2.3536039874503367,690555.0,99.05343784609676,-0.4072759276109105
Singapore Pools Geylang Bahru Branch,Singapore Pools Geylang Bahru Branch,1,330057,Branch,KALLANG,CENTRAL REGION,mixed,101290,8.5847,11798.9,1,0,,unique,1.32353780675049,103.86914775647,335698,77591,8020,63000,20419,49,0.8063,1091222,620991,50558,201957,104393,107,0.6334,2676822,1313874,52519,563700,199499,362,0.6685,12.0,6,38,44,2183,4178,2000,107.0,620991.0,431.77552487170567,0,863551.0497434114,0.0034206767979051175,63.09096286056199,0.022,0.0023855996530036867,-2.403500711643943,214000.0,30.696230856433893,2.401221226970213
Singapore Pools Geylang Rd Branch,Singapore Pools Geylang Rd Branch,1,389233,,KALLANG,CENTRAL REGION,mixed,101290,8.5847,11798.9,1,0,,unique,1.31130947616377,103.874198645525,190024,157879,1961,37732,44282,31,0.5459,668505,528179,5373,77239,649128,65,0.5584,1839303,1231318,47428,252442,772397,206,0.5975,0.0,4,19,23,1836,3551,2347,65.0,528179.0,341.23526259029944,1,800879.1612994327,0.0031724224824886582,58.51216026702081,0.0097997443544951,0.0012470180004337454,-4.642522590882214,152555.0,21.882539711697532,0.23888189508424476
Singapore Pools Ghim Moh Branch,Singapore Pools Ghim Moh Branch,1,270021,Branch,QUEENSTOWN,CENTRAL REGION,residential,95930,21.684,4424.0,1,0,,unique,1.31010302594118,103.788545950724,395723,45719,21013,15740,53537,50,0.8784,1573016,273341,46930,168505,166194,108,0.8432,3368062,462432,63284,772611,265212,162,0.8731,12.0,11,52,63,1691,4170,2492,108.0,273341.0,250.95612455568101,0,625382.6623927571,0.0024772501448462924,45.69040167154502,0.025280898876404494,0.0034157449577098243,2.5607931659101877,269136.0,38.60495695222986,3.926269013584245
Singapore Pools Great World City Branch,Singapore Pools Great World City Branch,1,237994,,RIVER VALLEY,CENTRAL REGION,residential,10070,1.4757,6823.9,1,0,,unique,1.29380235105066,103.831757911057,384847,21668,38813,92866,21425,7,0.9078,1705886,174564,63973,182830,61746,97,0.8938,3389630,643829,266161,384771,258091,244,0.8193,0.0,1,25,26,2615,3941,1568,97.0,174564.0,188.29619386384735,1,295248.4319785127,0.001169530696751343,21.57082417088177,0.016581632653061226,0.0014096725222294514,0.9536511829280326,152096.0,21.816700599720416,0.8956212977265415
Singapore Pools Holland Drive Branch,Singapore Pools Holland Drive Branch,1,270046,Branch,QUEENSTOWN,CENTRAL REGION,residential,95930,21.684,4424.0,1,0,,unique,1.30878949399241,103.792695569227,290562,99992,36967,15740,72988,44,0.7229,1569490,368362,57215,154703,145070,130,0.801,3934725,545378,63284,484688,297923,191,0.873,12.0,12,81,93,1945,4162,2238,130.0,368362.0,322.6516839902531,0,722094.4687701864,0.002860342530938651,52.75615764063248,0.04155495978552279,0.0050422901756668834,5.540677347998453,290940.0,41.732529931639604,7.936052455909392
Singapore Pools Hougang N1 Branch,Singapore Pools Hougang N1 Branch,1,530106,Branch,HOUGANG,NORTH-EAST REGION,mixed,227560,13.933,16332.4,1,0,,unique,1.3537029714401,103.890680792553,261690,387136,6463,31050,19622,47,0.4043,1015901,1054033,83797,180993,88410,118,0.4911,2371483,2063370,138037,341266,124856,177,0.5337,12.0,31,101,132,1580,4177,2603,118.0,1054033.0,669.2545605445144,0,1742069.6210973712,0.006900642567678846,127.27545151826864,0.050710718401844025,0.0071567989590110605,0.4187819807899022,307154.0,44.05827146017334,13.248944182348923
Singapore Pools Hougang N2 Branch,Singapore Pools Hougang N2 Branch,1,530211,Branch,HOUGANG,NORTH-EAST REGION,residential,227560,13.933,16332.4,1,0,,unique,1.35962289225618,103.887717332865,468390,0,94892,48720,21025,41,0.9158,1813159,509915,113837,176596,99945,133,0.7674,3413360,1501585,185811,362320,272795,280,0.6874,12.0,14,76,90,1917,4177,2266,133.0,509915.0,399.6832720038709,0,905682.2943607715,0.0035875660292624192,66.16906784371606,0.03971756398940865,0.004879635653871178,2.9296350441310786,301378.0,43.22976010771184,7.113415627841145
Singapore Pools Hougang N3 Branch,Singapore Pools Hougang N3 Branch,1,530322,Branch,HOUGANG,NORTH-EAST REGION,mixed,227560,13.933,16332.4,1,0,,unique,1.36709855359263,103.89697867894,404200,136577,5286,30400,28772,59,0.745,1112772,840461,63542,136903,220228,166,0.5675,2177150,1742675,151972,350458,358398,338,0.5534,12.0,14,45,59,2006,4158,2177,166.0,840461.0,605.5573565626532,0,1318298.365236896,0.005222010478734298,96.31476126977539,0.027101515847496555,0.0031988722619822165,-3.8021937288493497,361382.0,51.836753735326134,0.9949264665944249
Singapore Pools IMM Branch,Singapore Pools IMM Branch,1,609601,Branch,BUKIT BATOK,WEST REGION,commercial,158030,11.1402,14185.6,1,0,,unique,1.33487526118006,103.746894773008,553,292975,0,63528,40347,14,0.0019,398597,868603,55941,122930,75291,87,0.3224,1350286,1561972,99906,250659,279924,221,0.4649,12.0,11,60,71,2543,4182,1640,87.0,868603.0,541.2754971169279,0,887691.8152717617,0.0035163025939145514,64.85468504215999,0.043292682926829265,0.0038494903491650403,0.7630859701516841,142680.0,20.466066442037324,11.170327728422052
Singapore Pools Jalan Batu Branch,Singapore Pools Jalan Batu Branch,1,431007,Branch,MARINE PARADE,CENTRAL REGION,residential,46220,6.1331,7536.2,1,0,,unique,1.30237002555566,103.88359641393,324215,3808,0,74415,55425,22,0.9884,1191105,44099,0,169505,659286,76,0.9643,2342952,335895,3412,195750,1211293,81,0.8741,12.0,5,36,41,2140,4142,2043,76.0,44099.0,99.06358042438191,0,202386.89480701226,0.0008016899006400549,14.786368527405173,0.020068526676456193,0.0022229451312079807,6.817049170160634,155268.0,22.27169332998494,3.968458958295822
Singapore Pools Jalan Tiga Branch,Singapore Pools Jalan Tiga Branch,1,390043,Branch,GEYLANG,CENTRAL REGION,residential,110110,9.6448,11416.5,1,0,,unique,1.30813368626522,103.884729523853,413429,20137,0,41477,21997,62,0.9536,1388700,266063,3412,192767,186662,84,0.8385,3091060,599707,29514,390964,771560,176,0.8348,12.0,12,65,77,2144,4178,2039,84.0,266063.0,223.1497629980799,0,455002.3667530849,0.0018023439834931048,33.242432431546824,0.03776360961255518,0.004174799392756452,7.589388322671244,171276.0,24.56788615031108,10.57824135205648
Singapore Pools Jurong East Branch,Singapore Pools Jurong East Branch,1,600351,Branch,TENGAH,WEST REGION,residential,10,7.3635,1.4,1,0,,unique,1.34483235593159,103.730778253202,363418,0,43091,65516,225945,43,0.947,933896,0,128848,238686,543934,142,0.9394,2836159,2365,243477,611497,1412485,449,0.9597,12.0,15,83,98,1605,4179,2578,142.0,0.0,142.0,0,366076.0,0.0014500910859201557,26.745479988711352,0.03801396431342126,0.0053133810453263935,13.778033003592824,366076.0,52.51006264953221,6.277606228394529
Singapore Pools Jurong West N2 Branch,Singapore Pools Jurong West N2 Branch,1,640276,Branch,JURONG WEST,WEST REGION,mixed,262730,14.6804,17896.7,1,0,,unique,1.35360972722828,103.703730685947,178020,316323,0,71583,39074,30,0.3601,728781,1325587,0,186811,65106,134,0.3547,1792744,1848477,42009,418647,1802032,350,0.4924,12.0,8,37,45,1972,3975,2211,134.0,1325587.0,827.2760920659232,1,1829107.4395577563,0.007245414595037486,133.6344267908714,0.0203527815468114,0.002439817826935589,-7.667314238894002,296274.0,42.497640657752775,0.3838550558039783
Singapore Pools Jurong West N4 Branch,Singapore Pools Jurong West N4 Branch,1,640498,Branch,TENGAH,WEST REGION,residential,10,7.3635,1.4,1,0,,unique,1.34833335760515,103.724307319237,374619,0,40924,108569,86612,72,0.9508,1407192,0,130874,287248,240592,218,0.9575,2756676,272676,201480,619524,1301935,404,0.8844,12.0,17,103,120,2139,4171,2044,218.0,0.0,218.0,0,445592.0,0.0017650678743138966,32.55491187384551,0.05870841487279843,0.006506180871828237,15.325941296870749,445592.0,63.91586401766398,7.015129645702966
Singapore Pools Jurong West N5 Branch,Singapore Pools Jurong West N5 Branch,1,640508,Branch,JURONG WEST,WEST REGION,residential,262730,14.6804,17896.7,1,0,,unique,1.34872718063365,103.718715391434,649973,0,46859,81056,25440,87,0.9664,1532549,134820,129792,322581,171821,229,0.8889,2327384,1014169,196125,612717,395796,379,0.6856,12.0,20,118,138,2143,4170,2040,229.0,134820.0,299.51025902662576,0,611000.9284143165,0.002420281580279886,44.63967346668222,0.06764705882352941,0.007482108002602472,13.973392476759233,467160.0,67.00958507893297,8.672239238628162
Singapore Pools King George's Ave Branch,Singapore Pools King George's Ave Branch,1,200803,Branch,KALLANG,CENTRAL REGION,mixed,101290,8.5847,11798.9,1,0,,unique,1.30811749102335,103.861188606169,196619,154578,57365,66015,59302,39,0.5515,593140,856977,102623,158830,181347,96,0.415,1554345,1295205,197017,310988,405898,223,0.5425,12.0,29,68,97,1883,4155,2300,96.0,856977.0,544.1951509409632,0,1251648.8471642155,0.004958000076418744,91.44535340946732,0.04217391304347826,0.005259162871394492,0.5808655381421988,220800.0,31.671625107946745,11.60824807809576
Singapore Pools LOT One Branch,Singapore Pools LOT One Branch,1,689812,Authorised Retailer (FairPrice),CHOA CHU KANG,WEST REGION,residential,192070,6.1173,31397.9,3,1,689812,concurrent,1.38493874036122,103.745022476677,405645,17623,0,20208,130652,62,0.9584,1259567,48764,39224,179594,243694,285,0.9493,2732545,67371,47724,533903,409848,538,0.968,11.0,6,21,27,3713,4144,470,285.0,48764.0,310.50335462968684,0,145936.57667595282,0.0005780803137804786,10.662113307367148,0.0574468085106383,0.0014638906961613532,5.003503789469255,133950.0,19.213832351492147,1.7763017842394684
Singapore Pools Lengkok Bahru Branch,Singapore Pools Lengkok Bahru Branch,1,152063,Branch,TANGLIN,CENTRAL REGION,residential,21810,7.5523,2887.9,1,0,,unique,1.28907506834277,103.815318433481,326641,87296,20719,102511,24334,51,0.7753,1301627,387944,85048,297351,235956,178,0.7574,3068228,671035,162293,490958,681762,378,0.8072,12.0,5,41,46,2176,4050,2007,178.0,387944.0,380.89298270156735,1,764452.2162820457,0.0030281289798907915,55.85081090510576,0.0229197807673144,0.002494036000867491,-1.31812695420268,357246.0,51.243484525876546,-0.732488252190293
Singapore Pools Lorong 25A Geylang Branch,Singapore Pools Lorong 25A Geylang Branch,1,388251,Branch,GEYLANG,CENTRAL REGION,residential,110110,9.6448,11416.5,1,0,,unique,1.31549499038814,103.883256085887,376906,129308,3408,62504,7925,22,0.7429,1366174,505268,9329,218281,73368,137,0.7289,2776955,1196935,29514,417720,266162,266,0.6973,12.0,17,85,102,2151,4173,2032,137.0,505268.0,401.25291171832924,0,815345.916611645,0.00322972783143376,59.569100122964265,0.05019685039370079,0.005530253741054001,5.497582085952289,278384.0,39.93149313428735,9.822307431265365
Singapore Pools Lorong Lew Lian Branch,Singapore Pools Lorong Lew Lian Branch,1,531002,Branch,SERANGOON,NORTH-EAST REGION,residential,116900,10.1005,11573.6,1,0,,unique,1.35060795612848,103.875680063863,469141,19983,28901,46346,15719,49,0.9335,1896161,19983,121062,210972,132419,162,0.9605,4311579,80126,152966,687451,327243,272,0.9655,12.0,4,36,40,2164,4160,2019,162.0,19983.0,172.4510199238174,0,348178.60922618734,0.0013791963896758366,25.43789821118113,0.01981178801386825,0.002168726957276079,2.8872437496250876,327078.0,46.916176617106004,-1.0097288589873965
Singapore Pools Lucky Plaza Branch,Singapore Pools Lucky Plaza Branch,1,238863,Branch,ORCHARD,CENTRAL REGION,mixed,920,0.9575,960.8,1,0,,unique,1.30450604646634,103.833962339817,190944,259655,29829,15202,8739,0,0.4285,1308759,469272,75524,139916,55643,0,0.7265,3252781,632509,158648,761879,111408,0,0.824,12.0,7,68,75,2989,4170,1194,0.0,469272.0,245.42716417403003,0,293040.03402379184,0.0011607828460637674,21.409478812800128,0.06281407035175879,0.004066363044892648,11.582036605464923,0.0,0.0,
Singapore Pools New Upper Changi Branch,Singapore Pools New Upper Changi Branch,1,462026,Branch,BEDOK,EAST REGION,residential,276990,21.734,12744.6,1,0,,unique,1.3233383625591,103.934207271148,260046,75980,117386,18402,79633,76,0.703,1666252,387331,198149,163215,157974,212,0.784,4299277,477148,344552,404028,249835,407,0.8732,12.0,15,48,63,1672,4177,2511,212.0,387331.0,414.57238643407493,0,1040991.2623359622,0.004123548525536088,76.0547290049876,0.025089605734767026,0.0034157449577098243,-1.4969412270535316,532332.0,76.35787833769703,-1.528658787837164
Singapore Pools Northpoint City Branch,Cold Storage Northpoint | Singapore Pools Northpoint City Branch,2,769098,Branch,YISHUN,NORTH REGION,residential,221610,21.011,10547.3,2,1,769098,replacement_merged,1.42969848626288,103.835776491468,351355,14894,79431,51094,61080,77,0.8775,1381402,16937,172486,357443,214726,348,0.9343,2981205,508015,235256,524027,470758,610,0.832,11.0,10,59,69,2665,4179,1518,348.0,16937.0,356.8579755016612,0,541710.4068115217,0.00214580970090246,39.57731412344497,0.045454545454545456,0.003741054001301236,4.67691154607315,528264.0,75.77436307076258,-0.7782288409334808
Singapore Pools Pasir Ris N2 Branch,Singapore Pools Pasir Ris N2 Branch,1,510259,Branch,PASIR RIS,EAST REGION,residential,147110,15.8032,9308.9,1,0,,unique,1.36645364010349,103.964598499523,369248,163490,15662,62774,35115,71,0.6876,1603717,451979,48784,137355,102923,225,0.7736,3005274,912317,114064,952380,166525,432,0.7596,12.0,14,84,98,1690,4160,2493,225.0,451979.0,461.3830022592738,0,1150227.8246323694,0.004556253661198033,84.03554252713651,0.03931006819093462,0.0053133810453263935,1.5233249794060983,560925.0,80.45926772497748,1.9555083833115394
Singapore Pools Pasir Ris N7 Branch,Singapore Pools Pasir Ris N7 Branch,1,510735,Branch,PASIR RIS,EAST REGION,mixed,147110,15.8032,9308.9,1,0,,unique,1.37966812044177,103.936574613663,386507,135296,13001,91998,13274,97,0.7349,929059,1054303,32965,169042,111204,279,0.4689,1723536,2059923,56801,212912,413365,353,0.4562,12.0,11,58,69,1709,4173,2474,279.0,1054303.0,830.3957693409629,0,2054399.1333495423,0.008137834411958896,150.09421789416987,0.027890056588520614,0.003741054001301236,-6.619236655567406,690246.0,99.00911478378536,-3.0158906849107048
Singapore Pools Peace Centre Branch,Singapore Pools Peace Centre Branch,1,228149,,ROCHOR,CENTRAL REGION,mixed,13120,1.5885,8259.6,1,0,,unique,1.30121862271795,103.849592475825,181433,151024,52623,104420,48536,14,0.5395,410609,595534,175811,712826,328504,42,0.4218,1308248,1419779,272636,1021433,620131,82,0.4814,0.0,8,41,49,1611,3756,2572,42.0,595534.0,353.4616273487802,1,909103.3055410627,0.0036011172530994733,66.41900661616668,0.019051321928460343,0.0026566905226631968,-2.1373576314674163,108024.0,15.494998327268291,8.511652352397098
Singapore Pools People's Park Centre (Chinatown) Branch,Singapore Pools People's Park Centre (Chinatown) Branch,1,058357,Branch,OUTRAM,CENTRAL REGION,commercial,18340,1.3732,13355.8,1,0,,unique,1.28549527021288,103.843851997218,53183,219908,76120,49405,107312,22,0.2613,302133,811859,163042,280192,255724,45,0.3004,1106837,1218079,210207,745682,844879,158,0.4781,12.0,29,140,169,2068,4169,2115,45.0,811859.0,469.5986380588738,0,993201.1194945181,0.00393424340821283,72.56318542107745,0.07990543735224587,0.009162871394491434,11.320997304613707,95175.0,13.651933512902316,42.044459130542286
Singapore Pools Potong Pasir Branch,Singapore Pools Potong Pasir Branch,1,350148,Branch,TOA PAYOH,CENTRAL REGION,residential,121850,8.1802,14895.7,1,0,,unique,1.3323543597317,103.86777426102,389539,0,36968,137857,15096,46,0.9567,1131357,264558,68225,333350,85770,122,0.796,3014163,756603,70513,767890,300316,398,0.7939,12.0,9,31,40,2311,4152,1872,122.0,264558.0,260.36265470676506,0,487398.88961106417,0.0019306722787409887,35.609319509098796,0.021367521367521368,0.002168726957276079,0.7357834203478179,228384.0,32.75947657904578,1.2650319247126238
Singapore Pools Rochor Centre Branch,Singapore Pools Rochor Centre Branch,1,180001,,ROCHOR,CENTRAL REGION,mixed,13120,1.5885,8259.6,1,0,,unique,1.3052787317021182,103.85491101759817,139464,220505,58485,52300,37608,29,0.4032,793039,691162,194233,279613,146473,98,0.5303,1354231,1413568,202315,937345,643893,158,0.49,13.0,9,47,56,1892,3091,2291,98.0,691162.0,459.47464507759025,1,1052656.4118727592,0.0041697562238261566,76.90698379224963,0.024443474465298997,0.0030362177401865105,-2.384012306774184,224518.0,32.20493625899451,4.193007609262812
Singapore Pools Serangoon Central Branch,Singapore Pools Serangoon Central Branch,1,550254,Branch,SERANGOON,NORTH-EAST REGION,residential,116900,10.1005,11573.6,1,0,,unique,1.35406229913885,103.871216925982,489632,0,83592,11685,73202,85,0.9271,1938751,19983,107199,233348,112832,144,0.9644,4491553,81356,110969,411788,254081,204,0.9708,12.0,20,68,88,1900,4160,2283,144.0,19983.0,154.4510199238174,0,352611.67848607514,0.0013967565526393467,25.761777856880112,0.038545773105562856,0.004771199306007373,12.262224495537806,328752.0,47.156295731375494,5.947785279194555
Singapore Pools Siglap Branch,Singapore Pools Siglap Branch,1,459060,Branch,BEDOK,EAST REGION,residential,276990,21.734,12744.6,1,0,,unique,1.31205682541822,103.922171053658,541383,0,2624,7948,15078,0,0.9976,1888382,2133,2624,308342,256477,6,0.9982,3258582,436936,43599,424788,496159,75,0.8773,12.0,15,43,58,1634,4150,2549,6.0,2133.0,7.115549491943279,0,18137.535654963416,7.184595213513435e-05,1.325126741180418,0.022754021184778345,0.0031446540880503146,49.23362897789159,15294.0,2.1937764239172894,37.67787944646376
Singapore Pools Silat Avenue Branch,Singapore Pools Silat Avenue Branch,1,160150,Branch,OUTRAM,CENTRAL REGION,residential,18340,1.3732,13355.8,1,0,,unique,1.27707706824333,103.831425856916,273116,71021,0,182076,34739,22,0.7936,1291786,154077,10688,411645,112584,194,0.8905,2250107,585688,115379,587246,285001,369,0.782,12.0,8,24,32,2159,4058,2024,194.0,154077.0,274.58158418665937,1,555753.1263937986,0.0022014353701305333,40.60327396668755,0.015810276679841896,0.001734981565820863,-1.350153747698559,392656.0,56.32270665029862,-3.2409336748267457
Singapore Pools Sim Lim Square Branch,Singapore Pools Sim Lim Square Branch,1,188504,Branch,ROCHOR,CENTRAL REGION,mixed,13120,1.5885,8259.6,1,0,,unique,1.3030242605718,103.853037814067,99107,193316,90083,81527,20626,22,0.3769,536067,782349,148825,286044,104524,62,0.4161,1261523,1440445,245296,991525,627096,122,0.4696,11.0,10,57,67,2151,4160,2032,62.0,782349.0,471.16503960259337,0,957407.3604724697,0.003792458066126907,69.94809657164468,0.03297244094488189,0.003632617653437432,-0.35249564458790156,125984.0,18.07118667391106,11.509894604531054
Singapore Pools Suntec City Branch,Singapore Pools Suntec City Branch,1,038983,Branch,DOWNTOWN CORE,CENTRAL REGION,commercial,3190,5.0836,627.5,1,0,,unique,1.29485990186642,103.860333693777,0,373629,0,0,193,0,0.0,94967,738316,80098,118496,299022,12,0.1478,479320,1086039,169284,444541,1604228,74,0.3251,11.0,18,55,73,2246,4142,1937,12.0,738316.0,398.13597688401,0,771189.3872243274,0.003054816092751845,56.34302801471503,0.03768714506969541,0.003957926697028844,2.2190953513528204,23244.0,3.334127056200698,38.15302793037425
Singapore Pools Tampines Mart Branch,Singapore Pools Tampines Mart Branch,1,529287,Branch,TAMPINES,EAST REGION,residential,259900,20.7954,12497.9,1,0,,unique,1.35454944260132,103.959900189012,491558,0,16743,129054,28656,102,0.9835,1955002,156830,58745,224361,66711,267,0.9142,3816418,609166,107282,989556,183809,582,0.8538,12.0,16,50,66,1796,4167,2387,267.0,156830.0,349.02139091489187,0,833114.0601138469,0.0033001105566216804,60.867239106330274,0.027649769585253458,0.0035783994795055302,0.6578990085929214,637329.0,91.418682782711,-2.658493247730405
Singapore Pools Tampines N4 Branch,Singapore Pools Tampines N4 Branch,1,520481,Branch,PASIR RIS,EAST REGION,residential,147110,15.8032,9308.9,1,0,,unique,1.36162956418494,103.953251115722,467905,0,48538,44221,27740,124,0.953,1498106,0,123661,292104,183645,395,0.9619,3725557,153594,191379,517418,513776,758,0.9388,12.0,9,32,41,1906,4179,2277,395.0,0.0,395.0,0,899415.0,0.0035627401797519555,65.71117987534507,0.018006148440931048,0.0022229451312079807,-3.048413311415144,899415.0,129.0123854006518,-7.748686479298757
Singapore Pools Tanjong Pagar Branch,Singapore Pools Tanjong Pagar Branch,1,082001,Branch,OUTRAM,CENTRAL REGION,mixed,18340,1.3732,13355.8,1,0,,unique,1.27568847511494,103.842433449984,154759,198299,30056,44450,24786,37,0.4432,317319,547882,65804,336325,164509,55,0.3762,757621,901212,123894,456011,307326,121,0.4597,12.0,20,102,122,1617,4179,2566,55.0,547882.0,341.5398437622443,0,876391.2390939188,0.003471539034486313,64.02906595206557,0.0475448168355417,0.006614617219692041,7.244721827598227,141130.0,20.243733928824835,22.61600294047396
Singapore Pools Teban Gardens Branch,Singapore Pools Teban Gardens Branch,1,600037,Branch,JURONG EAST,WEST REGION,mixed,78600,17.8601,4400.9,1,0,,unique,1.32053143645806,103.742652199249,228218,40224,25539,51863,61695,31,0.8197,414804,386737,25539,62732,73344,63,0.517,1108418,1299705,53615,197770,375702,63,0.4611,12.0,12,52,64,1614,4162,2569,63.0,386737.0,265.26172708188824,0,681457.3768733708,0.0026993718999295422,49.787215322300476,0.02491241728298949,0.003469963131641726,2.0142819381524797,161847.0,23.215387268323624,8.464637741195626
Singapore Pools Teck Whye Branch,Singapore Pools Teck Whye Branch,1,680141,Branch,CHOA CHU KANG,WEST REGION,residential,192070,6.1173,31397.9,1,0,,unique,1.38041161319004,103.75257991701,440268,0,39224,95245,21578,96,0.9591,1341046,24169,81634,349117,174558,206,0.9551,2998090,49670,158144,542807,472560,477,0.9598,12.0,21,81,102,1609,4160,2574,206.0,24169.0,218.6402792643118,0,562780.0788263385,0.0022292703581756686,41.116662486192034,0.039627039627039624,0.005530253741054001,9.494880958662488,530244.0,76.05837492635015,2.9745663272948506
Singapore Pools Telok Blangah Branch,Singapore Pools Telok Blangah Branch,1,090006,Branch,BUKIT MERAH,CENTRAL REGION,residential,151250,14.4612,10459.0,1,0,,unique,1.27814081311562,103.818484019328,161904,73616,7841,78762,58861,35,0.6814,936633,221551,82159,205072,1193933,174,0.7883,2792741,519579,143838,488039,1385370,385,0.8289,12.0,7,38,45,1786,4095,2397,174.0,221551.0,289.870185414686,1,694818.8344390023,0.00275229897111373,50.76340222322164,0.01877346683354193,0.002439817826935589,-0.8089162670693477,417078.0,59.825806416540814,-1.9167878351392418
Singapore Pools Toa Payoh Lorong 1 Branch,Singapore Pools Toa Payoh Lorong 1 Branch,1,310111,Branch,BISHAN,CENTRAL REGION,residential,87320,7.6081,11477.2,1,0,,unique,1.34123713837195,103.845306137194,467695,57587,0,105788,6127,67,0.8904,1569535,202067,621,506008,115265,230,0.8858,3180066,504346,64953,874619,423014,417,0.8568,12.0,17,70,87,1845,4156,2338,230.0,202067.0,335.68014026652713,0,784820.1679431405,0.003108810000067493,57.33889164124484,0.03721129170230967,0.0047169811320754715,3.917082590009643,537740.0,77.13360364831196,1.1234060204083085
Singapore Pools Toa Payoh Lorong 4 Branch,Singapore Pools Toa Payoh Lorong 4 Branch,1,310085,Branch,TOA PAYOH,CENTRAL REGION,residential,121850,8.1802,14895.7,1,0,,unique,1.33628536216028,103.848428644103,560191,99794,45015,48197,27898,127,0.8265,1523291,255633,45015,291511,271542,265,0.8475,3051924,503322,145235,872671,408019,491,0.8444,12.0,9,44,53,1697,4167,2486,265.0,255633.0,398.69491949082794,0,991155.5698541983,0.0039261406281911,72.41373774635665,0.021319388576025743,0.0028735632183908046,-2.2813854959809188,658790.0,94.49705572855179,-4.268822975893536
Singapore Pools Toa Payoh Lorong 8 Branch,Singapore Pools Toa Payoh Lorong 8 Branch,1,310212,Branch,TOA PAYOH,CENTRAL REGION,residential,121850,8.1802,14895.7,1,0,,unique,1.34064293639026,103.85433449712,358835,49296,0,92206,29064,62,0.8792,1568073,258157,20559,241238,106253,298,0.8546,3245345,534730,64953,734382,337993,500,0.8525,12.0,11,56,67,2187,4158,1996,298.0,258157.0,433.0149602398504,0,864297.8606387414,0.003423635046526131,63.14552479812796,0.03356713426853707,0.003632617653437432,0.485058330265328,594808.0,85.31945646380248,-1.9833006034441247
Singapore Pools Upp Serangoon Branch,Singapore Pools Upp Serangoon Branch,1,534766,,HOUGANG,NORTH-EAST REGION,residential,227560,13.933,16332.4,1,0,,unique,1.36294140003047,103.888499486331,475501,0,88429,72547,4212,38,0.9216,1667317,180964,112711,185639,159184,151,0.879,3577676,1008353,166784,420591,264845,375,0.7703,0.0,1,16,17,2237,3284,1946,151.0,180964.0,245.64336533521958,1,478021.98894233734,0.0018935287345772645,34.92424398054307,0.008735868448098663,0.0009217089568423336,-3.0330344280478405,293846.0,42.14936753383025,-3.8737495302928746
Singapore Pools Upp Thomson Branch,Singapore Pools Upp Thomson Branch,1,574424,,BISHAN,CENTRAL REGION,residential,87320,7.6081,11477.2,1,0,,unique,1.35184499157062,103.836053648292,463397,24480,11473,21815,22232,19,0.9395,1041361,369705,11473,205281,58510,48,0.7361,3092660,460579,48726,693911,353422,165,0.8654,0.0,5,18,23,1661,3257,2522,48.0,369705.0,241.35406700369884,1,608694.9569833284,0.0024111472239810236,44.471199399106,0.009119746233148296,0.0012470180004337454,-3.2197109444411356,121056.0,17.36431272222645,1.3524402487676401
Singapore Pools Upper Boon Keng Branch,Singapore Pools Upper Boon Keng Branch,1,380018,Branch,KALLANG,CENTRAL REGION,mixed,101290,8.5847,11798.9,1,0,,unique,1.31480351462869,103.872301458156,410824,33762,1961,59680,35651,45,0.9222,872804,790696,3689,73570,116416,95,0.5246,1861545,1546370,63036,287741,763366,236,0.5454,12.0,11,47,58,1958,4151,2225,95.0,790696.0,508.53048339502215,0,1131480.3255539243,0.004481991537221182,82.66585191250748,0.02606741573033708,0.0031446540880503146,-2.7128953859266702,211375.0,30.31969998728371,5.026993724632069
Singapore Pools Whampoa Drive Branch,Singapore Pools Whampoa Drive Branch,1,320088,Branch,TOA PAYOH,CENTRAL REGION,residential,121850,8.1802,14895.7,1,0,,unique,1.32324726968904,103.855171553668,439475,38363,42818,61971,27351,63,0.8852,1627513,68751,70154,300164,227197,217,0.9412,2989496,672288,167922,757400,398307,400,0.8025,12.0,21,83,104,1848,4169,2335,217.0,68751.0,252.95646653567385,0,590653.3493607985,0.002339681259566258,43.15308115144006,0.04453961456102784,0.005638690088917805,9.262595237972565,506695.0,72.68049856916248,3.6737186338203713
Singapore Pools Woodlands 888 Branch,Singapore Pools Woodlands 888 Branch,1,730888,Branch,MANDAI,NORTH REGION,residential,2090,11.7673,177.6,1,0,,unique,1.43712301500434,103.795314383823,495512,0,15397,40025,60262,126,0.9849,1892446,90419,64941,225325,169231,446,0.94,2936589,793005,79474,774037,307206,623,0.7814,12.0,21,82,103,1956,4160,2227,446.0,90419.0,493.28873394843845,0,1098554.0105031724,0.0043515646424034556,80.26025826448934,0.046250561293219576,0.005584471914985904,2.5382550065517657,993242.0,142.47096134722483,-3.3068502370328696
Singapore Pools Woodlands Centre,Singapore Pools Woodlands Centre,1,731001,,WOODLANDS,NORTH REGION,residential,255130,13.6125,18742.3,1,0,,unique,1.443578459984722,103.77085901032147,203634,3376,0,222684,48077,33,0.9837,600653,260472,28001,308434,162276,92,0.6913,1291245,813124,69198,346184,503627,185,0.61,0.0,0,7,7,2709,3203,1474,92.0,260472.0,228.2256949205108,1,336404.6743128329,0.0013325577734757596,24.57769557398691,0.0047489823609226595,0.0003795272175233138,-3.545613223152562,135608.0,19.45165642046396,-2.823246729372885
Singapore Pools Woodlands N3 Branch,Singapore Pools Woodlands N3 Branch,1,730305,Branch,WOODLANDS,NORTH REGION,residential,255130,13.6125,18742.3,1,0,,unique,1.43036145835565,103.774102414119,392236,0,41197,218181,49567,75,0.9525,1007039,369922,51197,256992,347007,168,0.7231,1856580,772637,51197,330569,1681690,270,0.7022,12.0,9,56,65,2004,4151,2179,168.0,369922.0,361.4675570364001,0,787637.8067823157,0.00311997116049328,57.54474808413806,0.029830197338228545,0.0035241813055736284,0.9827871658616724,366072.0,52.509488888207784,1.7236985431395049
Singapore Pools Woodlands N5 Branch,Singapore Pools Woodlands N5 Branch,1,730548,Branch,MANDAI,NORTH REGION,residential,2090,11.7673,177.6,1,0,,unique,1.43044361849124,103.793804884379,443382,0,15190,85204,63991,110,0.9834,1293808,113618,30587,368878,144971,250,0.9104,2336016,256195,74941,473392,257575,464,0.8899,12.0,13,54,67,1672,4173,2511,250.0,113618.0,309.42170753662043,0,776957.9076244539,0.00307766621133698,56.764475601899264,0.026682596575069693,0.003632617653437432,1.358537975259653,627750.0,90.04466785105782,-2.428518704071136
Singapore Pools Woodlands N8 Branch,Singapore Pools Woodlands N8 Branch,1,730883,Branch,WOODLANDS,NORTH REGION,mixed,255130,13.6125,18742.3,1,0,,unique,1.44275334327795,103.790548015512,312871,95182,11561,280023,40401,87,0.7594,1050880,581400,41490,351617,187099,257,0.6402,2769907,1355985,107474,574881,546770,577,0.667,12.0,12,70,82,1583,4160,2600,257.0,581400.0,561.0696083524716,0,1458780.9817164263,0.005778486701933051,106.57840873045319,0.031538461538461536,0.0044458902624159614,-2.3807793460822495,668200.0,95.84682924424826,-1.414364872134375
Singapore Pools Yishun N1 Branch,Singapore Pools Yishun N1 Branch,1,760101,Branch,YISHUN,NORTH REGION,residential,221610,21.011,10547.3,1,0,,unique,1.4305357538408,103.827667722074,391837,2044,50385,53281,22401,64,0.9387,1120570,39548,50440,194404,110071,167,0.9465,1845813,239558,192080,356958,227658,330,0.8526,12.0,23,95,118,1678,4179,2505,167.0,39548.0,187.68342771091082,0,470146.9864158316,0.0018623344717321594,34.34889699662795,0.047105788423153695,0.006397744523964433,14.273000270014093,418335.0,60.00611091273959,7.486597647391092
Singapore Pools Yishun N2 Branch,Singapore Pools Yishun N2 Branch,1,760256,Branch,YISHUN,NORTH REGION,residential,221610,21.011,10547.3,1,0,,unique,1.43409342098238,103.839979155802,602271,29176,42669,79680,25283,107,0.9251,1288898,406512,122101,191058,98490,275,0.7427,2279210,557385,252209,438831,397390,529,0.7787,12.0,4,48,52,2139,4160,2044,275.0,406512.0,487.603963932886,0,996662.502278819,0.003947954551036922,72.81607373932499,0.025440313111545987,0.0028193450444589027,-2.4394121843327876,562100.0,80.62781011402565,-3.188201015259939
Singapore Pools Yishun N4 Branch,Singapore Pools Yishun N4 Branch,1,760415,Branch,YISHUN,NORTH REGION,residential,221610,21.011,10547.3,1,0,,unique,1.42444263730394,103.845870092641,526689,4918,51124,80516,170424,105,0.9477,1679755,4918,99773,254514,322766,347,0.9693,2656589,80779,195662,410557,469948,552,0.9391,12.0,9,50,59,1763,4138,2420,347.0,4918.0,349.5720920775326,0,845964.462827629,0.0033510132501217717,61.80608838524596,0.024380165289256198,0.0031988722619822165,-0.3569321901721139,839740.0,120.452583641971,-5.599278725218437
Singapore Pools Yishun N7 Branch,Singapore Pools Yishun N7 Branch,1,760761,Branch,YISHUN,NORTH REGION,residential,221610,21.011,10547.3,1,0,,unique,1.42539842469037,103.833259035976,300652,0,79431,114627,79040,74,0.8955,1209635,16937,130035,338054,235489,273,0.9396,3337574,21855,228808,549550,495585,591,0.962,12.0,2,37,39,2239,4152,1944,273.0,16937.0,281.8579755016612,0,547931.9043752294,0.002170454141286988,40.031856181897204,0.020061728395061727,0.002114508783344177,-0.16308585939070094,530712.0,76.1255050013072,-4.255075560144937
Singapore Racecourse - MRT Plaza (Public),Singapore Racecourse - MRT Plaza (Public),1,738078,,SUNGEI KADUT,NORTH REGION,mixed,750,17.5891,42.6,2,1,738078,concurrent,1.41993788166264,103.767403498455,0,0,0,0,1229340,0,0.5,40405,17793,0,0,1382706,3,0.6943,447420,576992,40789,458013,1462290,44,0.4392,0.0,1,1,2,3360,3950,823,3.0,17793.0,12.305659685957218,1,10127.557921542792,4.0117028879711484e-05,0.7399184806573986,0.002430133657351154,0.00010843634786380394,1.4648957020935482,2469.0,0.35415417749782835,2.765622915207468
Soh Choo Trading,Soh Choo Trading,1,730019,Authorised Retailer,WOODLANDS,NORTH REGION,residential,255130,13.6125,18742.3,1,0,,unique,1.44328204285332,103.777294228046,322367,146713,28001,55691,73934,47,0.6767,1085026,275067,28001,302541,460965,148,0.7918,1805224,712068,69198,680106,577711,273,0.7113,11.0,11,59,70,1805,4179,2378,148.0,275067.0,291.8588148618667,0,694040.261741519,0.002749214908437233,50.70651977121632,0.02943650126156434,0.003795272175233138,2.709434599214589,351944.0,50.48296389035874,2.7468911065935977
Springdale Garments Co,Springdale Garments Co,1,560408,Authorised Retailer,SERANGOON,NORTH-EAST REGION,residential,116900,10.1005,11573.6,1,0,,unique,1.36209053459188,103.854587757902,348195,140402,26191,73611,22283,49,0.7018,1132878,161289,89904,158546,462398,163,0.851,3201078,421150,274209,494918,605373,404,0.8567,11.0,20,68,88,1198,4179,2985,163.0,161289.0,247.35342803846197,0,738349.982694809,0.002924733465714889,53.943784041645415,0.02948073701842546,0.004771199306007373,4.636878189216101,486555.0,69.79161030071117,2.179565526606375
Superbowl Jurong Pte Ltd,Superbowl Jurong Pte Ltd,1,618642,Authorised Retailer,JURONG EAST,WEST REGION,commercial,78600,17.8601,4400.9,1,0,,unique,1.32547408835086,103.725247683743,151852,219674,29936,54081,0,20,0.4155,378772,1105532,29936,121822,44965,60,0.26,1147615,2542252,58253,198291,717456,125,0.314,11.0,10,51,61,1572,4160,2611,60.0,1105532.0,638.1883079826705,0,1666309.6721427527,0.0066005441546475125,121.74043638831873,0.023362696284948296,0.0033073086098460206,-5.505040022159159,156660.0,22.471362270882867,8.127724106097224
Tampines Trading - 824,Tampines Rovers Football Club | Tampines Trading - 824,2,520824,Authorised Retailer,PAYA LEBAR,EAST REGION,residential,40,11.6853,3.4,2,1,520824,replacement_merged,1.34903743516549,103.932714940894,422947,0,49837,371457,29609,90,0.9473,1278588,4495,73733,455206,145506,269,0.9695,2140528,692158,125468,682755,852924,439,0.7448,11.0,7,47,54,1718,4164,2465,269.0,4495.0,271.35086496309657,0,668879.882134033,0.0026495502426651454,48.86830467571594,0.021906693711967545,0.0029277813923227064,0.734086483089213,663085.0,95.11313195064704,-4.21560897801656
Tampines Trading - 828,Tampines Trading - 828,1,520828,Authorised Retailer,PAYA LEBAR,EAST REGION,residential,40,11.6853,3.4,1,0,,unique,1.34893084103853,103.934588111014,411848,0,49837,397865,12053,105,0.946,1516843,29689,73733,466421,198049,300,0.9589,2599927,771020,160781,667892,858416,486,0.7589,11.0,23,88,111,1346,4179,2837,300.0,29689.0,315.5272146583704,0,895150.7079857967,0.0035458485729884513,65.399631080199,0.03912583715192104,0.006018217306441119,5.638722304545628,851100.0,122.08206580332188,-1.0029858124130313
Tan Ah Leck Trading - Bukit Batok Street 11,Tan Ah Leck Trading - Bukit Batok Street 11,1,650151,Authorised Retailer,BUKIT BATOK,WEST REGION,residential,158030,11.1402,14185.6,1,0,,unique,1.34874703502592,103.744211483999,452296,0,34996,123719,47499,116,0.9641,1465613,127004,94525,252309,345675,272,0.8967,3138034,448092,188367,513419,670126,611,0.8563,11.0,21,63,84,1240,4180,2943,272.0,127004.0,338.4225258672124,0,995977.4936272062,0.003945241111916406,72.76602706818619,0.02854230377166157,0.004554326610279766,1.3169492560362213,800496.0,114.823411288093,-2.8765072878869002
Tan Ah Leck Trading - Jurong East Street 31,Tan Ah Leck Trading - Jurong East Street 31,1,600352,Betting Centre,TENGAH,WEST REGION,residential,10,7.3635,1.4,4,1,600352,concurrent,1.34492289474517,103.730400848037,363418,0,43091,65516,225945,41,0.947,899033,0,128848,206545,556787,143,0.9373,2854151,4879,181715,608707,1412485,446,0.9685,11.0,3,7,10,3638,4105,545,143.0,0.0,143.0,1,77935.0,0.0003087141707765255,5.693924165802236,0.01834862385321101,0.0005421817393190197,1.8045787315492143,77935.0,11.179022204655023,-0.3526306639851784
Tan Boon Tin Agency,Tan Boon Tin Agency,1,440056,,BEDOK,EAST REGION,residential,276990,21.734,12744.6,1,0,,unique,1.30560569433107,103.91537607851,375645,6545,0,185487,0,50,0.9829,1328736,13713,5165,224495,580296,71,0.9879,2705038,161380,27649,371899,679300,78,0.9395,0.0,13,46,59,1247,3809,2936,71.0,13713.0,78.17183787295741,1,229512.51599500296,0.0009091392321579698,16.768163997921594,0.020095367847411442,0.0031988722619822165,10.313289434974491,208456.0,29.900997660788704,5.32151462352393
Tan Kai Huat Provision Shop,Tan Kai Huat Provision Shop,1,530123,Authorised Retailer,HOUGANG,NORTH-EAST REGION,residential,227560,13.933,16332.4,1,0,,unique,1.35338313541393,103.886258951798,453621,3462,6463,54362,59091,60,0.9856,1598482,439355,115374,215798,96882,123,0.7692,2989319,1441841,150181,404200,205881,205,0.6689,11.0,10,30,40,1791,4100,2392,123.0,439355.0,352.780706531992,1,843851.4500245248,0.003342643236708665,61.651711857854615,0.016722408026755852,0.002168726957276079,-2.7575263357141164,294216.0,42.20244045633903,-0.3390278637044577
Tan Wee Fong Trading,Tan Wee Fong Trading,1,330024,Authorised Retailer,KALLANG,CENTRAL REGION,residential,101290,8.5847,11798.9,1,0,,unique,1.31862347782977,103.862324355167,360903,153163,5486,34562,12692,72,0.6999,1314326,511253,16062,168596,194889,193,0.718,2649674,941614,122501,472312,340717,372,0.73,11.0,34,108,142,1967,4167,2216,193.0,511253.0,460.3830400396047,0,1020208.816727764,0.004041225622313619,74.5363653779524,0.06407942238267147,0.007698980698330081,7.814219917536052,427688.0,61.347708329563076,10.29716187312399
Tay Ah Tho Trading,Tay Ah Tho Trading,1,730768,Authorised Retailer,WOODLANDS,NORTH REGION,mixed,255130,13.6125,18742.3,1,0,,unique,1.44571784134906,103.798166316676,446975,83871,14533,75829,22582,114,0.8329,1357372,742925,64283,145087,95631,312,0.6419,2101703,2114405,64283,589709,234476,506,0.4985,11.0,10,45,55,1264,4162,2919,312.0,742925.0,700.5464633389404,0,2044895.126486367,0.008100187377920023,149.3998559983569,0.01884206920178143,0.0029819995662546087,-7.723181521255521,910728.0,130.63512586644077,-6.617493904415274
Tay Sui Lan Agency,Tay Sui Lan Agency,1,049317,Authorised Retailer,DOWNTOWN CORE,CENTRAL REGION,commercial,3190,5.0836,627.5,1,0,,unique,1.283619583733,103.852068945868,4716,210061,0,21839,103962,0,0.022,39471,609192,40030,168689,371974,11,0.0864,234408,1398690,153075,309499,1282639,47,0.1741,11.0,26,97,123,1214,4169,2969,11.0,609192.0,329.6047004669055,0,978596.3556862425,0.003876391383468379,71.49616267669079,0.04142809026608286,0.006668835393623943,6.091134944375297,32659.0,4.684617773552684,54.66434267452111
Teo Khar Bee Agency,Teo Khar Bee Agency,1,150084,Authorised Retailer,RIVER VALLEY,CENTRAL REGION,residential,10070,1.4757,6823.9,2,1,150084,concurrent,1.28708575062296,103.818851050403,368798,24236,67739,63224,41070,65,0.8739,1088152,358261,76756,365622,231258,170,0.7396,3164177,618383,126208,553072,681676,439,0.8257,0.0,11,45,56,1270,3843,2913,170.0,358261.0,357.3689060164514,1,1041015.6232259228,0.0041236450232834876,76.05650880944064,0.01922416752488843,0.0030362177401865105,-2.2997845151684295,495210.0,71.03308636642349,-1.7836835621058686
Teo Sook Cheng Agency,Teo Sook Cheng Agency,1,760293,Authorised Retailer,YISHUN,NORTH REGION,residential,221610,21.011,10547.3,1,0,,unique,1.43611425409216,103.837605235958,438840,31707,33665,115007,24455,85,0.9037,1053516,550424,42669,198397,84650,233,0.6528,2519163,557385,201084,422625,249958,485,0.7993,11.0,24,96,120,1329,4160,2854,233.0,550424.0,520.86929843103,0,1486560.9777221596,0.0058885281265957205,108.60801276693147,0.04204625087596356,0.006506180871828237,1.0931218010884731,664982.0,95.3852382587529,2.5203163216903337
Thiam Hoon Traders,Thiam Hoon Traders,1,150123,,QUEENSTOWN,CENTRAL REGION,residential,95930,21.684,4424.0,1,0,,unique,1.28685131551792,103.804019034892,225780,142052,57388,140509,222,30,0.5985,1595147,427380,57388,196402,258333,121,0.7807,2629945,988898,64804,441877,809730,314,0.7227,0.0,11,37,48,1229,3362,2954,121.0,427380.0,344.5178349117291,1,1017705.6843292478,0.004031310276926415,74.3534867476308,0.016249153689911984,0.002602472348731295,-3.056239707408581,357434.0,51.27045130812426,-0.4567453318835503
Tong Aik Huat,Tong Aik Huat,1,530685,Authorised Retailer,HOUGANG,NORTH-EAST REGION,residential,227560,13.933,16332.4,1,0,,unique,1.37518092664617,103.886022660348,519059,0,0,101110,18847,120,1.0,1738647,24019,72424,471914,172893,355,0.9672,3574011,353627,160767,846480,413277,625,0.8938,11.0,35,193,228,1253,4177,2930,355.0,24019.0,367.5618299329515,0,1076956.161703548,0.004266011784473991,78.68232135283829,0.07781569965870307,0.01236174365647365,16.833431164693025,1040150.0,149.19946039869023,6.451275150413375
Tuas View,Tuas View,1,639591,,PIONEER,WEST REGION,commercial,80,12.2198,6.5,1,0,,unique,1.31720416073204,103.652208670485,0,552087,0,0,0,0,0.0,0,3946306,0,0,0,0,0.0,0,6699109,0,4977,0,0,0.0,0.0,6,41,47,1925,3451,2258,0.0,3946306.0,2063.9004469539195,1,4660287.209221951,0.018460213015659237,340.480168860819,0.020814880425155006,0.0025482541747993926,-15.90496982327353,0.0,0.0,
Tuck Lee Long,Tuck Lee Long,1,560159,Authorised Retailer,ANG MO KIO,NORTH-EAST REGION,residential,162280,13.9426,11639.2,1,0,,unique,1.37479893193043,103.839858129785,323029,0,54330,45338,223116,60,0.928,1635982,0,214311,292779,311195,207,0.9421,3250210,84974,214311,829109,738650,319,0.9459,11.0,13,50,63,1309,4128,2874,207.0,0.0,207.0,1,594918.0,0.0023565742869061266,43.4646561476966,0.021920668058455117,0.0034157449577098243,2.963145216861345,594918.0,85.335234900224,-2.417833163554532
U Stars Keat Hong Link,U Stars Keat Hong Link,1,680817,Authorised Retailer,CHOA CHU KANG,WEST REGION,residential,192070,6.1173,31397.9,1,0,,unique,1.37754385007462,103.749700036701,380917,0,32839,142915,18819,86,0.9603,1615927,24169,40241,406272,110792,268,0.9736,2951667,45591,139189,617204,690363,446,0.9633,12.0,4,7,11,3458,4046,725,268.0,24169.0,280.6402792643118,1,203464.20246662607,0.0008059573047692507,14.86507652916406,0.015172413793103448,0.0005963999132509217,-1.0024772433547955,194300.0,27.870456333668713,-3.195617496183514
U Stars Sumang Walk,U Stars Sumang Walk,1,820218,,PUNGGOL,NORTH-EAST REGION,residential,174450,9.3743,18609.4,1,0,,unique,1.40322712524584,103.89538702242,394774,0,0,101285,31224,92,1.0,1238607,12497,29989,338280,227155,261,0.9785,2364387,25455,110433,587423,624229,584,0.9677,0.0,5,2,7,3411,3950,772,261.0,12497.0,267.5358752933967,1,206537.69572650225,0.0008181319493206065,15.089625673269268,0.009067357512953367,0.0003795272175233138,-2.0825200577857124,201492.0,28.90207919497466,-4.073997907693698
Uni-Foto Pte Ltd,Uni-Foto Pte Ltd,1,238875,,ORCHARD,CENTRAL REGION,mixed,920,0.9575,960.8,1,0,,unique,1.30694456840806,103.829339596247,341370,170317,43580,0,28645,0,0.654,1474798,429651,64950,139697,29518,0,0.7653,3749920,565269,80998,341946,58321,0,0.8622,0.0,12,31,43,1692,3550,2491,0.0,429651.0,224.70555778852386,1,559741.544451213,0.002217234191883337,40.89466743509627,0.017262143717382578,0.002331381479071785,0.3292208771822731,0.0,0.0,
Vitatron & Medical Co,Vitatron & Medical Co,1,058963,Authorised Retailer,OUTRAM,CENTRAL REGION,commercial,18340,1.3732,13355.8,1,0,,unique,1.28294362973161,103.843328882556,63193,240311,67324,45469,89775,20,0.2612,371485,834828,145362,253396,219515,66,0.3286,1141075,1221787,191117,620892,780196,172,0.4842,11.0,15,55,70,1194,4181,2989,66.0,834828.0,502.61132267230334,0,1502305.2434675146,0.005950893917884134,109.75828742145497,0.0234192037470726,0.003795272175233138,-3.794975775277272,197274.0,28.297047878374485,7.839642067029223
Wanrise,Wanrise,1,380047,Authorised Retailer,GEYLANG,CENTRAL REGION,mixed,110110,9.6448,11416.5,1,0,,unique,1.31794121263529,103.879025382959,207641,167670,0,57513,8765,24,0.5533,1253370,755141,3412,250094,74766,111,0.6238,2673301,1390029,11290,373181,290299,286,0.6575,11.0,24,68,92,1414,4160,2769,111.0,755141.0,505.93537688492216,0,1400935.0585943495,0.0055493488795241895,102.35219073394416,0.033224990971469845,0.004988072001734982,-1.0232545718202106,307359.0,44.087676728049836,7.215868722791305
Warriors Football Club (S),Warriors Football Club (S),1,689236,,CHOA CHU KANG,WEST REGION,residential,192070,6.1173,31397.9,1,0,,unique,1.39059559281482,103.748024129362,255774,0,0,38536,222291,45,1.0,1139583,50920,8500,239941,337539,197,0.954,2423373,288012,47724,397694,422079,474,0.887,0.0,1,7,8,2190,3687,1993,197.0,50920.0,223.63093301910536,1,445696.449507077,0.0017654816170862748,32.562542945539256,0.004014049172102358,0.00043374539145521576,-4.304415338816689,392621.0,56.31768623870995,-6.438485579819805
Wong Teck Chow Enterprise (Private) Limited,Wong Teck Chow Enterprise (Private) Limited,1,188061,Authorised Retailer,ROCHOR,CENTRAL REGION,commercial,13120,1.5885,8259.6,1,0,,unique,1.30197196437956,103.857804288546,95284,246040,60183,49415,33143,15,0.3123,373194,829664,197300,229230,136961,93,0.337,1043939,1611784,202315,525906,728758,113,0.4007,10.0,11,15,26,1200,4050,2983,93.0,829664.0,526.9105736913398,1,1571774.2413212666,0.006226072772918423,114.83368622370739,0.008716057660073752,0.0014096725222294514,-8.289780490826848,277419.0,39.79307321477119,-2.186539367548434
Xie Sheng Departmental Service Company,Xie Sheng Departmental Service Company,1,470632,Authorised Retailer,BEDOK,EAST REGION,residential,276990,21.734,12744.6,1,0,,unique,1.33205094618817,103.914145075793,452339,66334,38230,32225,60071,73,0.8466,1649917,482044,38230,231762,85407,168,0.7691,2962798,1023577,152954,332658,314872,321,0.7342,11.0,15,57,72,1253,4155,2930,168.0,482044.0,420.10686324158723,0,1230913.1092978506,0.0048758621907338245,89.93040224589465,0.024573378839590442,0.003903708523096942,-1.8907615609368364,492240.0,70.60706858304214,0.16576988769805204
Xie Sheng Departmental Service Company - City Plaza,Xie Sheng Departmental Service Company - City Plaza,1,409286,Authorised Retailer,GEYLANG,CENTRAL REGION,residential,110110,9.6448,11416.5,1,0,,unique,1.3147868971977,103.893472115119,299032,159188,24141,26428,20204,13,0.645,1340359,364868,70685,153858,58240,83,0.7746,3625153,874896,85623,418693,130440,254,0.7999,11.0,0,1,1,4144,4144,39,83.0,364868.0,273.8243375651008,0,10679.14916503893,4.2301978303507e-05,0.7802176878298831,0.02564102564102564,5.421817393190197e-05,0.24881974583024175,3237.0,0.4643163517863388,0.7861427262359983
Yeo Soon Huat,Yeo Soon Huat,1,310070,Authorised Retailer,TOA PAYOH,CENTRAL REGION,residential,121850,8.1802,14895.7,2,1,310070,concurrent,1.33444874946936,103.852333287558,415070,82015,45015,52340,86166,88,0.8072,1587824,282645,50722,200471,230096,323,0.8397,3276366,469329,165152,749404,354341,533,0.8589,0.0,11,27,38,1817,3733,2366,323.0,282645.0,470.8220750821884,1,1113965.0296444579,0.004412610385587174,81.38618595176985,0.016060862214708368,0.002060290609412275,-4.809236395448288,764218.0,109.61968295627193,-6.840504348716148
